[08/21 08:47:21][INFO] train.py:  84: Namespace(config_file='configs/x3d-s_clipgcn_tensor_cross_subject_70_10_20_zsl_50_5_182.yaml', log_step=None, save_step=None, eval_step=None, resume=False, use_tensorboard=True, gpus=-1, nodes=-1, nr=-1, init_method='tcp://localhost:39132', opts=['OUTPUT_DIR', 'outputs/x3d-s_clipgcn_tensor_cs_70_10_20_zsl_40_15_coco17_182', 'DATASETS.TRAIN.DATA_DIR', 'data/clipgcn_tensor_cs_70_10_20_zsl_40_15_coco17', 'DATASETS.TRAIN.ANNOTATION_DIR', 'data/clipgcn_tensor_cs_70_10_20_zsl_40_15_coco17', 'DATASETS.TEST.DATA_DIR', 'data/clipgcn_tensor_cs_70_10_20_zsl_40_15_coco17', 'DATASETS.TEST.ANNOTATION_DIR', 'data/clipgcn_tensor_cs_70_10_20_zsl_40_15_coco17', 'TEST.CHECKPOINT', 'outputs/x3d-s_clipgcn_tensor_cs_70_10_20_zsl_40_15_coco17_182/model_final.pth', 'TEST.OUTPUT_DIR', 'outputs/x3d-s_clipgcn_tensor_cs_70_10_20_zsl_40_15_coco17_182/test'])
[08/21 08:47:55][INFO] train.py:  86: Environment info:
----------------------  ------------------------------------------------------------------------------------
sys.platform            linux
Python                  3.10.19 (main, Oct 21 2025, 16:43:05) [GCC 11.2.0]
numpy                   1.26.4
PyTorch                 2.5.1+cu118 @/root/miniconda3/envs/clipgcn/lib/python3.10/site-packages/torch
PyTorch debug build     False
GPU available           True
GPU 0                   Tesla V100-PCIE-32GB
CUDA_HOME               None
Pillow                  12.0.0
torchvision             0.20.1+cu118 @/root/miniconda3/envs/clipgcn/lib/python3.10/site-packages/torchvision
torchvision arch flags  /root/miniconda3/envs/clipgcn/lib/python3.10/site-packages/torchvision/_C.so
cv2                     4.13.0
----------------------  ------------------------------------------------------------------------------------
PyTorch built with:
  - GCC 9.3
  - C++ Version: 201703
  - Intel(R) oneAPI Math Kernel Library Version 2024.2-Product Build 20240605 for Intel(R) 64 architecture applications
  - Intel(R) MKL-DNN v3.5.3 (Git Hash 66f0cb9eb66affd2da3bf5f8d897376f04aae6af)
  - OpenMP 201511 (a.k.a. OpenMP 4.5)
  - LAPACK is enabled (usually provided by MKL)
  - NNPACK is enabled
  - CPU capability usage: AVX2
  - CUDA Runtime 11.8
  - NVCC architecture flags: -gencode;arch=compute_50,code=sm_50;-gencode;arch=compute_60,code=sm_60;-gencode;arch=compute_70,code=sm_70;-gencode;arch=compute_75,code=sm_75;-gencode;arch=compute_80,code=sm_80;-gencode;arch=compute_86,code=sm_86;-gencode;arch=compute_37,code=sm_37;-gencode;arch=compute_90,code=sm_90
  - CuDNN 90.1
  - Magma 2.6.1
  - Build settings: BLAS_INFO=mkl, BUILD_TYPE=Release, CUDA_VERSION=11.8, CUDNN_VERSION=9.1.0, CXX_COMPILER=/opt/rh/devtoolset-9/root/usr/bin/c++, CXX_FLAGS= -D_GLIBCXX_USE_CXX11_ABI=0 -fabi-version=11 -fvisibility-inlines-hidden -DUSE_PTHREADPOOL -DNDEBUG -DUSE_KINETO -DLIBKINETO_NOROCTRACER -DLIBKINETO_NOXPUPTI=ON -DUSE_FBGEMM -DUSE_PYTORCH_QNNPACK -DUSE_XNNPACK -DSYMBOLICATE_MOBILE_DEBUG_HANDLE -O2 -fPIC -Wall -Wextra -Werror=return-type -Werror=non-virtual-dtor -Werror=bool-operation -Wnarrowing -Wno-missing-field-initializers -Wno-type-limits -Wno-array-bounds -Wno-unknown-pragmas -Wno-unused-parameter -Wno-strict-overflow -Wno-strict-aliasing -Wno-stringop-overflow -Wsuggest-override -Wno-psabi -Wno-error=old-style-cast -Wno-missing-braces -fdiagnostics-color=always -faligned-new -Wno-unused-but-set-variable -Wno-maybe-uninitialized -fno-math-errno -fno-trapping-math -Werror=format -Wno-stringop-overflow, LAPACK_INFO=mkl, PERF_WITH_AVX=1, PERF_WITH_AVX2=1, TORCH_VERSION=2.5.1, USE_CUDA=ON, USE_CUDNN=ON, USE_CUSPARSELT=1, USE_EXCEPTION_PTR=1, USE_GFLAGS=OFF, USE_GLOG=OFF, USE_GLOO=ON, USE_MKL=ON, USE_MKLDNN=ON, USE_MPI=OFF, USE_NCCL=1, USE_NNPACK=ON, USE_OPENMP=ON, USE_ROCM=OFF, USE_ROCM_KERNEL_ASSERT=OFF, 

[08/21 08:47:55][INFO] train.py:  87: Loaded configuration file configs/x3d-s_clipgcn_tensor_cross_subject_70_10_20_zsl_50_5_182.yaml
[08/21 08:47:55][INFO] train.py:  91: 
NUM_GPUS: 1
NUM_NODES: 1
RANK_ID: 0
DIST_BACKEND: "nccl"
RNG_SEED: 1
OUTPUT_DIR: 'outputs/x3d-s_clipgcn_tensor_cs_70_10_20_zsl_50_5_182'
TRAIN:
  MAX_ITER: 12000
  LOG_STEP: 10
  SAVE_STEP: 500
  EVAL_STEP: 500
  RESUME: False
  USE_TENSORBOARD: True
  MIXED_PRECISION: True
TEST:
  CHECKPOINT: 'outputs/x3d-s_clipgcn_tensor_cs_70_10_20_zsl_50_5_182/model_final.pth'
  OUTPUT_DIR: 'outputs/x3d-s_clipgcn_tensor_cs_70_10_20_zsl_50_5_182/test'
  SPLIT: 'test'
DATASETS:
  MODALITY: 'RGB'
  TYPE: 'TensorClip'
  SAMPLE_STRATEGY: 'DenseSample'
  CLIP_LEN: 1
  FRAME_INTERVAL: 6
  NUM_CLIPS: 13
  NUM_SAMPLE_POSITIONS: 1
  TRAIN:
    NAME: 'CLIPGCN_TENSOR'
    DATA_DIR: 'data/clipgcn_tensor_cs_70_10_20_zsl_50_5'
    ANNOTATION_DIR: 'data/clipgcn_tensor_cs_70_10_20_zsl_50_5'
    SPLIT: 1
  TEST:
    NAME: 'CLIPGCN_TENSOR'
    DATA_DIR: 'data/clipgcn_tensor_cs_70_10_20_zsl_50_5'
    ANNOTATION_DIR: 'data/clipgcn_tensor_cs_70_10_20_zsl_50_5'
    SPLIT: 1
    SPLIT_NAME: 'val'
TRANSFORM:
  MEAN: (0.485, 0.456, 0.406)
  STD: (0.229, 0.224, 0.225)
  TRAIN:
    SCALE_JITTER: (182, 228)
    RANDOM_HORIZONTAL_FLIP: True
    COLOR_JITTER: (0.1, 0.1, 0.1, 0.1)
    RANDOM_ROTATION: 10
    RANDOM_CROP: True
    CENTER_CROP: False
    TRAIN_CROP_SIZE: 182
    RANDOM_ERASING: True
    TENSOR_AUGMENTATION: True
    TENSOR_CROP_SCALE: (0.70, 1.0)
    TENSOR_CROP_RATIO: (0.85, 1.15)
    TENSOR_ERASING_PROB: 0.25
    TENSOR_NOISE_STD: 0.01
    TENSOR_RESIZE_SIZE: 182
  TEST:
    SHORTER_SIDE: 182
    CENTER_CROP: True
    THREE_CROP: False
    TEST_CROP_SIZE: 182
    TENSOR_RESIZE_SIZE: 182
DATALOADER:
  TRAIN_BATCH_SIZE: 64
  TEST_BATCH_SIZE: 64
  NUM_WORKERS: 16
  PERSISTENT_WORKERS: True
  PREFETCH_FACTOR: 4
MODEL:
  NAME: 'X3D_S'
  PRETRAINED: 'pretrained/x3d_s.pyth'
  SYNC_BN: False
  CONV_LAYER: 'Conv3d'
  POOL_LAYER: 'MaxPool3d'
  NORM_LAYER: 'BatchNorm3d'
  ACT_LAYER: 'ReLU'
  BACKBONE:
    NAME: 'X3D'
    IN_CHANNELS: 3
    PARTIAL_BN: False
    TORCHVISION_PRETRAINED: False
    ZERO_INIT_RESIDUAL: True
    BASE_CHANNEL: 24
    CONV1_KERNEL: (3, 3, 3)
    CONV1_STRIDE: (1, 2, 2)
    CONV1_PADDING: (1, 1, 1)
    WITH_POOL1: False
    WITH_POOL2: False
    STAGE_BLOCKS: (3, 5, 11, 7)
    RES_PLANES: (54, 108, 216, 432)
    EXPANSION: 0.445
    SPATIAL_STRIDES: (2, 2, 2, 2)
    INFLATES: (1,1,1,1)
    INFLATE_STYLE: '3x3x3'
  HEAD:
    NAME: 'X3DHead'
    FEATURE_DIMS: 192
    DROPOUT: 0.5
    NUM_CLASSES: 55
    CONV5_CHANNELS: 432
    POOL5_KERNEL: (13, 5, 5)
  RECOGNIZER:
    NAME: 'OfficialX3DRecognizer'
  CONSENSU:
    NAME: 'AvgConsensus'
  CRITERION:
    NAME: 'CrossEntropyLoss'
    LABEL_SMOOTHING: 0.1
OPTIMIZER:
  NAME: 'SGD'
  LR: 1e-3
  WEIGHT_DECAY: 1e-4
  SGD:
    MOMENTUM: 0.9
LR_SCHEDULER:
  NAME: 'MultiStepLR'
  IS_WARMUP: True
  GAMMA: 0.1
  MULTISTEP_LR:
    MILESTONES: [ 6000, 10000 ]
  WARMUP:
    ITERATION: 400
    MULTIPLIER: 1.0

[08/21 08:47:55][INFO] train.py:  92: Running with config:
DATALOADER:
  NUM_WORKERS: 16
  PERSISTENT_WORKERS: true
  PREFETCH_FACTOR: 4
  TEST_BATCH_SIZE: 64
  TRAIN_BATCH_SIZE: 64
DATASETS:
  CLIP_LEN: 1
  DECODING_BACKEND: pyav
  ENABLE_MULTI_THREAD_DECODE: false
  FRAME_INTERVAL: 6
  MODALITY: RGB
  NUM_CLIPS: 13
  NUM_SAMPLE_POSITIONS: 1
  SAMPLE_STRATEGY: DenseSample
  TEST:
    ANNOTATION_DIR: data/clipgcn_tensor_cs_70_10_20_zsl_40_15_coco17
    DATA_DIR: data/clipgcn_tensor_cs_70_10_20_zsl_40_15_coco17
    NAME: CLIPGCN_TENSOR
    SPLIT: 1
    SPLIT_NAME: val
  TRAIN:
    ANNOTATION_DIR: data/clipgcn_tensor_cs_70_10_20_zsl_40_15_coco17
    DATA_DIR: data/clipgcn_tensor_cs_70_10_20_zsl_40_15_coco17
    NAME: CLIPGCN_TENSOR
    SPLIT: 1
  TYPE: TensorClip
DIST_BACKEND: nccl
LR_SCHEDULER:
  COSINE_ANNEALING_LR:
    MINIMAL_LR: 0.0003
  GAMMA: 0.1
  IS_WARMUP: true
  MULTISTEP_LR:
    MILESTONES:
    - 6000
    - 10000
  NAME: MultiStepLR
  STEP_LR:
    STEP_SIZE: 10000
  WARMUP:
    ITERATION: 400
    MULTIPLIER: 1.0
MODEL:
  ACT_LAYER: ReLU
  BACKBONE:
    BASE_CHANNEL: 24
    CONV1_KERNEL:
    - 3
    - 3
    - 3
    CONV1_PADDING:
    - 1
    - 1
    - 1
    CONV1_STRIDE:
    - 1
    - 2
    - 2
    EXPANSION: 0.445
    INFLATES:
    - 1
    - 1
    - 1
    - 1
    INFLATE_STYLE: 3x3x3
    IN_CHANNELS: 3
    NAME: X3D
    PARTIAL_BN: false
    POOL1_KERNEL:
    - 3
    - 3
    - 3
    POOL1_STRIDE:
    - 2
    - 2
    - 2
    POOL2_KERNEL:
    - 3
    - 1
    - 1
    POOL2_STRIDE:
    - 2
    - 1
    - 1
    RES_PLANES:
    - 54
    - 108
    - 216
    - 432
    SPATIAL_STRIDES:
    - 2
    - 2
    - 2
    - 2
    STAGE_BLOCKS:
    - 3
    - 5
    - 11
    - 7
    TORCHVISION_PRETRAINED: false
    WITH_POOL1: false
    WITH_POOL2: false
    ZERO_INIT_RESIDUAL: true
  CONSENSU:
    NAME: AvgConsensus
  CONV_LAYER: Conv3d
  CRITERION:
    LABEL_SMOOTHING: 0.1
    NAME: CrossEntropyLoss
  HEAD:
    CONV5_CHANNELS: 432
    DROPOUT: 0.5
    FEATURE_DIMS: 192
    NAME: X3DHead
    NUM_CLASSES: 55
    POOL5_KERNEL:
    - 13
    - 5
    - 5
  NAME: X3D_S
  NORM_LAYER: BatchNorm3d
  POOL_LAYER: MaxPool3d
  PRETRAINED: pretrained/x3d_s.pyth
  RECOGNIZER:
    NAME: OfficialX3DRecognizer
  SYNC_BN: false
NUM_GPUS: 1
NUM_NODES: 1
OPTIMIZER:
  LR: 0.001
  NAME: SGD
  SGD:
    MOMENTUM: 0.9
  WEIGHT_DECAY: 0.0001
OUTPUT_DIR: outputs/x3d-s_clipgcn_tensor_cs_70_10_20_zsl_40_15_coco17_182
RANK_ID: 0
RNG_SEED: 1
TEST:
  CHECKPOINT: outputs/x3d-s_clipgcn_tensor_cs_70_10_20_zsl_40_15_coco17_182/model_final.pth
  OUTPUT_DIR: outputs/x3d-s_clipgcn_tensor_cs_70_10_20_zsl_40_15_coco17_182/test
  SPLIT: test
TRAIN:
  EVAL_STEP: 500
  LOG_STEP: 10
  MAX_ITER: 12000
  MIXED_PRECISION: true
  RESUME: false
  SAVE_STEP: 500
  USE_TENSORBOARD: true
TRANSFORM:
  MEAN:
  - 0.485
  - 0.456
  - 0.406
  STD:
  - 0.229
  - 0.224
  - 0.225
  TEST:
    CENTER_CROP: true
    SHORTER_SIDE: 182
    TENSOR_RESIZE_SIZE: 182
    TEST_CROP_SIZE: 182
    THREE_CROP: false
  TRAIN:
    CENTER_CROP: false
    COLOR_JITTER:
    - 0.1
    - 0.1
    - 0.1
    - 0.1
    RANDOM_CROP: true
    RANDOM_ERASING: true
    RANDOM_HORIZONTAL_FLIP: true
    RANDOM_ROTATION: 10
    SCALE_JITTER:
    - 182
    - 228
    TENSOR_AUGMENTATION: true
    TENSOR_CROP_RATIO:
    - 0.85
    - 1.15
    TENSOR_CROP_SCALE:
    - 0.7
    - 1.0
    TENSOR_ERASING_PROB: 0.25
    TENSOR_NOISE_STD: 0.01
    TENSOR_RESIZE_SIZE: 182
    TRAIN_CROP_SIZE: 182
VISUALIZATION:
  BUFFER_SIZE: 0
  CLIP_VIS_SIZE: 10
  COLORMAP: Pastel2
  COMMON_CLASS_NAMES:
  - watch (a person)
  - talk to (e.g., self, a person, a group)
  - listen to (a person)
  - touch (an object)
  - carry/hold (an object)
  - walk
  - sit
  - lie/sleep
  - bend/bow (at the waist)
  COMMON_CLASS_THRES: 0.7
  DISPLAY_HEIGHT: 0
  DISPLAY_WIDTH: 0
  ENABLE: false
  INPUT_FORMAT: BGR
  INPUT_VIDEO: ''
  LABEL_FILE_PATH: ''
  NUM_CLIPS_SKIP: 0
  NUM_VIS_INSTANCES: 2
  OUTPUT_FILE: ''
  OUTPUT_FPS: -1
  SLOWMO: 1
  THREAD_ENABLE: false
  UNCOMMON_CLASS_THRES: 0.3
  VIS_MODE: thres
  WEBCAM: -1

[08/21 08:47:55][INFO] train.py:  43: init start
[08/21 08:47:55][INFO] build.py:  34: load pretrained: pretrained/x3d_s.pyth
[08/21 08:47:55][INFO] checkpoint.py:  60: Loading checkpoint from pretrained/x3d_s.pyth
/workspace/X3D/tsn/util/checkpoint.py:133: FutureWarning: You are using `torch.load` with `weights_only=False` (the current default value), which uses the default pickle module implicitly. It is possible to construct malicious pickle data which will execute arbitrary code during unpickling (See https://github.com/pytorch/pytorch/blob/main/SECURITY.md#untrusted-models for more details). In a future release, the default value for `weights_only` will be flipped to `True`. This limits the functions that could be executed during unpickling. Arbitrary objects will no longer be allowed to be loaded via this mode unless they are explicitly allowlisted by the user via `torch.serialization.add_safe_globals`. We recommend you start setting `weights_only=True` for any use case where you don't have full control of the loaded file. Please open an issue on GitHub for any issues related to this experimental feature.
  return torch.load(f, map_location=map_location)
[08/21 08:47:56][INFO] checkpoint.py:  91: Skipped 2 incompatible checkpoint tensors: head.projection.weight, head.projection.bias
[08/21 08:47:56][INFO] checkpoint.py:  95: Missing 2 model tensors after checkpoint load: head.projection.weight, head.projection.bias
[08/21 08:47:56][INFO] build.py:  37: finish loading model weights
[08/21 08:47:56][INFO] train.py:  72: init end
/workspace/X3D/tsn/engine/trainer.py:35: FutureWarning: `torch.cuda.amp.GradScaler(args...)` is deprecated. Please use `torch.amp.GradScaler('cuda', args...)` instead.
  scaler = torch.cuda.amp.GradScaler(enabled=use_amp)
[08/21 08:47:57][INFO] trainer.py:  42: Start training ...
/workspace/X3D/tsn/engine/trainer.py:54: FutureWarning: `torch.cuda.amp.autocast(args...)` is deprecated. Please use `torch.amp.autocast('cuda', args...)` instead.
  with torch.cuda.amp.autocast(enabled=use_amp):
[08/21 08:48:31][INFO] trainer.py:  77: iter: 000010, lr: 0.00003, loss: 4.021531 (4.021531), tok1: 1.406 (1.406), tok5: 7.969 (7.969), time: 3.438 (3.438), eta: 11:26:55, mem: 16625M
[08/21 08:48:39][INFO] trainer.py:  77: iter: 000020, lr: 0.00005, loss: 4.025538 (4.023534), tok1: 0.469 (0.938), tok5: 7.344 (7.656), time: 0.828 (2.133), eta: 7:05:50, mem: 16625M
[08/21 08:48:48][INFO] trainer.py:  77: iter: 000030, lr: 0.00008, loss: 4.018215 (4.021761), tok1: 1.562 (1.146), tok5: 8.906 (8.073), time: 0.882 (1.716), eta: 5:42:17, mem: 16625M
[08/21 08:48:55][INFO] trainer.py:  77: iter: 000040, lr: 0.00010, loss: 4.010853 (4.019034), tok1: 1.875 (1.328), tok5: 9.375 (8.398), time: 0.724 (1.468), eta: 4:52:35, mem: 16625M
[08/21 08:49:03][INFO] trainer.py:  77: iter: 000050, lr: 0.00013, loss: 4.015774 (4.018382), tok1: 2.031 (1.469), tok5: 9.219 (8.562), time: 0.741 (1.322), eta: 4:23:23, mem: 16625M
[08/21 08:49:10][INFO] trainer.py:  77: iter: 000060, lr: 0.00015, loss: 3.998804 (4.015119), tok1: 1.250 (1.432), tok5: 10.625 (8.906), time: 0.723 (1.222), eta: 4:03:16, mem: 16625M
[08/21 08:49:17][INFO] trainer.py:  77: iter: 000070, lr: 0.00018, loss: 3.994454 (4.012167), tok1: 1.406 (1.429), tok5: 8.594 (8.862), time: 0.723 (1.151), eta: 3:48:52, mem: 16625M
[08/21 08:49:24][INFO] trainer.py:  77: iter: 000080, lr: 0.00020, loss: 3.966160 (4.006416), tok1: 1.875 (1.484), tok5: 13.353 (9.423), time: 0.705 (1.095), eta: 3:37:36, mem: 16625M
[08/21 08:49:32][INFO] trainer.py:  77: iter: 000090, lr: 0.00023, loss: 3.964467 (4.001755), tok1: 2.812 (1.632), tok5: 13.438 (9.869), time: 0.730 (1.055), eta: 3:29:21, mem: 16625M
[08/21 08:49:40][INFO] trainer.py:  77: iter: 000100, lr: 0.00025, loss: 3.935157 (3.995095), tok1: 2.969 (1.766), tok5: 19.062 (10.788), time: 0.873 (1.037), eta: 3:25:35, mem: 16625M
[08/21 08:49:50][INFO] trainer.py:  77: iter: 000110, lr: 0.00028, loss: 3.920279 (3.988294), tok1: 5.469 (2.102), tok5: 19.062 (11.541), time: 0.949 (1.029), eta: 3:23:49, mem: 16625M
[08/21 08:50:01][INFO] trainer.py:  77: iter: 000120, lr: 0.00030, loss: 3.897130 (3.980697), tok1: 6.094 (2.435), tok5: 23.906 (12.571), time: 1.145 (1.038), eta: 3:25:34, mem: 16625M
[08/21 08:50:09][INFO] trainer.py:  77: iter: 000130, lr: 0.00033, loss: 3.876314 (3.972667), tok1: 8.438 (2.897), tok5: 26.875 (13.671), time: 0.729 (1.014), eta: 3:20:41, mem: 16625M
[08/21 08:50:21][INFO] trainer.py:  77: iter: 000140, lr: 0.00035, loss: 3.864860 (3.964967), tok1: 8.281 (3.281), tok5: 27.031 (14.626), time: 1.213 (1.029), eta: 3:23:19, mem: 16625M
[08/21 08:50:34][INFO] trainer.py:  77: iter: 000150, lr: 0.00038, loss: 3.829572 (3.955941), tok1: 10.529 (3.764), tok5: 30.974 (15.716), time: 1.288 (1.046), eta: 3:26:33, mem: 16625M
[08/21 08:50:41][INFO] trainer.py:  77: iter: 000160, lr: 0.00040, loss: 3.806910 (3.946626), tok1: 12.344 (4.301), tok5: 35.469 (16.950), time: 0.774 (1.029), eta: 3:23:02, mem: 16625M
[08/21 08:50:50][INFO] trainer.py:  77: iter: 000170, lr: 0.00043, loss: 3.791308 (3.937490), tok1: 13.281 (4.829), tok5: 37.656 (18.168), time: 0.877 (1.020), eta: 3:21:06, mem: 16625M
[08/21 08:50:57][INFO] trainer.py:  77: iter: 000180, lr: 0.00045, loss: 3.760153 (3.927638), tok1: 16.250 (5.463), tok5: 40.781 (19.424), time: 0.724 (1.004), eta: 3:17:42, mem: 16625M
[08/21 08:51:13][INFO] trainer.py:  77: iter: 000190, lr: 0.00048, loss: 3.727079 (3.917082), tok1: 17.812 (6.113), tok5: 45.938 (20.820), time: 1.612 (1.036), eta: 3:23:50, mem: 16625M
[08/21 08:51:21][INFO] trainer.py:  77: iter: 000200, lr: 0.00050, loss: 3.692718 (3.905864), tok1: 19.688 (6.792), tok5: 47.812 (22.169), time: 0.726 (1.020), eta: 3:20:37, mem: 16625M
[08/21 08:51:28][INFO] trainer.py:  77: iter: 000210, lr: 0.00053, loss: 3.677592 (3.894994), tok1: 21.094 (7.473), tok5: 49.688 (23.480), time: 0.724 (1.006), eta: 3:17:41, mem: 16625M
[08/21 08:51:35][INFO] trainer.py:  77: iter: 000220, lr: 0.00055, loss: 3.633058 (3.883088), tok1: 23.438 (8.199), tok5: 55.156 (24.920), time: 0.757 (0.995), eta: 3:15:17, mem: 16625M
[08/21 08:51:43][INFO] trainer.py:  77: iter: 000230, lr: 0.00058, loss: 3.587911 (3.870254), tok1: 27.921 (9.056), tok5: 57.812 (26.350), time: 0.737 (0.984), eta: 3:12:55, mem: 16625M
[08/21 08:51:50][INFO] trainer.py:  77: iter: 000240, lr: 0.00060, loss: 3.562128 (3.857415), tok1: 25.156 (9.727), tok5: 58.438 (27.687), time: 0.726 (0.973), eta: 3:10:39, mem: 16625M
[08/21 08:51:58][INFO] trainer.py:  77: iter: 000250, lr: 0.00063, loss: 3.515620 (3.843743), tok1: 27.031 (10.419), tok5: 61.250 (29.029), time: 0.825 (0.967), eta: 3:09:20, mem: 16625M
[08/21 08:52:07][INFO] trainer.py:  77: iter: 000260, lr: 0.00065, loss: 3.476586 (3.829622), tok1: 30.000 (11.172), tok5: 60.625 (30.245), time: 0.860 (0.963), eta: 3:08:22, mem: 16625M
[08/21 08:52:15][INFO] trainer.py:  77: iter: 000270, lr: 0.00068, loss: 3.415417 (3.814281), tok1: 33.438 (11.997), tok5: 63.750 (31.485), time: 0.778 (0.956), eta: 3:06:53, mem: 16625M
[08/21 08:52:26][INFO] trainer.py:  77: iter: 000280, lr: 0.00070, loss: 3.359168 (3.798027), tok1: 37.500 (12.908), tok5: 70.312 (32.872), time: 1.109 (0.961), eta: 3:07:47, mem: 16625M
[08/21 08:52:36][INFO] trainer.py:  77: iter: 000290, lr: 0.00073, loss: 3.296516 (3.780733), tok1: 37.656 (13.761), tok5: 69.375 (34.131), time: 0.976 (0.962), eta: 3:07:43, mem: 16625M
[08/21 08:52:42][INFO] trainer.py:  77: iter: 000300, lr: 0.00075, loss: 3.237884 (3.762639), tok1: 38.305 (14.579), tok5: 72.007 (35.393), time: 0.687 (0.953), eta: 3:05:46, mem: 16625M
[08/21 08:52:53][INFO] trainer.py:  77: iter: 000310, lr: 0.00078, loss: 3.163458 (3.743310), tok1: 41.094 (15.435), tok5: 73.125 (36.611), time: 1.067 (0.956), eta: 3:06:20, mem: 16625M
[08/21 08:53:03][INFO] trainer.py:  77: iter: 000320, lr: 0.00080, loss: 3.087605 (3.722819), tok1: 42.812 (16.290), tok5: 75.938 (37.840), time: 0.996 (0.958), eta: 3:06:25, mem: 16625M
[08/21 08:53:10][INFO] trainer.py:  77: iter: 000330, lr: 0.00083, loss: 3.007141 (3.701132), tok1: 42.344 (17.080), tok5: 77.188 (39.032), time: 0.726 (0.951), eta: 3:04:54, mem: 16625M
[08/21 08:53:20][INFO] trainer.py:  77: iter: 000340, lr: 0.00085, loss: 2.932129 (3.678514), tok1: 43.438 (17.855), tok5: 79.062 (40.209), time: 0.917 (0.950), eta: 3:04:33, mem: 16625M
[08/21 08:53:27][INFO] trainer.py:  77: iter: 000350, lr: 0.00088, loss: 2.874365 (3.655539), tok1: 44.219 (18.608), tok5: 80.156 (41.351), time: 0.725 (0.943), eta: 3:03:08, mem: 16625M
[08/21 08:53:36][INFO] trainer.py:  77: iter: 000360, lr: 0.00090, loss: 2.781037 (3.631247), tok1: 47.344 (19.406), tok5: 80.000 (42.424), time: 0.912 (0.942), eta: 3:02:49, mem: 16625M
[08/21 08:53:47][INFO] trainer.py:  77: iter: 000370, lr: 0.00093, loss: 2.700962 (3.606104), tok1: 49.808 (20.228), tok5: 80.096 (43.442), time: 1.096 (0.947), eta: 3:03:28, mem: 16625M
[08/21 08:53:55][INFO] trainer.py:  77: iter: 000380, lr: 0.00095, loss: 2.579888 (3.579098), tok1: 53.750 (21.110), tok5: 85.781 (44.557), time: 0.768 (0.942), eta: 3:02:24, mem: 16625M
[08/21 08:54:04][INFO] trainer.py:  77: iter: 000390, lr: 0.00098, loss: 2.567324 (3.553155), tok1: 52.812 (21.923), tok5: 82.031 (45.517), time: 0.951 (0.942), eta: 3:02:17, mem: 16625M
[08/21 08:54:13][INFO] trainer.py:  77: iter: 000400, lr: 0.00100, loss: 2.448323 (3.525535), tok1: 55.000 (22.750), tok5: 85.156 (46.508), time: 0.895 (0.941), eta: 3:01:54, mem: 16625M
[08/21 08:54:20][INFO] trainer.py:  77: iter: 000410, lr: 0.00100, loss: 2.411007 (3.498351), tok1: 54.844 (23.533), tok5: 84.375 (47.432), time: 0.730 (0.936), eta: 3:00:45, mem: 16625M
[08/21 08:54:31][INFO] trainer.py:  77: iter: 000420, lr: 0.00100, loss: 2.344206 (3.470871), tok1: 54.531 (24.271), tok5: 84.688 (48.319), time: 1.054 (0.939), eta: 3:01:08, mem: 16625M
[08/21 08:54:38][INFO] trainer.py:  77: iter: 000430, lr: 0.00100, loss: 2.268178 (3.442902), tok1: 55.625 (25.000), tok5: 86.562 (49.208), time: 0.727 (0.934), eta: 3:00:02, mem: 16625M
[08/21 08:54:46][INFO] trainer.py:  77: iter: 000440, lr: 0.00100, loss: 2.149781 (3.413513), tok1: 60.938 (25.817), tok5: 91.719 (50.175), time: 0.822 (0.931), eta: 2:59:23, mem: 16625M
[08/21 08:54:57][INFO] trainer.py:  77: iter: 000450, lr: 0.00100, loss: 2.150588 (3.385448), tok1: 59.279 (26.560), tok5: 88.221 (51.020), time: 1.043 (0.934), eta: 2:59:43, mem: 16625M
[08/21 08:55:05][INFO] trainer.py:  77: iter: 000460, lr: 0.00100, loss: 2.034231 (3.356073), tok1: 64.688 (27.389), tok5: 90.156 (51.871), time: 0.787 (0.930), eta: 2:58:57, mem: 16625M
[08/21 08:55:14][INFO] trainer.py:  77: iter: 000470, lr: 0.00100, loss: 2.023079 (3.327712), tok1: 61.406 (28.113), tok5: 91.875 (52.722), time: 0.909 (0.930), eta: 2:58:42, mem: 16625M
[08/21 08:55:23][INFO] trainer.py:  77: iter: 000480, lr: 0.00100, loss: 2.027640 (3.300627), tok1: 62.031 (28.820), tok5: 88.750 (53.473), time: 0.963 (0.931), eta: 2:58:41, mem: 16625M
[08/21 08:55:31][INFO] trainer.py:  77: iter: 000490, lr: 0.00100, loss: 1.976397 (3.273602), tok1: 65.781 (29.574), tok5: 90.625 (54.231), time: 0.747 (0.927), eta: 2:57:48, mem: 16625M
[08/21 08:55:41][INFO] trainer.py:  77: iter: 000500, lr: 0.00100, loss: 1.988390 (3.247898), tok1: 64.062 (30.264), tok5: 89.062 (54.927), time: 1.019 (0.929), eta: 2:58:00, mem: 16625M
[08/21 08:55:41][INFO] checkpoint.py:  46: Saving checkpoint to outputs/x3d-s_clipgcn_tensor_cs_70_10_20_zsl_40_15_coco17_182/model_000500.pth
[08/21 08:55:41][INFO] inference.py:  51: Evaluating CLIPGCN_TENSOR dataset(399 video clips):
  0%|          | 0/7 [00:00<?, ?it/s] 14%|█▍        | 1/7 [00:09<00:59,  9.97s/it] 29%|██▊       | 2/7 [00:10<00:23,  4.66s/it] 43%|████▎     | 3/7 [00:11<00:10,  2.63s/it] 57%|█████▋    | 4/7 [00:11<00:05,  1.68s/it] 71%|███████▏  | 5/7 [00:11<00:02,  1.15s/it] 86%|████████▌ | 6/7 [00:11<00:00,  1.20it/s]100%|██████████| 7/7 [00:11<00:00,  1.69s/it]
[08/21 08:55:53][INFO] inference.py:  61: 
total - top1 acc: 64.048 top5 acc: 91.012
0   - A001                 - acc: 20.00
1   - A002                 - acc: 30.00
2   - A003                 - acc: 20.00
3   - A004                 - acc: 50.00
4   - A005                 - acc: 80.00
5   - A006                 - acc: 0.0
6   - A007                 - acc: 30.00
7   - A008                 - acc: 0.0
8   - A009                 - acc: 30.00
9   - A010                 - acc: 90.00
10  - A011                 - acc: 0.0
11  - A012                 - acc: 70.00
12  - A013                 - acc: 0.0
13  - A014                 - acc: 60.00
14  - A015                 - acc: 20.00
15  - A016                 - acc: 80.00
16  - A017                 - acc: 70.00
17  - A018                 - acc: 0.0
18  - A019                 - acc: 0.0
19  - A020                 - acc: 90.00
20  - A021                 - acc: 60.00
21  - A022                 - acc: 0.0
22  - A023                 - acc: 90.00
23  - A024                 - acc: 100.00
24  - A025                 - acc: 0.0
25  - A026                 - acc: 90.00
26  - A027                 - acc: 90.00
27  - A028                 - acc: 60.00
28  - A029                 - acc: 0.0
29  - A030                 - acc: 0.0
30  - A031                 - acc: 0.0
31  - A032                 - acc: 50.00
32  - A033                 - acc: 90.00
33  - A034                 - acc: 50.00
34  - A035                 - acc: 0.0
35  - A036                 - acc: 30.00
36  - A037                 - acc: 80.00
37  - A038                 - acc: 10.00
38  - A039                 - acc: 60.00
39  - A040                 - acc: 90.00
40  - A041                 - acc: 70.00
41  - A042                 - acc: 100.00
42  - A043                 - acc: 10.00
43  - A044                 - acc: 70.00
44  - A045                 - acc: 80.00
45  - A046                 - acc: 80.00
46  - A047                 - acc: 0.0
47  - A048                 - acc: 0.0
48  - A049                 - acc: 70.00
49  - A050                 - acc: 33.33
50  - A051                 - acc: 20.00
51  - A052                 - acc: 90.00
52  - A053                 - acc: 100.00
53  - A054                 - acc: 0.0
54  - A055                 - acc: 100.00

[08/21 08:56:01][INFO] trainer.py:  77: iter: 000510, lr: 0.00100, loss: 1.949995 (3.222449), tok1: 64.531 (30.936), tok5: 89.375 (55.603), time: 1.987 (0.950), eta: 3:01:50, mem: 16625M
[08/21 08:56:08][INFO] trainer.py:  77: iter: 000520, lr: 0.00100, loss: 1.894707 (3.196915), tok1: 64.748 (31.586), tok5: 90.962 (56.283), time: 0.686 (0.944), eta: 3:00:42, mem: 16625M
[08/21 08:56:15][INFO] trainer.py:  77: iter: 000530, lr: 0.00100, loss: 1.835698 (3.171232), tok1: 65.938 (32.234), tok5: 93.438 (56.984), time: 0.735 (0.941), eta: 2:59:47, mem: 16625M
[08/21 08:56:22][INFO] trainer.py:  77: iter: 000540, lr: 0.00100, loss: 1.828825 (3.146372), tok1: 66.719 (32.873), tok5: 93.594 (57.662), time: 0.727 (0.937), eta: 2:58:52, mem: 16625M
[08/21 08:56:30][INFO] trainer.py:  77: iter: 000550, lr: 0.00100, loss: 1.813751 (3.122143), tok1: 69.531 (33.539), tok5: 91.875 (58.284), time: 0.739 (0.933), eta: 2:58:02, mem: 16625M
[08/21 08:56:37][INFO] trainer.py:  77: iter: 000560, lr: 0.00100, loss: 1.789159 (3.098340), tok1: 67.656 (34.148), tok5: 92.656 (58.898), time: 0.737 (0.929), eta: 2:57:13, mem: 16625M
[08/21 08:56:44][INFO] trainer.py:  77: iter: 000570, lr: 0.00100, loss: 1.779849 (3.075208), tok1: 66.875 (34.723), tok5: 93.125 (59.498), time: 0.731 (0.926), eta: 2:56:23, mem: 16625M
[08/21 08:56:52][INFO] trainer.py:  77: iter: 000580, lr: 0.00100, loss: 1.749931 (3.052359), tok1: 69.062 (35.315), tok5: 94.375 (60.099), time: 0.757 (0.923), eta: 2:55:41, mem: 16625M
[08/21 08:56:59][INFO] trainer.py:  77: iter: 000590, lr: 0.00100, loss: 1.719153 (3.029762), tok1: 70.000 (35.902), tok5: 93.594 (60.667), time: 0.737 (0.920), eta: 2:54:56, mem: 16625M
[08/21 08:57:06][INFO] trainer.py:  77: iter: 000600, lr: 0.00100, loss: 1.726823 (3.008046), tok1: 67.620 (36.431), tok5: 93.606 (61.216), time: 0.709 (0.916), eta: 2:54:06, mem: 16625M
[08/21 08:57:14][INFO] trainer.py:  77: iter: 000610, lr: 0.00100, loss: 1.664050 (2.986014), tok1: 71.406 (37.004), tok5: 95.156 (61.773), time: 0.727 (0.913), eta: 2:53:22, mem: 16625M
[08/21 08:57:21][INFO] trainer.py:  77: iter: 000620, lr: 0.00100, loss: 1.628345 (2.964116), tok1: 75.156 (37.620), tok5: 95.312 (62.314), time: 0.732 (0.910), eta: 2:52:39, mem: 16625M
[08/21 08:57:28][INFO] trainer.py:  77: iter: 000630, lr: 0.00100, loss: 1.652465 (2.943296), tok1: 71.875 (38.164), tok5: 94.844 (62.830), time: 0.728 (0.907), eta: 2:51:57, mem: 16625M
[08/21 08:57:36][INFO] trainer.py:  77: iter: 000640, lr: 0.00100, loss: 1.686151 (2.923653), tok1: 69.688 (38.656), tok5: 93.281 (63.306), time: 0.727 (0.905), eta: 2:51:16, mem: 16625M
[08/21 08:57:43][INFO] trainer.py:  77: iter: 000650, lr: 0.00100, loss: 1.725175 (2.905215), tok1: 67.656 (39.102), tok5: 93.594 (63.772), time: 0.731 (0.902), eta: 2:50:37, mem: 16625M
[08/21 08:57:50][INFO] trainer.py:  77: iter: 000660, lr: 0.00100, loss: 1.647981 (2.886166), tok1: 70.938 (39.585), tok5: 94.375 (64.235), time: 0.749 (0.900), eta: 2:50:02, mem: 16625M
[08/21 08:57:57][INFO] trainer.py:  77: iter: 000670, lr: 0.00100, loss: 1.589585 (2.866814), tok1: 73.570 (40.092), tok5: 95.168 (64.697), time: 0.696 (0.897), eta: 2:49:18, mem: 16625M
[08/21 08:58:07][INFO] trainer.py:  77: iter: 000680, lr: 0.00100, loss: 1.574280 (2.847806), tok1: 75.156 (40.608), tok5: 95.469 (65.150), time: 0.999 (0.898), eta: 2:49:26, mem: 16625M
[08/21 08:58:15][INFO] trainer.py:  77: iter: 000690, lr: 0.00100, loss: 1.642724 (2.830341), tok1: 70.781 (41.045), tok5: 95.156 (65.584), time: 0.766 (0.896), eta: 2:48:56, mem: 16625M
[08/21 08:58:26][INFO] trainer.py:  77: iter: 000700, lr: 0.00100, loss: 1.548989 (2.812036), tok1: 76.406 (41.550), tok5: 95.938 (66.018), time: 1.136 (0.900), eta: 2:49:25, mem: 16625M
[08/21 08:58:36][INFO] trainer.py:  77: iter: 000710, lr: 0.00100, loss: 1.525259 (2.793912), tok1: 76.406 (42.041), tok5: 95.469 (66.433), time: 0.945 (0.900), eta: 2:49:24, mem: 16625M
[08/21 08:58:43][INFO] trainer.py:  77: iter: 000720, lr: 0.00100, loss: 1.590571 (2.777199), tok1: 72.344 (42.462), tok5: 94.531 (66.823), time: 0.725 (0.898), eta: 2:48:47, mem: 16625M
[08/21 08:58:53][INFO] trainer.py:  77: iter: 000730, lr: 0.00100, loss: 1.552414 (2.760421), tok1: 74.844 (42.905), tok5: 95.781 (67.220), time: 0.975 (0.899), eta: 2:48:50, mem: 16625M
[08/21 08:59:00][INFO] trainer.py:  77: iter: 000740, lr: 0.00100, loss: 1.544143 (2.743985), tok1: 75.962 (43.352), tok5: 96.406 (67.614), time: 0.728 (0.897), eta: 2:48:15, mem: 16625M
[08/21 08:59:07][INFO] trainer.py:  77: iter: 000750, lr: 0.00100, loss: 1.492450 (2.727298), tok1: 78.125 (43.816), tok5: 97.031 (68.006), time: 0.725 (0.894), eta: 2:47:41, mem: 16625M
[08/21 08:59:18][INFO] trainer.py:  77: iter: 000760, lr: 0.00100, loss: 1.520694 (2.711422), tok1: 73.750 (44.210), tok5: 96.094 (68.376), time: 1.014 (0.896), eta: 2:47:49, mem: 16625M
[08/21 08:59:27][INFO] trainer.py:  77: iter: 000770, lr: 0.00100, loss: 1.494432 (2.695617), tok1: 79.531 (44.668), tok5: 95.625 (68.730), time: 0.979 (0.897), eta: 2:47:53, mem: 16625M
[08/21 08:59:35][INFO] trainer.py:  77: iter: 000780, lr: 0.00100, loss: 1.541150 (2.680816), tok1: 75.312 (45.061), tok5: 96.250 (69.083), time: 0.721 (0.895), eta: 2:47:18, mem: 16625M
[08/21 08:59:44][INFO] trainer.py:  77: iter: 000790, lr: 0.00100, loss: 1.438399 (2.665089), tok1: 79.688 (45.499), tok5: 96.719 (69.433), time: 0.967 (0.896), eta: 2:47:20, mem: 16625M
[08/21 08:59:54][INFO] trainer.py:  77: iter: 000800, lr: 0.00100, loss: 1.502500 (2.650557), tok1: 75.938 (45.880), tok5: 96.719 (69.774), time: 0.972 (0.897), eta: 2:47:21, mem: 16625M
[08/21 09:00:01][INFO] trainer.py:  77: iter: 000810, lr: 0.00100, loss: 1.496733 (2.636312), tok1: 74.844 (46.238), tok5: 96.094 (70.099), time: 0.736 (0.895), eta: 2:46:50, mem: 16625M
[08/21 09:00:12][INFO] trainer.py:  77: iter: 000820, lr: 0.00100, loss: 1.484415 (2.622264), tok1: 76.358 (46.605), tok5: 97.584 (70.434), time: 1.032 (0.896), eta: 2:47:00, mem: 16625M
[08/21 09:00:19][INFO] trainer.py:  77: iter: 000830, lr: 0.00100, loss: 1.435013 (2.607960), tok1: 78.750 (46.992), tok5: 96.562 (70.749), time: 0.728 (0.894), eta: 2:46:28, mem: 16625M
[08/21 09:00:29][INFO] trainer.py:  77: iter: 000840, lr: 0.00100, loss: 1.483067 (2.594569), tok1: 75.938 (47.337), tok5: 97.188 (71.063), time: 0.979 (0.895), eta: 2:46:31, mem: 16625M
[08/21 09:00:37][INFO] trainer.py:  77: iter: 000850, lr: 0.00100, loss: 1.436343 (2.580942), tok1: 77.500 (47.692), tok5: 96.875 (71.367), time: 0.806 (0.894), eta: 2:46:10, mem: 16625M
[08/21 09:00:44][INFO] trainer.py:  77: iter: 000860, lr: 0.00100, loss: 1.405057 (2.567269), tok1: 80.938 (48.078), tok5: 97.344 (71.669), time: 0.742 (0.892), eta: 2:45:41, mem: 16625M
[08/21 09:00:53][INFO] trainer.py:  77: iter: 000870, lr: 0.00100, loss: 1.455045 (2.554485), tok1: 78.438 (48.427), tok5: 96.406 (71.953), time: 0.888 (0.892), eta: 2:45:32, mem: 16625M
[08/21 09:01:03][INFO] trainer.py:  77: iter: 000880, lr: 0.00100, loss: 1.403767 (2.541409), tok1: 80.000 (48.786), tok5: 97.031 (72.238), time: 0.963 (0.893), eta: 2:45:32, mem: 16625M
[08/21 09:01:09][INFO] trainer.py:  77: iter: 000890, lr: 0.00100, loss: 1.375917 (2.528313), tok1: 80.577 (49.143), tok5: 98.365 (72.532), time: 0.680 (0.891), eta: 2:44:56, mem: 16625M
[08/21 09:01:19][INFO] trainer.py:  77: iter: 000900, lr: 0.00100, loss: 1.417932 (2.515976), tok1: 77.812 (49.462), tok5: 97.969 (72.815), time: 0.945 (0.891), eta: 2:44:54, mem: 16625M
[08/21 09:01:26][INFO] trainer.py:  77: iter: 000910, lr: 0.00100, loss: 1.416048 (2.503889), tok1: 77.656 (49.772), tok5: 96.719 (73.077), time: 0.726 (0.890), eta: 2:44:25, mem: 16625M
[08/21 09:01:35][INFO] trainer.py:  77: iter: 000920, lr: 0.00100, loss: 1.413913 (2.492041), tok1: 80.781 (50.109), tok5: 97.188 (73.339), time: 0.844 (0.889), eta: 2:44:11, mem: 16625M
[08/21 09:01:44][INFO] trainer.py:  77: iter: 000930, lr: 0.00100, loss: 1.416673 (2.480478), tok1: 80.156 (50.432), tok5: 97.031 (73.594), time: 0.980 (0.890), eta: 2:44:13, mem: 16625M
[08/21 09:01:52][INFO] trainer.py:  77: iter: 000940, lr: 0.00100, loss: 1.347822 (2.468428), tok1: 82.344 (50.771), tok5: 97.969 (73.853), time: 0.731 (0.888), eta: 2:43:45, mem: 16625M
[08/21 09:02:00][INFO] trainer.py:  77: iter: 000950, lr: 0.00100, loss: 1.366140 (2.456825), tok1: 80.625 (51.085), tok5: 97.344 (74.101), time: 0.844 (0.888), eta: 2:43:31, mem: 16625M
[08/21 09:02:09][INFO] trainer.py:  77: iter: 000960, lr: 0.00100, loss: 1.378181 (2.445590), tok1: 81.719 (51.404), tok5: 97.031 (74.339), time: 0.858 (0.888), eta: 2:43:19, mem: 16625M
[08/21 09:02:16][INFO] trainer.py:  77: iter: 000970, lr: 0.00100, loss: 1.391073 (2.434718), tok1: 77.704 (51.676), tok5: 98.125 (74.585), time: 0.683 (0.885), eta: 2:42:46, mem: 16625M
[08/21 09:02:26][INFO] trainer.py:  77: iter: 000980, lr: 0.00100, loss: 1.382989 (2.423986), tok1: 80.000 (51.965), tok5: 95.938 (74.803), time: 0.997 (0.887), eta: 2:42:50, mem: 16625M
[08/21 09:02:33][INFO] trainer.py:  77: iter: 000990, lr: 0.00100, loss: 1.345921 (2.413097), tok1: 82.656 (52.275), tok5: 97.969 (75.037), time: 0.724 (0.885), eta: 2:42:23, mem: 16625M
[08/21 09:02:42][INFO] trainer.py:  77: iter: 001000, lr: 0.00100, loss: 1.296656 (2.401932), tok1: 84.688 (52.599), tok5: 98.281 (75.269), time: 0.914 (0.885), eta: 2:42:18, mem: 16625M
[08/21 09:02:42][INFO] checkpoint.py:  46: Saving checkpoint to outputs/x3d-s_clipgcn_tensor_cs_70_10_20_zsl_40_15_coco17_182/model_001000.pth
[08/21 09:02:42][INFO] inference.py:  51: Evaluating CLIPGCN_TENSOR dataset(399 video clips):
  0%|          | 0/7 [00:00<?, ?it/s] 14%|█▍        | 1/7 [00:05<00:33,  5.57s/it] 29%|██▊       | 2/7 [00:05<00:12,  2.42s/it] 43%|████▎     | 3/7 [00:06<00:05,  1.41s/it] 57%|█████▋    | 4/7 [00:06<00:02,  1.06it/s] 71%|███████▏  | 5/7 [00:06<00:01,  1.47it/s] 86%|████████▌ | 6/7 [00:06<00:00,  1.90it/s]100%|██████████| 7/7 [00:06<00:00,  1.04it/s]
[08/21 09:02:49][INFO] inference.py:  61: 
total - top1 acc: 76.890 top5 acc: 96.369
0   - A001                 - acc: 40.00
1   - A002                 - acc: 70.00
2   - A003                 - acc: 20.00
3   - A004                 - acc: 50.00
4   - A005                 - acc: 80.00
5   - A006                 - acc: 0.0
6   - A007                 - acc: 50.00
7   - A008                 - acc: 0.0
8   - A009                 - acc: 40.00
9   - A010                 - acc: 80.00
10  - A011                 - acc: 0.0
11  - A012                 - acc: 80.00
12  - A013                 - acc: 0.0
13  - A014                 - acc: 80.00
14  - A015                 - acc: 40.00
15  - A016                 - acc: 90.00
16  - A017                 - acc: 80.00
17  - A018                 - acc: 0.0
18  - A019                 - acc: 0.0
19  - A020                 - acc: 100.00
20  - A021                 - acc: 90.00
21  - A022                 - acc: 0.0
22  - A023                 - acc: 100.00
23  - A024                 - acc: 100.00
24  - A025                 - acc: 0.0
25  - A026                 - acc: 90.00
26  - A027                 - acc: 90.00
27  - A028                 - acc: 90.00
28  - A029                 - acc: 0.0
29  - A030                 - acc: 0.0
30  - A031                 - acc: 0.0
31  - A032                 - acc: 60.00
32  - A033                 - acc: 80.00
33  - A034                 - acc: 70.00
34  - A035                 - acc: 0.0
35  - A036                 - acc: 80.00
36  - A037                 - acc: 50.00
37  - A038                 - acc: 20.00
38  - A039                 - acc: 80.00
39  - A040                 - acc: 90.00
40  - A041                 - acc: 70.00
41  - A042                 - acc: 100.00
42  - A043                 - acc: 80.00
43  - A044                 - acc: 80.00
44  - A045                 - acc: 90.00
45  - A046                 - acc: 90.00
46  - A047                 - acc: 0.0
47  - A048                 - acc: 0.0
48  - A049                 - acc: 80.00
49  - A050                 - acc: 88.89
50  - A051                 - acc: 60.00
51  - A052                 - acc: 100.00
52  - A053                 - acc: 100.00
53  - A054                 - acc: 0.0
54  - A055                 - acc: 100.00

[08/21 09:02:56][INFO] trainer.py:  77: iter: 001010, lr: 0.00100, loss: 1.376869 (2.391783), tok1: 80.000 (52.870), tok5: 96.875 (75.483), time: 1.455 (0.891), eta: 2:43:11, mem: 16625M
[08/21 09:03:04][INFO] trainer.py:  77: iter: 001020, lr: 0.00100, loss: 1.353666 (2.381606), tok1: 80.938 (53.145), tok5: 97.188 (75.696), time: 0.722 (0.889), eta: 2:42:44, mem: 16625M
[08/21 09:03:11][INFO] trainer.py:  77: iter: 001030, lr: 0.00100, loss: 1.328150 (2.371378), tok1: 81.562 (53.421), tok5: 97.812 (75.910), time: 0.722 (0.888), eta: 2:42:17, mem: 16625M
[08/21 09:03:18][INFO] trainer.py:  77: iter: 001040, lr: 0.00100, loss: 1.373464 (2.361783), tok1: 81.983 (53.696), tok5: 96.659 (76.110), time: 0.683 (0.886), eta: 2:41:47, mem: 16625M
[08/21 09:03:25][INFO] trainer.py:  77: iter: 001050, lr: 0.00100, loss: 1.351149 (2.352157), tok1: 79.844 (53.945), tok5: 97.656 (76.315), time: 0.726 (0.884), eta: 2:41:21, mem: 16625M
[08/21 09:03:33][INFO] trainer.py:  77: iter: 001060, lr: 0.00100, loss: 1.305790 (2.342286), tok1: 83.438 (54.223), tok5: 97.969 (76.519), time: 0.748 (0.883), eta: 2:40:58, mem: 16625M
[08/21 09:03:41][INFO] trainer.py:  77: iter: 001070, lr: 0.00100, loss: 1.327018 (2.332798), tok1: 81.875 (54.481), tok5: 97.500 (76.715), time: 0.816 (0.882), eta: 2:40:42, mem: 16625M
[08/21 09:03:50][INFO] trainer.py:  77: iter: 001080, lr: 0.00100, loss: 1.317832 (2.323400), tok1: 82.188 (54.738), tok5: 97.812 (76.911), time: 0.944 (0.883), eta: 2:40:40, mem: 16625M
[08/21 09:04:01][INFO] trainer.py:  77: iter: 001090, lr: 0.00100, loss: 1.356369 (2.314528), tok1: 80.000 (54.970), tok5: 97.188 (77.097), time: 1.102 (0.885), eta: 2:40:53, mem: 16625M
[08/21 09:04:09][INFO] trainer.py:  77: iter: 001100, lr: 0.00100, loss: 1.324821 (2.305531), tok1: 82.344 (55.219), tok5: 97.344 (77.281), time: 0.748 (0.884), eta: 2:40:31, mem: 16625M
[08/21 09:04:19][INFO] trainer.py:  77: iter: 001110, lr: 0.00100, loss: 1.302140 (2.296491), tok1: 81.430 (55.455), tok5: 98.438 (77.472), time: 1.055 (0.885), eta: 2:40:39, mem: 16625M
[08/21 09:04:31][INFO] trainer.py:  77: iter: 001120, lr: 0.00100, loss: 1.350757 (2.288047), tok1: 80.469 (55.678), tok5: 97.188 (77.648), time: 1.146 (0.887), eta: 2:40:55, mem: 16625M
[08/21 09:04:38][INFO] trainer.py:  77: iter: 001130, lr: 0.00100, loss: 1.328788 (2.279558), tok1: 82.500 (55.915), tok5: 97.500 (77.823), time: 0.721 (0.886), eta: 2:40:30, mem: 16625M
[08/21 09:04:46][INFO] trainer.py:  77: iter: 001140, lr: 0.00100, loss: 1.292760 (2.270902), tok1: 82.031 (56.145), tok5: 98.438 (78.004), time: 0.807 (0.885), eta: 2:40:14, mem: 16625M
[08/21 09:04:53][INFO] trainer.py:  77: iter: 001150, lr: 0.00100, loss: 1.262372 (2.262132), tok1: 85.469 (56.400), tok5: 97.969 (78.178), time: 0.725 (0.884), eta: 2:39:50, mem: 16625M
[08/21 09:05:02][INFO] trainer.py:  77: iter: 001160, lr: 0.00100, loss: 1.291681 (2.253766), tok1: 84.219 (56.639), tok5: 98.281 (78.351), time: 0.879 (0.884), eta: 2:39:41, mem: 16625M
[08/21 09:05:09][INFO] trainer.py:  77: iter: 001170, lr: 0.00100, loss: 1.286013 (2.245495), tok1: 83.281 (56.867), tok5: 98.281 (78.521), time: 0.724 (0.882), eta: 2:39:17, mem: 16625M
[08/21 09:05:18][INFO] trainer.py:  77: iter: 001180, lr: 0.00100, loss: 1.316384 (2.237621), tok1: 81.719 (57.078), tok5: 97.812 (78.685), time: 0.852 (0.882), eta: 2:39:05, mem: 16625M
[08/21 09:05:25][INFO] trainer.py:  77: iter: 001190, lr: 0.00100, loss: 1.314186 (2.229861), tok1: 80.144 (57.272), tok5: 98.750 (78.853), time: 0.718 (0.881), eta: 2:38:41, mem: 16625M
[08/21 09:05:35][INFO] trainer.py:  77: iter: 001200, lr: 0.00100, loss: 1.265898 (2.221828), tok1: 84.688 (57.500), tok5: 97.188 (79.006), time: 1.042 (0.882), eta: 2:38:47, mem: 16625M
[08/21 09:05:45][INFO] trainer.py:  77: iter: 001210, lr: 0.00100, loss: 1.263855 (2.213911), tok1: 85.469 (57.731), tok5: 97.500 (79.159), time: 0.922 (0.883), eta: 2:38:42, mem: 16625M
[08/21 09:05:52][INFO] trainer.py:  77: iter: 001220, lr: 0.00100, loss: 1.275622 (2.206220), tok1: 85.000 (57.955), tok5: 98.750 (79.320), time: 0.724 (0.881), eta: 2:38:19, mem: 16625M
[08/21 09:06:01][INFO] trainer.py:  77: iter: 001230, lr: 0.00100, loss: 1.266021 (2.198576), tok1: 85.781 (58.181), tok5: 98.594 (79.476), time: 0.898 (0.881), eta: 2:38:12, mem: 16625M
[08/21 09:06:11][INFO] trainer.py:  77: iter: 001240, lr: 0.00100, loss: 1.297077 (2.191306), tok1: 83.438 (58.385), tok5: 96.719 (79.615), time: 0.984 (0.882), eta: 2:38:12, mem: 16625M
[08/21 09:06:18][INFO] trainer.py:  77: iter: 001250, lr: 0.00100, loss: 1.259438 (2.183851), tok1: 83.438 (58.585), tok5: 98.906 (79.770), time: 0.726 (0.881), eta: 2:37:50, mem: 16625M
[08/21 09:06:27][INFO] trainer.py:  77: iter: 001260, lr: 0.00100, loss: 1.224689 (2.176238), tok1: 85.950 (58.802), tok5: 98.906 (79.922), time: 0.875 (0.881), eta: 2:37:40, mem: 16625M
[08/21 09:06:34][INFO] trainer.py:  77: iter: 001270, lr: 0.00100, loss: 1.271821 (2.169117), tok1: 84.375 (59.004), tok5: 97.812 (80.062), time: 0.723 (0.880), eta: 2:37:18, mem: 16625M
[08/21 09:06:42][INFO] trainer.py:  77: iter: 001280, lr: 0.00100, loss: 1.216680 (2.161676), tok1: 86.562 (59.219), tok5: 98.281 (80.205), time: 0.780 (0.879), eta: 2:37:01, mem: 16625M
[08/21 09:06:52][INFO] trainer.py:  77: iter: 001290, lr: 0.00100, loss: 1.255259 (2.154650), tok1: 83.906 (59.410), tok5: 98.281 (80.345), time: 1.020 (0.880), eta: 2:37:04, mem: 16625M
[08/21 09:06:59][INFO] trainer.py:  77: iter: 001300, lr: 0.00100, loss: 1.278163 (2.147907), tok1: 82.188 (59.585), tok5: 97.656 (80.478), time: 0.722 (0.879), eta: 2:36:42, mem: 16625M
[08/21 09:07:06][INFO] trainer.py:  77: iter: 001310, lr: 0.00100, loss: 1.207046 (2.140725), tok1: 86.719 (59.793), tok5: 99.375 (80.622), time: 0.729 (0.878), eta: 2:36:21, mem: 16625M
[08/21 09:07:15][INFO] trainer.py:  77: iter: 001320, lr: 0.00100, loss: 1.245762 (2.133945), tok1: 83.281 (59.970), tok5: 98.281 (80.756), time: 0.859 (0.877), eta: 2:36:11, mem: 16625M
[08/21 09:07:22][INFO] trainer.py:  77: iter: 001330, lr: 0.00100, loss: 1.244807 (2.127260), tok1: 84.844 (60.158), tok5: 98.438 (80.889), time: 0.727 (0.876), eta: 2:35:50, mem: 16625M
[08/21 09:07:31][INFO] trainer.py:  77: iter: 001340, lr: 0.00100, loss: 1.204781 (2.120376), tok1: 87.079 (60.358), tok5: 99.062 (81.025), time: 0.869 (0.876), eta: 2:35:41, mem: 16625M
[08/21 09:07:38][INFO] trainer.py:  77: iter: 001350, lr: 0.00100, loss: 1.234753 (2.113816), tok1: 85.938 (60.548), tok5: 97.812 (81.149), time: 0.730 (0.875), eta: 2:35:20, mem: 16625M
[08/21 09:07:48][INFO] trainer.py:  77: iter: 001360, lr: 0.00100, loss: 1.301513 (2.107843), tok1: 80.000 (60.691), tok5: 98.281 (81.275), time: 0.947 (0.876), eta: 2:35:17, mem: 16625M
[08/21 09:07:55][INFO] trainer.py:  77: iter: 001370, lr: 0.00100, loss: 1.238782 (2.101499), tok1: 86.406 (60.879), tok5: 97.656 (81.395), time: 0.751 (0.875), eta: 2:34:59, mem: 16625M
[08/21 09:08:02][INFO] trainer.py:  77: iter: 001380, lr: 0.00100, loss: 1.233510 (2.095210), tok1: 85.000 (61.053), tok5: 98.594 (81.519), time: 0.730 (0.874), eta: 2:34:39, mem: 16625M
[08/21 09:08:11][INFO] trainer.py:  77: iter: 001390, lr: 0.00100, loss: 1.255406 (2.089168), tok1: 82.188 (61.205), tok5: 97.656 (81.635), time: 0.876 (0.874), eta: 2:34:30, mem: 16625M
[08/21 09:08:18][INFO] trainer.py:  77: iter: 001400, lr: 0.00100, loss: 1.218241 (2.082947), tok1: 85.000 (61.375), tok5: 98.594 (81.756), time: 0.721 (0.873), eta: 2:34:10, mem: 16625M
[08/21 09:08:25][INFO] trainer.py:  77: iter: 001410, lr: 0.00100, loss: 1.203389 (2.076709), tok1: 85.577 (61.547), tok5: 98.438 (81.875), time: 0.682 (0.871), eta: 2:33:47, mem: 16625M
[08/21 09:08:35][INFO] trainer.py:  77: iter: 001420, lr: 0.00100, loss: 1.192420 (2.070481), tok1: 86.875 (61.725), tok5: 98.594 (81.992), time: 0.990 (0.872), eta: 2:33:47, mem: 16625M
[08/21 09:08:43][INFO] trainer.py:  77: iter: 001430, lr: 0.00100, loss: 1.171999 (2.064198), tok1: 88.281 (61.911), tok5: 98.750 (82.110), time: 0.752 (0.871), eta: 2:33:29, mem: 16625M
[08/21 09:08:54][INFO] trainer.py:  77: iter: 001440, lr: 0.00100, loss: 1.236847 (2.058453), tok1: 85.000 (62.071), tok5: 98.125 (82.221), time: 1.126 (0.873), eta: 2:33:39, mem: 16625M
[08/21 09:09:03][INFO] trainer.py:  77: iter: 001450, lr: 0.00100, loss: 1.193298 (2.052486), tok1: 86.094 (62.237), tok5: 99.062 (82.337), time: 0.857 (0.873), eta: 2:33:30, mem: 16625M
[08/21 09:09:10][INFO] trainer.py:  77: iter: 001460, lr: 0.00100, loss: 1.159930 (2.046373), tok1: 88.906 (62.420), tok5: 98.281 (82.446), time: 0.726 (0.872), eta: 2:33:10, mem: 16625M
[08/21 09:09:20][INFO] trainer.py:  77: iter: 001470, lr: 0.00100, loss: 1.231574 (2.040830), tok1: 85.000 (62.573), tok5: 97.500 (82.549), time: 0.991 (0.873), eta: 2:33:10, mem: 16625M
[08/21 09:09:29][INFO] trainer.py:  77: iter: 001480, lr: 0.00100, loss: 1.204005 (2.035176), tok1: 84.952 (62.725), tok5: 98.750 (82.658), time: 0.907 (0.873), eta: 2:33:04, mem: 16625M
[08/21 09:09:36][INFO] trainer.py:  77: iter: 001490, lr: 0.00100, loss: 1.179046 (2.029430), tok1: 87.969 (62.894), tok5: 98.594 (82.765), time: 0.724 (0.872), eta: 2:32:45, mem: 16625M
[08/21 09:09:44][INFO] trainer.py:  77: iter: 001500, lr: 0.00100, loss: 1.185567 (2.023804), tok1: 87.031 (63.055), tok5: 98.750 (82.872), time: 0.779 (0.871), eta: 2:32:29, mem: 16625M
[08/21 09:09:44][INFO] checkpoint.py:  46: Saving checkpoint to outputs/x3d-s_clipgcn_tensor_cs_70_10_20_zsl_40_15_coco17_182/model_001500.pth
[08/21 09:09:44][INFO] inference.py:  51: Evaluating CLIPGCN_TENSOR dataset(399 video clips):
  0%|          | 0/7 [00:00<?, ?it/s] 14%|█▍        | 1/7 [00:04<00:29,  4.90s/it] 29%|██▊       | 2/7 [00:05<00:12,  2.57s/it] 43%|████▎     | 3/7 [00:06<00:05,  1.50s/it] 57%|█████▋    | 4/7 [00:06<00:02,  1.01it/s] 71%|███████▏  | 5/7 [00:06<00:01,  1.40it/s] 86%|████████▌ | 6/7 [00:06<00:00,  1.84it/s]100%|██████████| 7/7 [00:06<00:00,  1.03it/s]
[08/21 09:09:51][INFO] inference.py:  61: 
total - top1 acc: 81.860 top5 acc: 97.262
0   - A001                 - acc: 60.00
1   - A002                 - acc: 70.00
2   - A003                 - acc: 40.00
3   - A004                 - acc: 50.00
4   - A005                 - acc: 80.00
5   - A006                 - acc: 0.0
6   - A007                 - acc: 60.00
7   - A008                 - acc: 0.0
8   - A009                 - acc: 60.00
9   - A010                 - acc: 90.00
10  - A011                 - acc: 0.0
11  - A012                 - acc: 80.00
12  - A013                 - acc: 0.0
13  - A014                 - acc: 70.00
14  - A015                 - acc: 60.00
15  - A016                 - acc: 100.00
16  - A017                 - acc: 80.00
17  - A018                 - acc: 0.0
18  - A019                 - acc: 0.0
19  - A020                 - acc: 100.00
20  - A021                 - acc: 90.00
21  - A022                 - acc: 0.0
22  - A023                 - acc: 90.00
23  - A024                 - acc: 100.00
24  - A025                 - acc: 0.0
25  - A026                 - acc: 80.00
26  - A027                 - acc: 90.00
27  - A028                 - acc: 80.00
28  - A029                 - acc: 0.0
29  - A030                 - acc: 0.0
30  - A031                 - acc: 0.0
31  - A032                 - acc: 80.00
32  - A033                 - acc: 80.00
33  - A034                 - acc: 80.00
34  - A035                 - acc: 0.0
35  - A036                 - acc: 90.00
36  - A037                 - acc: 60.00
37  - A038                 - acc: 40.00
38  - A039                 - acc: 100.00
39  - A040                 - acc: 80.00
40  - A041                 - acc: 80.00
41  - A042                 - acc: 100.00
42  - A043                 - acc: 90.00
43  - A044                 - acc: 80.00
44  - A045                 - acc: 90.00
45  - A046                 - acc: 90.00
46  - A047                 - acc: 0.0
47  - A048                 - acc: 0.0
48  - A049                 - acc: 80.00
49  - A050                 - acc: 88.89
50  - A051                 - acc: 80.00
51  - A052                 - acc: 100.00
52  - A053                 - acc: 100.00
53  - A054                 - acc: 0.0
54  - A055                 - acc: 100.00

[08/21 09:09:59][INFO] trainer.py:  77: iter: 001510, lr: 0.00100, loss: 1.145368 (2.017987), tok1: 88.438 (63.223), tok5: 98.750 (82.977), time: 1.481 (0.875), eta: 2:33:03, mem: 16625M
[08/21 09:10:06][INFO] trainer.py:  77: iter: 001520, lr: 0.00100, loss: 1.238807 (2.012861), tok1: 84.844 (63.365), tok5: 98.438 (83.079), time: 0.735 (0.875), eta: 2:32:44, mem: 16625M
[08/21 09:10:13][INFO] trainer.py:  77: iter: 001530, lr: 0.00100, loss: 1.187162 (2.007464), tok1: 87.344 (63.522), tok5: 97.969 (83.176), time: 0.726 (0.874), eta: 2:32:26, mem: 16625M
[08/21 09:10:20][INFO] trainer.py:  77: iter: 001540, lr: 0.00100, loss: 1.164935 (2.001993), tok1: 87.969 (63.681), tok5: 98.438 (83.275), time: 0.722 (0.873), eta: 2:32:07, mem: 16625M
[08/21 09:10:28][INFO] trainer.py:  77: iter: 001550, lr: 0.00100, loss: 1.153196 (1.996517), tok1: 87.344 (63.833), tok5: 99.531 (83.380), time: 0.724 (0.872), eta: 2:31:48, mem: 16625M
[08/21 09:10:35][INFO] trainer.py:  77: iter: 001560, lr: 0.00100, loss: 1.186856 (1.991327), tok1: 87.127 (63.983), tok5: 98.906 (83.479), time: 0.690 (0.870), eta: 2:31:27, mem: 16625M
[08/21 09:10:42][INFO] trainer.py:  77: iter: 001570, lr: 0.00100, loss: 1.168946 (1.986089), tok1: 87.812 (64.135), tok5: 98.438 (83.575), time: 0.727 (0.870), eta: 2:31:09, mem: 16625M
[08/21 09:10:50][INFO] trainer.py:  77: iter: 001580, lr: 0.00100, loss: 1.142983 (1.980752), tok1: 88.594 (64.289), tok5: 99.062 (83.673), time: 0.827 (0.869), eta: 2:30:57, mem: 16625M
[08/21 09:10:59][INFO] trainer.py:  77: iter: 001590, lr: 0.00100, loss: 1.215759 (1.975941), tok1: 85.312 (64.422), tok5: 98.438 (83.765), time: 0.933 (0.870), eta: 2:30:53, mem: 16625M
[08/21 09:11:07][INFO] trainer.py:  77: iter: 001600, lr: 0.00100, loss: 1.173909 (1.970928), tok1: 87.812 (64.568), tok5: 98.594 (83.858), time: 0.723 (0.869), eta: 2:30:34, mem: 16625M
[08/21 09:11:16][INFO] trainer.py:  77: iter: 001610, lr: 0.00100, loss: 1.180565 (1.966019), tok1: 87.812 (64.712), tok5: 98.281 (83.948), time: 0.947 (0.869), eta: 2:30:31, mem: 16625M
[08/21 09:11:25][INFO] trainer.py:  77: iter: 001620, lr: 0.00100, loss: 1.209472 (1.961349), tok1: 84.688 (64.835), tok5: 97.969 (84.034), time: 0.929 (0.870), eta: 2:30:26, mem: 16625M
[08/21 09:11:32][INFO] trainer.py:  77: iter: 001630, lr: 0.00100, loss: 1.143523 (1.956332), tok1: 90.012 (64.990), tok5: 98.209 (84.121), time: 0.683 (0.868), eta: 2:30:05, mem: 16625M
[08/21 09:11:42][INFO] trainer.py:  77: iter: 001640, lr: 0.00100, loss: 1.159485 (1.951473), tok1: 88.438 (65.133), tok5: 98.750 (84.210), time: 0.939 (0.869), eta: 2:30:01, mem: 16625M
[08/21 09:11:49][INFO] trainer.py:  77: iter: 001650, lr: 0.00100, loss: 1.150088 (1.946616), tok1: 88.438 (65.274), tok5: 98.594 (84.298), time: 0.722 (0.868), eta: 2:29:43, mem: 16625M
[08/21 09:11:57][INFO] trainer.py:  77: iter: 001660, lr: 0.00100, loss: 1.142525 (1.941772), tok1: 88.750 (65.416), tok5: 98.438 (84.383), time: 0.823 (0.868), eta: 2:29:32, mem: 16625M
[08/21 09:12:08][INFO] trainer.py:  77: iter: 001670, lr: 0.00100, loss: 1.178301 (1.937201), tok1: 89.219 (65.558), tok5: 98.438 (84.467), time: 1.055 (0.869), eta: 2:29:35, mem: 16625M
[08/21 09:12:15][INFO] trainer.py:  77: iter: 001680, lr: 0.00100, loss: 1.160858 (1.932580), tok1: 88.438 (65.694), tok5: 98.281 (84.549), time: 0.726 (0.868), eta: 2:29:17, mem: 16625M
[08/21 09:12:24][INFO] trainer.py:  77: iter: 001690, lr: 0.00100, loss: 1.137068 (1.927872), tok1: 89.062 (65.833), tok5: 98.750 (84.633), time: 0.876 (0.868), eta: 2:29:09, mem: 16625M
[08/21 09:12:33][INFO] trainer.py:  77: iter: 001700, lr: 0.00100, loss: 1.126534 (1.923159), tok1: 89.688 (65.973), tok5: 99.062 (84.718), time: 0.947 (0.869), eta: 2:29:05, mem: 16625M
[08/21 09:12:40][INFO] trainer.py:  77: iter: 001710, lr: 0.00100, loss: 1.087538 (1.918272), tok1: 90.793 (66.118), tok5: 99.062 (84.802), time: 0.689 (0.867), eta: 2:28:46, mem: 16625M
[08/21 09:12:50][INFO] trainer.py:  77: iter: 001720, lr: 0.00100, loss: 1.152996 (1.913823), tok1: 89.531 (66.254), tok5: 98.594 (84.882), time: 0.969 (0.868), eta: 2:28:43, mem: 16625M
[08/21 09:12:57][INFO] trainer.py:  77: iter: 001730, lr: 0.00100, loss: 1.107556 (1.909162), tok1: 92.188 (66.404), tok5: 99.219 (84.965), time: 0.723 (0.867), eta: 2:28:26, mem: 16625M
[08/21 09:13:06][INFO] trainer.py:  77: iter: 001740, lr: 0.00100, loss: 1.141553 (1.904751), tok1: 87.500 (66.525), tok5: 98.438 (85.042), time: 0.865 (0.867), eta: 2:28:17, mem: 16625M
[08/21 09:13:15][INFO] trainer.py:  77: iter: 001750, lr: 0.00100, loss: 1.129872 (1.900323), tok1: 90.469 (66.662), tok5: 98.281 (85.118), time: 0.957 (0.868), eta: 2:28:14, mem: 16625M
[08/21 09:13:22][INFO] trainer.py:  77: iter: 001760, lr: 0.00100, loss: 1.157867 (1.896104), tok1: 87.969 (66.783), tok5: 97.969 (85.191), time: 0.726 (0.867), eta: 2:27:57, mem: 16625M
[08/21 09:13:30][INFO] trainer.py:  77: iter: 001770, lr: 0.00100, loss: 1.115812 (1.891696), tok1: 90.469 (66.917), tok5: 98.594 (85.267), time: 0.785 (0.866), eta: 2:27:43, mem: 16625M
[08/21 09:13:37][INFO] trainer.py:  77: iter: 001780, lr: 0.00100, loss: 1.164981 (1.887613), tok1: 86.575 (67.027), tok5: 98.594 (85.342), time: 0.719 (0.866), eta: 2:27:26, mem: 16625M
[08/21 09:13:45][INFO] trainer.py:  77: iter: 001790, lr: 0.00100, loss: 1.102821 (1.883229), tok1: 90.938 (67.161), tok5: 99.219 (85.419), time: 0.724 (0.865), eta: 2:27:09, mem: 16625M
[08/21 09:13:54][INFO] trainer.py:  77: iter: 001800, lr: 0.00100, loss: 1.143768 (1.879121), tok1: 88.438 (67.279), tok5: 99.062 (85.495), time: 0.938 (0.865), eta: 2:27:05, mem: 16625M
[08/21 09:14:01][INFO] trainer.py:  77: iter: 001810, lr: 0.00100, loss: 1.060227 (1.874597), tok1: 93.281 (67.423), tok5: 99.219 (85.571), time: 0.726 (0.864), eta: 2:26:48, mem: 16625M
[08/21 09:14:11][INFO] trainer.py:  77: iter: 001820, lr: 0.00100, loss: 1.150077 (1.870616), tok1: 89.844 (67.546), tok5: 98.750 (85.643), time: 0.916 (0.865), eta: 2:26:43, mem: 16625M
[08/21 09:14:20][INFO] trainer.py:  77: iter: 001830, lr: 0.00100, loss: 1.217728 (1.867048), tok1: 84.531 (67.639), tok5: 98.281 (85.712), time: 0.933 (0.865), eta: 2:26:38, mem: 16625M
[08/21 09:14:27][INFO] trainer.py:  77: iter: 001840, lr: 0.00100, loss: 1.114687 (1.862959), tok1: 89.531 (67.758), tok5: 98.594 (85.782), time: 0.723 (0.864), eta: 2:26:21, mem: 16625M
[08/21 09:14:36][INFO] trainer.py:  77: iter: 001850, lr: 0.00100, loss: 1.145654 (1.859082), tok1: 87.296 (67.863), tok5: 98.594 (85.852), time: 0.918 (0.865), eta: 2:26:16, mem: 16625M
[08/21 09:14:47][INFO] trainer.py:  77: iter: 001860, lr: 0.00100, loss: 1.103110 (1.855017), tok1: 90.000 (67.982), tok5: 98.750 (85.921), time: 1.048 (0.866), eta: 2:26:17, mem: 16625M
[08/21 09:14:54][INFO] trainer.py:  77: iter: 001870, lr: 0.00100, loss: 1.117299 (1.851072), tok1: 88.750 (68.094), tok5: 99.062 (85.991), time: 0.722 (0.865), eta: 2:26:01, mem: 16625M
[08/21 09:15:04][INFO] trainer.py:  77: iter: 001880, lr: 0.00100, loss: 1.146909 (1.847327), tok1: 88.906 (68.204), tok5: 97.969 (86.055), time: 0.956 (0.865), eta: 2:25:57, mem: 16625M
[08/21 09:15:11][INFO] trainer.py:  77: iter: 001890, lr: 0.00100, loss: 1.114282 (1.843448), tok1: 89.688 (68.318), tok5: 99.062 (86.124), time: 0.721 (0.865), eta: 2:25:40, mem: 16625M
[08/21 09:15:20][INFO] trainer.py:  77: iter: 001900, lr: 0.00100, loss: 1.134935 (1.839719), tok1: 90.000 (68.432), tok5: 98.750 (86.190), time: 0.948 (0.865), eta: 2:25:36, mem: 16625M
[08/21 09:15:28][INFO] trainer.py:  77: iter: 001910, lr: 0.00100, loss: 1.116405 (1.835932), tok1: 89.688 (68.543), tok5: 99.219 (86.258), time: 0.774 (0.865), eta: 2:25:23, mem: 16625M
[08/21 09:15:36][INFO] trainer.py:  77: iter: 001920, lr: 0.00100, loss: 1.089668 (1.832045), tok1: 91.562 (68.663), tok5: 98.906 (86.324), time: 0.800 (0.864), eta: 2:25:11, mem: 16625M
[08/21 09:15:45][INFO] trainer.py:  77: iter: 001930, lr: 0.00100, loss: 1.064199 (1.828067), tok1: 93.678 (68.793), tok5: 98.594 (86.388), time: 0.934 (0.865), eta: 2:25:06, mem: 16625M
[08/21 09:15:53][INFO] trainer.py:  77: iter: 001940, lr: 0.00100, loss: 1.068262 (1.824150), tok1: 90.625 (68.905), tok5: 99.375 (86.455), time: 0.721 (0.864), eta: 2:24:50, mem: 16625M
[08/21 09:16:02][INFO] trainer.py:  77: iter: 001950, lr: 0.00100, loss: 1.122278 (1.820551), tok1: 88.906 (69.008), tok5: 98.594 (86.517), time: 0.910 (0.864), eta: 2:24:43, mem: 16625M
[08/21 09:16:11][INFO] trainer.py:  77: iter: 001960, lr: 0.00100, loss: 1.102479 (1.816887), tok1: 90.312 (69.117), tok5: 98.594 (86.579), time: 0.899 (0.864), eta: 2:24:37, mem: 16625M
[08/21 09:16:18][INFO] trainer.py:  77: iter: 001970, lr: 0.00100, loss: 1.153382 (1.813519), tok1: 87.812 (69.211), tok5: 97.812 (86.636), time: 0.723 (0.864), eta: 2:24:21, mem: 16625M
[08/21 09:16:28][INFO] trainer.py:  77: iter: 001980, lr: 0.00100, loss: 1.125871 (1.810046), tok1: 88.906 (69.311), tok5: 98.594 (86.696), time: 1.067 (0.865), eta: 2:24:22, mem: 16625M
[08/21 09:16:36][INFO] trainer.py:  77: iter: 001990, lr: 0.00100, loss: 1.100830 (1.806483), tok1: 90.781 (69.419), tok5: 99.062 (86.758), time: 0.724 (0.864), eta: 2:24:07, mem: 16625M
[08/21 09:16:44][INFO] trainer.py:  77: iter: 002000, lr: 0.00100, loss: 1.104803 (1.802974), tok1: 89.856 (69.521), tok5: 98.906 (86.819), time: 0.866 (0.864), eta: 2:23:58, mem: 16625M
[08/21 09:16:44][INFO] checkpoint.py:  46: Saving checkpoint to outputs/x3d-s_clipgcn_tensor_cs_70_10_20_zsl_40_15_coco17_182/model_002000.pth
[08/21 09:16:45][INFO] inference.py:  51: Evaluating CLIPGCN_TENSOR dataset(399 video clips):
  0%|          | 0/7 [00:00<?, ?it/s] 14%|█▍        | 1/7 [00:04<00:26,  4.37s/it] 29%|██▊       | 2/7 [00:05<00:11,  2.36s/it] 43%|████▎     | 3/7 [00:05<00:05,  1.38s/it] 57%|█████▋    | 4/7 [00:05<00:02,  1.08it/s] 71%|███████▏  | 5/7 [00:05<00:01,  1.50it/s] 86%|████████▌ | 6/7 [00:06<00:00,  1.94it/s]100%|██████████| 7/7 [00:06<00:00,  1.12it/s]
[08/21 09:16:51][INFO] inference.py:  61: 
total - top1 acc: 83.869 top5 acc: 97.485
0   - A001                 - acc: 60.00
1   - A002                 - acc: 60.00
2   - A003                 - acc: 60.00
3   - A004                 - acc: 50.00
4   - A005                 - acc: 90.00
5   - A006                 - acc: 0.0
6   - A007                 - acc: 60.00
7   - A008                 - acc: 0.0
8   - A009                 - acc: 50.00
9   - A010                 - acc: 90.00
10  - A011                 - acc: 0.0
11  - A012                 - acc: 90.00
12  - A013                 - acc: 0.0
13  - A014                 - acc: 80.00
14  - A015                 - acc: 60.00
15  - A016                 - acc: 100.00
16  - A017                 - acc: 70.00
17  - A018                 - acc: 0.0
18  - A019                 - acc: 0.0
19  - A020                 - acc: 100.00
20  - A021                 - acc: 100.00
21  - A022                 - acc: 0.0
22  - A023                 - acc: 90.00
23  - A024                 - acc: 100.00
24  - A025                 - acc: 0.0
25  - A026                 - acc: 80.00
26  - A027                 - acc: 100.00
27  - A028                 - acc: 80.00
28  - A029                 - acc: 0.0
29  - A030                 - acc: 0.0
30  - A031                 - acc: 0.0
31  - A032                 - acc: 80.00
32  - A033                 - acc: 80.00
33  - A034                 - acc: 80.00
34  - A035                 - acc: 0.0
35  - A036                 - acc: 90.00
36  - A037                 - acc: 60.00
37  - A038                 - acc: 40.00
38  - A039                 - acc: 100.00
39  - A040                 - acc: 80.00
40  - A041                 - acc: 80.00
41  - A042                 - acc: 100.00
42  - A043                 - acc: 100.00
43  - A044                 - acc: 100.00
44  - A045                 - acc: 90.00
45  - A046                 - acc: 100.00
46  - A047                 - acc: 0.0
47  - A048                 - acc: 0.0
48  - A049                 - acc: 100.00
49  - A050                 - acc: 88.89
50  - A051                 - acc: 80.00
51  - A052                 - acc: 90.00
52  - A053                 - acc: 100.00
53  - A054                 - acc: 0.0
54  - A055                 - acc: 100.00

[08/21 09:16:58][INFO] trainer.py:  77: iter: 002010, lr: 0.00100, loss: 1.110134 (1.799527), tok1: 91.406 (69.630), tok5: 98.125 (86.875), time: 1.401 (0.867), eta: 2:24:16, mem: 16625M
[08/21 09:17:06][INFO] trainer.py:  77: iter: 002020, lr: 0.00100, loss: 1.083982 (1.795985), tok1: 90.781 (69.735), tok5: 99.219 (86.936), time: 0.722 (0.866), eta: 2:24:00, mem: 16625M
[08/21 09:17:13][INFO] trainer.py:  77: iter: 002030, lr: 0.00100, loss: 1.102331 (1.792568), tok1: 90.625 (69.838), tok5: 99.375 (86.998), time: 0.723 (0.865), eta: 2:23:45, mem: 16625M
[08/21 09:17:20][INFO] trainer.py:  77: iter: 002040, lr: 0.00100, loss: 1.085331 (1.789101), tok1: 91.719 (69.945), tok5: 99.375 (87.058), time: 0.727 (0.864), eta: 2:23:29, mem: 16625M
[08/21 09:17:27][INFO] trainer.py:  77: iter: 002050, lr: 0.00100, loss: 1.082225 (1.785653), tok1: 91.094 (70.048), tok5: 99.219 (87.118), time: 0.728 (0.864), eta: 2:23:14, mem: 16625M
[08/21 09:17:37][INFO] trainer.py:  77: iter: 002060, lr: 0.00100, loss: 1.067107 (1.782165), tok1: 91.094 (70.150), tok5: 99.531 (87.178), time: 0.911 (0.864), eta: 2:23:08, mem: 16625M
[08/21 09:17:44][INFO] trainer.py:  77: iter: 002070, lr: 0.00100, loss: 1.099359 (1.778866), tok1: 90.781 (70.250), tok5: 99.375 (87.237), time: 0.723 (0.863), eta: 2:22:52, mem: 16625M
[08/21 09:17:53][INFO] trainer.py:  77: iter: 002080, lr: 0.00100, loss: 1.056197 (1.775392), tok1: 92.909 (70.359), tok5: 99.375 (87.295), time: 0.954 (0.864), eta: 2:22:48, mem: 16625M
[08/21 09:18:03][INFO] trainer.py:  77: iter: 002090, lr: 0.00100, loss: 1.090487 (1.772115), tok1: 91.406 (70.459), tok5: 98.281 (87.348), time: 0.996 (0.864), eta: 2:22:46, mem: 16625M
[08/21 09:18:10][INFO] trainer.py:  77: iter: 002100, lr: 0.00100, loss: 1.079447 (1.768816), tok1: 90.312 (70.554), tok5: 98.750 (87.402), time: 0.721 (0.864), eta: 2:22:30, mem: 16625M
[08/21 09:18:18][INFO] trainer.py:  77: iter: 002110, lr: 0.00100, loss: 1.045100 (1.765386), tok1: 93.125 (70.661), tok5: 99.375 (87.459), time: 0.775 (0.863), eta: 2:22:17, mem: 16625M
[08/21 09:18:27][INFO] trainer.py:  77: iter: 002120, lr: 0.00100, loss: 1.102879 (1.762261), tok1: 89.375 (70.749), tok5: 98.438 (87.511), time: 0.922 (0.864), eta: 2:22:11, mem: 16625M
[08/21 09:18:35][INFO] trainer.py:  77: iter: 002130, lr: 0.00100, loss: 1.038966 (1.758866), tok1: 92.344 (70.851), tok5: 99.375 (87.566), time: 0.729 (0.863), eta: 2:21:57, mem: 16625M
[08/21 09:18:43][INFO] trainer.py:  77: iter: 002140, lr: 0.00100, loss: 1.112181 (1.755844), tok1: 88.438 (70.933), tok5: 98.906 (87.619), time: 0.873 (0.863), eta: 2:21:48, mem: 16625M
[08/21 09:18:50][INFO] trainer.py:  77: iter: 002150, lr: 0.00100, loss: 1.033990 (1.752486), tok1: 94.219 (71.041), tok5: 99.219 (87.673), time: 0.680 (0.862), eta: 2:21:31, mem: 16625M
[08/21 09:19:00][INFO] trainer.py:  77: iter: 002160, lr: 0.00100, loss: 1.062779 (1.749293), tok1: 92.344 (71.140), tok5: 98.906 (87.725), time: 0.974 (0.863), eta: 2:21:28, mem: 16625M
[08/21 09:19:10][INFO] trainer.py:  77: iter: 002170, lr: 0.00100, loss: 1.096703 (1.746286), tok1: 88.906 (71.222), tok5: 99.219 (87.778), time: 0.955 (0.863), eta: 2:21:24, mem: 16625M
[08/21 09:19:17][INFO] trainer.py:  77: iter: 002180, lr: 0.00100, loss: 1.049825 (1.743091), tok1: 92.500 (71.319), tok5: 99.531 (87.832), time: 0.730 (0.862), eta: 2:21:09, mem: 16625M
[08/21 09:19:26][INFO] trainer.py:  77: iter: 002190, lr: 0.00100, loss: 1.093487 (1.740125), tok1: 89.844 (71.404), tok5: 98.594 (87.881), time: 0.893 (0.863), eta: 2:21:02, mem: 16625M
[08/21 09:19:36][INFO] trainer.py:  77: iter: 002200, lr: 0.00100, loss: 1.040360 (1.736944), tok1: 92.656 (71.500), tok5: 99.375 (87.933), time: 0.982 (0.863), eta: 2:20:58, mem: 16625M
[08/21 09:19:43][INFO] trainer.py:  77: iter: 002210, lr: 0.00100, loss: 1.066997 (1.733913), tok1: 91.406 (71.590), tok5: 99.531 (87.986), time: 0.720 (0.863), eta: 2:20:43, mem: 16625M
[08/21 09:19:52][INFO] trainer.py:  77: iter: 002220, lr: 0.00100, loss: 1.082147 (1.730977), tok1: 91.719 (71.681), tok5: 99.062 (88.036), time: 0.896 (0.863), eta: 2:20:36, mem: 16625M
[08/21 09:19:59][INFO] trainer.py:  77: iter: 002230, lr: 0.00100, loss: 1.078928 (1.728053), tok1: 91.250 (71.769), tok5: 99.062 (88.085), time: 0.729 (0.862), eta: 2:20:22, mem: 16625M
[08/21 09:20:09][INFO] trainer.py:  77: iter: 002240, lr: 0.00100, loss: 1.060123 (1.725071), tok1: 90.938 (71.854), tok5: 99.062 (88.134), time: 1.004 (0.863), eta: 2:20:19, mem: 16625M
[08/21 09:20:18][INFO] trainer.py:  77: iter: 002250, lr: 0.00100, loss: 1.084835 (1.722225), tok1: 89.844 (71.934), tok5: 98.906 (88.182), time: 0.911 (0.863), eta: 2:20:13, mem: 16625M
[08/21 09:20:25][INFO] trainer.py:  77: iter: 002260, lr: 0.00100, loss: 1.074810 (1.719361), tok1: 91.250 (72.020), tok5: 98.750 (88.229), time: 0.728 (0.862), eta: 2:19:58, mem: 16625M
[08/21 09:20:34][INFO] trainer.py:  77: iter: 002270, lr: 0.00100, loss: 1.042189 (1.716378), tok1: 92.031 (72.108), tok5: 99.531 (88.279), time: 0.823 (0.862), eta: 2:19:48, mem: 16625M
[08/21 09:20:43][INFO] trainer.py:  77: iter: 002280, lr: 0.00100, loss: 1.097857 (1.713665), tok1: 89.531 (72.184), tok5: 99.062 (88.326), time: 0.969 (0.863), eta: 2:19:44, mem: 16625M
[08/21 09:20:51][INFO] trainer.py:  77: iter: 002290, lr: 0.00100, loss: 1.039073 (1.710719), tok1: 93.594 (72.278), tok5: 99.375 (88.374), time: 0.730 (0.862), eta: 2:19:30, mem: 16625M
[08/21 09:21:00][INFO] trainer.py:  77: iter: 002300, lr: 0.00100, loss: 1.050332 (1.707848), tok1: 92.284 (72.365), tok5: 98.750 (88.419), time: 0.928 (0.862), eta: 2:19:24, mem: 16625M
[08/21 09:21:07][INFO] trainer.py:  77: iter: 002310, lr: 0.00100, loss: 1.040442 (1.704959), tok1: 92.344 (72.451), tok5: 99.688 (88.468), time: 0.728 (0.862), eta: 2:19:10, mem: 16625M
[08/21 09:21:17][INFO] trainer.py:  77: iter: 002320, lr: 0.00100, loss: 1.061887 (1.702187), tok1: 91.562 (72.534), tok5: 99.219 (88.514), time: 0.970 (0.862), eta: 2:19:05, mem: 16625M
[08/21 09:21:26][INFO] trainer.py:  77: iter: 002330, lr: 0.00100, loss: 1.047762 (1.699378), tok1: 93.281 (72.623), tok5: 99.219 (88.560), time: 0.896 (0.862), eta: 2:18:58, mem: 16625M
[08/21 09:21:35][INFO] trainer.py:  77: iter: 002340, lr: 0.00100, loss: 1.052889 (1.696615), tok1: 92.656 (72.708), tok5: 99.062 (88.605), time: 0.878 (0.862), eta: 2:18:50, mem: 16625M
[08/21 09:21:42][INFO] trainer.py:  77: iter: 002350, lr: 0.00100, loss: 1.037697 (1.693811), tok1: 92.344 (72.792), tok5: 99.375 (88.651), time: 0.723 (0.862), eta: 2:18:36, mem: 16625M
[08/21 09:21:51][INFO] trainer.py:  77: iter: 002360, lr: 0.00100, loss: 1.078519 (1.691204), tok1: 91.250 (72.870), tok5: 98.438 (88.693), time: 0.923 (0.862), eta: 2:18:30, mem: 16625M
[08/21 09:22:01][INFO] trainer.py:  77: iter: 002370, lr: 0.00100, loss: 1.060267 (1.688542), tok1: 90.901 (72.946), tok5: 99.219 (88.737), time: 0.943 (0.862), eta: 2:18:24, mem: 16625M
[08/21 09:22:08][INFO] trainer.py:  77: iter: 002380, lr: 0.00100, loss: 1.065615 (1.685925), tok1: 91.719 (73.025), tok5: 98.438 (88.778), time: 0.727 (0.862), eta: 2:18:10, mem: 16625M
[08/21 09:22:18][INFO] trainer.py:  77: iter: 002390, lr: 0.00100, loss: 1.016079 (1.683122), tok1: 93.281 (73.110), tok5: 99.531 (88.823), time: 1.047 (0.863), eta: 2:18:09, mem: 16625M
[08/21 09:22:28][INFO] trainer.py:  77: iter: 002400, lr: 0.00100, loss: 1.048532 (1.680478), tok1: 91.562 (73.187), tok5: 98.906 (88.865), time: 0.954 (0.863), eta: 2:18:04, mem: 16625M
[08/21 09:22:35][INFO] trainer.py:  77: iter: 002410, lr: 0.00100, loss: 1.032963 (1.677791), tok1: 92.969 (73.269), tok5: 99.062 (88.907), time: 0.728 (0.862), eta: 2:17:50, mem: 16625M
[08/21 09:22:45][INFO] trainer.py:  77: iter: 002420, lr: 0.00100, loss: 1.051327 (1.675202), tok1: 91.875 (73.346), tok5: 99.531 (88.951), time: 0.941 (0.863), eta: 2:17:45, mem: 16625M
[08/21 09:22:52][INFO] trainer.py:  77: iter: 002430, lr: 0.00100, loss: 1.035037 (1.672568), tok1: 92.031 (73.423), tok5: 99.219 (88.993), time: 0.725 (0.862), eta: 2:17:31, mem: 16625M
[08/21 09:23:02][INFO] trainer.py:  77: iter: 002440, lr: 0.00100, loss: 1.082347 (1.670149), tok1: 90.469 (73.493), tok5: 98.594 (89.033), time: 1.049 (0.863), eta: 2:17:29, mem: 16625M
[08/21 09:23:12][INFO] trainer.py:  77: iter: 002450, lr: 0.00100, loss: 1.007925 (1.667446), tok1: 93.125 (73.573), tok5: 99.375 (89.075), time: 0.944 (0.863), eta: 2:17:24, mem: 16625M
[08/21 09:23:19][INFO] trainer.py:  77: iter: 002460, lr: 0.00100, loss: 1.037841 (1.664887), tok1: 92.969 (73.652), tok5: 98.906 (89.115), time: 0.721 (0.863), eta: 2:17:10, mem: 16625M
[08/21 09:23:28][INFO] trainer.py:  77: iter: 002470, lr: 0.00100, loss: 1.048749 (1.662392), tok1: 92.188 (73.727), tok5: 99.062 (89.155), time: 0.924 (0.863), eta: 2:17:03, mem: 16625M
[08/21 09:23:38][INFO] trainer.py:  77: iter: 002480, lr: 0.00100, loss: 1.037754 (1.659873), tok1: 92.812 (73.804), tok5: 99.062 (89.195), time: 0.942 (0.863), eta: 2:16:58, mem: 16625M
[08/21 09:23:45][INFO] trainer.py:  77: iter: 002490, lr: 0.00100, loss: 1.044888 (1.657404), tok1: 91.562 (73.875), tok5: 99.531 (89.237), time: 0.726 (0.863), eta: 2:16:44, mem: 16625M
[08/21 09:23:54][INFO] trainer.py:  77: iter: 002500, lr: 0.00100, loss: 1.017411 (1.654844), tok1: 94.062 (73.956), tok5: 99.062 (89.276), time: 0.950 (0.863), eta: 2:16:39, mem: 16625M
[08/21 09:23:54][INFO] checkpoint.py:  46: Saving checkpoint to outputs/x3d-s_clipgcn_tensor_cs_70_10_20_zsl_40_15_coco17_182/model_002500.pth
[08/21 09:23:55][INFO] inference.py:  51: Evaluating CLIPGCN_TENSOR dataset(399 video clips):
  0%|          | 0/7 [00:00<?, ?it/s] 14%|█▍        | 1/7 [00:03<00:22,  3.82s/it] 29%|██▊       | 2/7 [00:04<00:08,  1.70s/it] 43%|████▎     | 3/7 [00:04<00:04,  1.02s/it] 57%|█████▋    | 4/7 [00:04<00:02,  1.32it/s] 71%|███████▏  | 5/7 [00:04<00:01,  1.78it/s] 86%|████████▌ | 6/7 [00:05<00:00,  2.24it/s]100%|██████████| 7/7 [00:05<00:00,  1.37it/s]
[08/21 09:24:00][INFO] inference.py:  61: 
total - top1 acc: 83.869 top5 acc: 97.932
0   - A001                 - acc: 70.00
1   - A002                 - acc: 70.00
2   - A003                 - acc: 60.00
3   - A004                 - acc: 50.00
4   - A005                 - acc: 90.00
5   - A006                 - acc: 0.0
6   - A007                 - acc: 40.00
7   - A008                 - acc: 0.0
8   - A009                 - acc: 60.00
9   - A010                 - acc: 90.00
10  - A011                 - acc: 0.0
11  - A012                 - acc: 90.00
12  - A013                 - acc: 0.0
13  - A014                 - acc: 80.00
14  - A015                 - acc: 60.00
15  - A016                 - acc: 100.00
16  - A017                 - acc: 70.00
17  - A018                 - acc: 0.0
18  - A019                 - acc: 0.0
19  - A020                 - acc: 100.00
20  - A021                 - acc: 90.00
21  - A022                 - acc: 0.0
22  - A023                 - acc: 90.00
23  - A024                 - acc: 100.00
24  - A025                 - acc: 0.0
25  - A026                 - acc: 80.00
26  - A027                 - acc: 100.00
27  - A028                 - acc: 80.00
28  - A029                 - acc: 0.0
29  - A030                 - acc: 0.0
30  - A031                 - acc: 0.0
31  - A032                 - acc: 90.00
32  - A033                 - acc: 80.00
33  - A034                 - acc: 90.00
34  - A035                 - acc: 0.0
35  - A036                 - acc: 90.00
36  - A037                 - acc: 60.00
37  - A038                 - acc: 50.00
38  - A039                 - acc: 90.00
39  - A040                 - acc: 80.00
40  - A041                 - acc: 80.00
41  - A042                 - acc: 100.00
42  - A043                 - acc: 100.00
43  - A044                 - acc: 100.00
44  - A045                 - acc: 90.00
45  - A046                 - acc: 80.00
46  - A047                 - acc: 0.0
47  - A048                 - acc: 0.0
48  - A049                 - acc: 100.00
49  - A050                 - acc: 77.78
50  - A051                 - acc: 80.00
51  - A052                 - acc: 100.00
52  - A053                 - acc: 100.00
53  - A054                 - acc: 0.0
54  - A055                 - acc: 100.00

[08/21 09:24:07][INFO] trainer.py:  77: iter: 002510, lr: 0.00100, loss: 1.025142 (1.652335), tok1: 93.125 (74.032), tok5: 99.219 (89.315), time: 1.281 (0.865), eta: 2:16:46, mem: 16625M
[08/21 09:24:14][INFO] trainer.py:  77: iter: 002520, lr: 0.00100, loss: 1.014605 (1.649804), tok1: 92.969 (74.107), tok5: 99.531 (89.356), time: 0.682 (0.864), eta: 2:16:30, mem: 16625M
[08/21 09:24:21][INFO] trainer.py:  77: iter: 002530, lr: 0.00100, loss: 0.999799 (1.647235), tok1: 94.531 (74.188), tok5: 98.906 (89.394), time: 0.726 (0.863), eta: 2:16:17, mem: 16625M
[08/21 09:24:28][INFO] trainer.py:  77: iter: 002540, lr: 0.00100, loss: 1.014372 (1.644743), tok1: 93.594 (74.264), tok5: 99.844 (89.435), time: 0.724 (0.863), eta: 2:16:03, mem: 16625M
[08/21 09:24:36][INFO] trainer.py:  77: iter: 002550, lr: 0.00100, loss: 1.035161 (1.642353), tok1: 92.188 (74.335), tok5: 98.906 (89.472), time: 0.780 (0.863), eta: 2:15:51, mem: 16625M
[08/21 09:24:47][INFO] trainer.py:  77: iter: 002560, lr: 0.00100, loss: 1.080879 (1.640160), tok1: 90.156 (74.396), tok5: 98.438 (89.507), time: 1.115 (0.864), eta: 2:15:52, mem: 16625M
[08/21 09:24:55][INFO] trainer.py:  77: iter: 002570, lr: 0.00100, loss: 1.007956 (1.637700), tok1: 93.906 (74.472), tok5: 99.062 (89.544), time: 0.732 (0.863), eta: 2:15:38, mem: 16625M
[08/21 09:25:05][INFO] trainer.py:  77: iter: 002580, lr: 0.00100, loss: 0.966165 (1.635097), tok1: 95.156 (74.552), tok5: 99.688 (89.584), time: 1.013 (0.864), eta: 2:15:35, mem: 16625M
[08/21 09:25:12][INFO] trainer.py:  77: iter: 002590, lr: 0.00100, loss: 1.005363 (1.632665), tok1: 94.784 (74.631), tok5: 99.219 (89.621), time: 0.693 (0.863), eta: 2:15:20, mem: 16625M
[08/21 09:25:22][INFO] trainer.py:  77: iter: 002600, lr: 0.00100, loss: 1.036729 (1.630373), tok1: 93.750 (74.704), tok5: 98.438 (89.655), time: 0.993 (0.863), eta: 2:15:16, mem: 16625M
[08/21 09:25:31][INFO] trainer.py:  77: iter: 002610, lr: 0.00100, loss: 1.067157 (1.628216), tok1: 91.719 (74.769), tok5: 98.125 (89.687), time: 0.899 (0.864), eta: 2:15:09, mem: 16625M
[08/21 09:25:38][INFO] trainer.py:  77: iter: 002620, lr: 0.00100, loss: 0.999774 (1.625817), tok1: 94.375 (74.844), tok5: 99.688 (89.725), time: 0.722 (0.863), eta: 2:14:55, mem: 16625M
[08/21 09:25:47][INFO] trainer.py:  77: iter: 002630, lr: 0.00100, loss: 1.017089 (1.623502), tok1: 92.812 (74.912), tok5: 99.062 (89.761), time: 0.913 (0.863), eta: 2:14:48, mem: 16625M
[08/21 09:25:57][INFO] trainer.py:  77: iter: 002640, lr: 0.00100, loss: 1.006606 (1.621166), tok1: 93.438 (74.983), tok5: 99.219 (89.797), time: 0.943 (0.864), eta: 2:14:43, mem: 16625M
[08/21 09:26:04][INFO] trainer.py:  77: iter: 002650, lr: 0.00100, loss: 1.005639 (1.618843), tok1: 93.281 (75.052), tok5: 98.906 (89.831), time: 0.722 (0.863), eta: 2:14:29, mem: 16625M
[08/21 09:26:13][INFO] trainer.py:  77: iter: 002660, lr: 0.00100, loss: 1.046842 (1.616692), tok1: 92.031 (75.115), tok5: 98.438 (89.863), time: 0.885 (0.863), eta: 2:14:21, mem: 16625M
[08/21 09:26:19][INFO] trainer.py:  77: iter: 002670, lr: 0.00100, loss: 1.010551 (1.614422), tok1: 93.762 (75.185), tok5: 98.834 (89.897), time: 0.680 (0.862), eta: 2:14:06, mem: 16625M
[08/21 09:26:30][INFO] trainer.py:  77: iter: 002680, lr: 0.00100, loss: 0.999643 (1.612128), tok1: 92.656 (75.250), tok5: 99.219 (89.932), time: 1.027 (0.863), eta: 2:14:03, mem: 16625M
[08/21 09:26:39][INFO] trainer.py:  77: iter: 002690, lr: 0.00100, loss: 1.033554 (1.609978), tok1: 92.344 (75.314), tok5: 98.906 (89.965), time: 0.901 (0.863), eta: 2:13:56, mem: 16625M
[08/21 09:26:46][INFO] trainer.py:  77: iter: 002700, lr: 0.00100, loss: 1.005002 (1.607737), tok1: 93.125 (75.380), tok5: 99.375 (90.000), time: 0.731 (0.863), eta: 2:13:43, mem: 16625M
[08/21 09:26:56][INFO] trainer.py:  77: iter: 002710, lr: 0.00100, loss: 1.004001 (1.605509), tok1: 92.812 (75.444), tok5: 99.688 (90.036), time: 0.973 (0.863), eta: 2:13:38, mem: 16625M
[08/21 09:27:06][INFO] trainer.py:  77: iter: 002720, lr: 0.00100, loss: 1.028086 (1.603386), tok1: 92.188 (75.506), tok5: 99.219 (90.069), time: 1.028 (0.864), eta: 2:13:35, mem: 16625M
[08/21 09:27:13][INFO] trainer.py:  77: iter: 002730, lr: 0.00100, loss: 1.002575 (1.601185), tok1: 93.438 (75.572), tok5: 99.375 (90.104), time: 0.721 (0.863), eta: 2:13:21, mem: 16625M
[08/21 09:27:23][INFO] trainer.py:  77: iter: 002740, lr: 0.00100, loss: 1.003947 (1.599006), tok1: 94.159 (75.639), tok5: 99.531 (90.138), time: 0.976 (0.864), eta: 2:13:17, mem: 16625M
[08/21 09:27:30][INFO] trainer.py:  77: iter: 002750, lr: 0.00100, loss: 0.988690 (1.596786), tok1: 94.375 (75.708), tok5: 99.531 (90.172), time: 0.723 (0.863), eta: 2:13:03, mem: 16625M
[08/21 09:27:40][INFO] trainer.py:  77: iter: 002760, lr: 0.00100, loss: 1.034477 (1.594749), tok1: 92.344 (75.768), tok5: 98.750 (90.203), time: 0.942 (0.863), eta: 2:12:57, mem: 16625M
[08/21 09:27:49][INFO] trainer.py:  77: iter: 002770, lr: 0.00100, loss: 1.025018 (1.592692), tok1: 94.219 (75.834), tok5: 98.594 (90.233), time: 0.899 (0.864), eta: 2:12:50, mem: 16625M
[08/21 09:27:56][INFO] trainer.py:  77: iter: 002780, lr: 0.00100, loss: 1.008529 (1.590591), tok1: 93.906 (75.899), tok5: 99.375 (90.266), time: 0.721 (0.863), eta: 2:12:36, mem: 16625M
[08/21 09:28:05][INFO] trainer.py:  77: iter: 002790, lr: 0.00100, loss: 0.998881 (1.588470), tok1: 93.906 (75.964), tok5: 99.531 (90.300), time: 0.927 (0.863), eta: 2:12:30, mem: 16625M
[08/21 09:28:14][INFO] trainer.py:  77: iter: 002800, lr: 0.00100, loss: 1.002706 (1.586378), tok1: 93.750 (76.027), tok5: 99.219 (90.331), time: 0.924 (0.863), eta: 2:12:23, mem: 16625M
[08/21 09:28:22][INFO] trainer.py:  77: iter: 002810, lr: 0.00100, loss: 0.994159 (1.584271), tok1: 93.750 (76.091), tok5: 99.219 (90.363), time: 0.723 (0.863), eta: 2:12:10, mem: 16625M
[08/21 09:28:31][INFO] trainer.py:  77: iter: 002820, lr: 0.00100, loss: 1.001398 (1.582204), tok1: 93.750 (76.153), tok5: 99.688 (90.396), time: 0.955 (0.863), eta: 2:12:04, mem: 16625M
[08/21 09:28:38][INFO] trainer.py:  77: iter: 002830, lr: 0.00100, loss: 0.995415 (1.580130), tok1: 93.125 (76.213), tok5: 98.906 (90.426), time: 0.728 (0.863), eta: 2:11:51, mem: 16625M
[08/21 09:28:48][INFO] trainer.py:  77: iter: 002840, lr: 0.00100, loss: 0.995262 (1.578071), tok1: 93.594 (76.274), tok5: 99.219 (90.457), time: 0.917 (0.863), eta: 2:11:44, mem: 16625M
[08/21 09:28:58][INFO] trainer.py:  77: iter: 002850, lr: 0.00100, loss: 0.999430 (1.576040), tok1: 94.531 (76.338), tok5: 98.750 (90.486), time: 0.999 (0.863), eta: 2:11:40, mem: 16625M
[08/21 09:29:05][INFO] trainer.py:  77: iter: 002860, lr: 0.00100, loss: 1.015082 (1.574079), tok1: 93.438 (76.398), tok5: 98.750 (90.515), time: 0.723 (0.863), eta: 2:11:27, mem: 16625M
[08/21 09:29:16][INFO] trainer.py:  77: iter: 002870, lr: 0.00100, loss: 1.027354 (1.572174), tok1: 92.500 (76.454), tok5: 99.219 (90.545), time: 1.097 (0.864), eta: 2:11:26, mem: 16625M
[08/21 09:29:23][INFO] trainer.py:  77: iter: 002880, lr: 0.00100, loss: 0.999380 (1.570185), tok1: 93.906 (76.515), tok5: 99.531 (90.577), time: 0.755 (0.863), eta: 2:11:14, mem: 16625M
[08/21 09:29:30][INFO] trainer.py:  77: iter: 002890, lr: 0.00100, loss: 1.017145 (1.568272), tok1: 92.740 (76.571), tok5: 98.906 (90.605), time: 0.685 (0.863), eta: 2:11:00, mem: 16625M
[08/21 09:29:39][INFO] trainer.py:  77: iter: 002900, lr: 0.00100, loss: 1.010259 (1.566347), tok1: 93.594 (76.630), tok5: 98.906 (90.634), time: 0.883 (0.863), eta: 2:10:52, mem: 16625M
[08/21 09:29:46][INFO] trainer.py:  77: iter: 002910, lr: 0.00100, loss: 0.989524 (1.564365), tok1: 92.656 (76.685), tok5: 99.531 (90.665), time: 0.722 (0.862), eta: 2:10:38, mem: 16625M
[08/21 09:29:56][INFO] trainer.py:  77: iter: 002920, lr: 0.00100, loss: 1.026404 (1.562523), tok1: 93.281 (76.742), tok5: 99.219 (90.694), time: 0.970 (0.863), eta: 2:10:33, mem: 16625M
[08/21 09:30:05][INFO] trainer.py:  77: iter: 002930, lr: 0.00100, loss: 0.976353 (1.560522), tok1: 94.688 (76.803), tok5: 99.375 (90.724), time: 0.923 (0.863), eta: 2:10:26, mem: 16625M
[08/21 09:30:12][INFO] trainer.py:  77: iter: 002940, lr: 0.00100, loss: 1.000403 (1.558617), tok1: 93.750 (76.861), tok5: 99.375 (90.753), time: 0.722 (0.862), eta: 2:10:13, mem: 16625M
[08/21 09:30:23][INFO] trainer.py:  77: iter: 002950, lr: 0.00100, loss: 0.969529 (1.556620), tok1: 95.312 (76.923), tok5: 99.531 (90.783), time: 1.115 (0.863), eta: 2:10:13, mem: 16625M
[08/21 09:30:32][INFO] trainer.py:  77: iter: 002960, lr: 0.00100, loss: 0.992478 (1.554714), tok1: 93.762 (76.980), tok5: 99.219 (90.811), time: 0.828 (0.863), eta: 2:10:03, mem: 16625M
[08/21 09:30:39][INFO] trainer.py:  77: iter: 002970, lr: 0.00100, loss: 1.007475 (1.552872), tok1: 94.062 (77.037), tok5: 98.906 (90.839), time: 0.724 (0.863), eta: 2:09:50, mem: 16625M
[08/21 09:30:48][INFO] trainer.py:  77: iter: 002980, lr: 0.00100, loss: 0.978878 (1.550946), tok1: 94.219 (77.095), tok5: 99.531 (90.868), time: 0.919 (0.863), eta: 2:09:43, mem: 16625M
[08/21 09:30:55][INFO] trainer.py:  77: iter: 002990, lr: 0.00100, loss: 0.988726 (1.549065), tok1: 93.281 (77.149), tok5: 99.531 (90.897), time: 0.721 (0.862), eta: 2:09:30, mem: 16625M
[08/21 09:31:03][INFO] trainer.py:  77: iter: 003000, lr: 0.00100, loss: 1.000436 (1.547236), tok1: 94.062 (77.206), tok5: 99.531 (90.925), time: 0.806 (0.862), eta: 2:09:20, mem: 16625M
[08/21 09:31:03][INFO] checkpoint.py:  46: Saving checkpoint to outputs/x3d-s_clipgcn_tensor_cs_70_10_20_zsl_40_15_coco17_182/model_003000.pth
[08/21 09:31:04][INFO] inference.py:  51: Evaluating CLIPGCN_TENSOR dataset(399 video clips):
  0%|          | 0/7 [00:00<?, ?it/s] 14%|█▍        | 1/7 [00:05<00:31,  5.17s/it] 29%|██▊       | 2/7 [00:05<00:11,  2.26s/it] 43%|████▎     | 3/7 [00:05<00:06,  1.50s/it] 57%|█████▋    | 4/7 [00:06<00:02,  1.00it/s] 71%|███████▏  | 5/7 [00:06<00:01,  1.40it/s] 86%|████████▌ | 6/7 [00:06<00:00,  1.83it/s]100%|██████████| 7/7 [00:06<00:00,  1.04it/s]
[08/21 09:31:11][INFO] inference.py:  61: 
total - top1 acc: 83.869 top5 acc: 97.932
0   - A001                 - acc: 50.00
1   - A002                 - acc: 60.00
2   - A003                 - acc: 50.00
3   - A004                 - acc: 50.00
4   - A005                 - acc: 90.00
5   - A006                 - acc: 0.0
6   - A007                 - acc: 60.00
7   - A008                 - acc: 0.0
8   - A009                 - acc: 60.00
9   - A010                 - acc: 90.00
10  - A011                 - acc: 0.0
11  - A012                 - acc: 90.00
12  - A013                 - acc: 0.0
13  - A014                 - acc: 60.00
14  - A015                 - acc: 70.00
15  - A016                 - acc: 100.00
16  - A017                 - acc: 80.00
17  - A018                 - acc: 0.0
18  - A019                 - acc: 0.0
19  - A020                 - acc: 100.00
20  - A021                 - acc: 90.00
21  - A022                 - acc: 0.0
22  - A023                 - acc: 90.00
23  - A024                 - acc: 100.00
24  - A025                 - acc: 0.0
25  - A026                 - acc: 80.00
26  - A027                 - acc: 90.00
27  - A028                 - acc: 80.00
28  - A029                 - acc: 0.0
29  - A030                 - acc: 0.0
30  - A031                 - acc: 0.0
31  - A032                 - acc: 90.00
32  - A033                 - acc: 80.00
33  - A034                 - acc: 90.00
34  - A035                 - acc: 0.0
35  - A036                 - acc: 90.00
36  - A037                 - acc: 60.00
37  - A038                 - acc: 50.00
38  - A039                 - acc: 100.00
39  - A040                 - acc: 90.00
40  - A041                 - acc: 80.00
41  - A042                 - acc: 100.00
42  - A043                 - acc: 100.00
43  - A044                 - acc: 100.00
44  - A045                 - acc: 90.00
45  - A046                 - acc: 80.00
46  - A047                 - acc: 0.0
47  - A048                 - acc: 0.0
48  - A049                 - acc: 100.00
49  - A050                 - acc: 88.89
50  - A051                 - acc: 80.00
51  - A052                 - acc: 100.00
52  - A053                 - acc: 100.00
53  - A054                 - acc: 0.0
54  - A055                 - acc: 100.00

[08/21 09:31:19][INFO] trainer.py:  77: iter: 003010, lr: 0.00100, loss: 0.984633 (1.545367), tok1: 94.062 (77.262), tok5: 99.531 (90.954), time: 1.506 (0.864), eta: 2:09:31, mem: 16625M
[08/21 09:31:26][INFO] trainer.py:  77: iter: 003020, lr: 0.00100, loss: 0.984192 (1.543509), tok1: 94.375 (77.318), tok5: 99.062 (90.981), time: 0.729 (0.864), eta: 2:09:18, mem: 16625M
[08/21 09:31:33][INFO] trainer.py:  77: iter: 003030, lr: 0.00100, loss: 1.004903 (1.541732), tok1: 92.812 (77.369), tok5: 98.750 (91.007), time: 0.727 (0.864), eta: 2:09:05, mem: 16625M
[08/21 09:31:42][INFO] trainer.py:  77: iter: 003040, lr: 0.00100, loss: 0.968134 (1.539845), tok1: 94.483 (77.426), tok5: 99.688 (91.035), time: 0.849 (0.863), eta: 2:08:56, mem: 16625M
[08/21 09:31:49][INFO] trainer.py:  77: iter: 003050, lr: 0.00100, loss: 0.973884 (1.537989), tok1: 95.312 (77.484), tok5: 99.219 (91.062), time: 0.734 (0.863), eta: 2:08:44, mem: 16625M
[08/21 09:31:59][INFO] trainer.py:  77: iter: 003060, lr: 0.00100, loss: 0.987013 (1.536189), tok1: 93.750 (77.538), tok5: 99.219 (91.089), time: 1.054 (0.864), eta: 2:08:41, mem: 16625M
[08/21 09:32:07][INFO] trainer.py:  77: iter: 003070, lr: 0.00100, loss: 0.985855 (1.534396), tok1: 94.531 (77.593), tok5: 99.219 (91.115), time: 0.725 (0.863), eta: 2:08:28, mem: 16625M
[08/21 09:32:16][INFO] trainer.py:  77: iter: 003080, lr: 0.00100, loss: 0.980187 (1.532597), tok1: 94.531 (77.648), tok5: 99.375 (91.142), time: 0.949 (0.863), eta: 2:08:22, mem: 16625M
[08/21 09:32:25][INFO] trainer.py:  77: iter: 003090, lr: 0.00100, loss: 0.967249 (1.530767), tok1: 94.375 (77.702), tok5: 99.531 (91.169), time: 0.863 (0.863), eta: 2:08:13, mem: 16625M
[08/21 09:32:32][INFO] trainer.py:  77: iter: 003100, lr: 0.00100, loss: 0.962677 (1.528934), tok1: 95.000 (77.758), tok5: 99.688 (91.196), time: 0.729 (0.863), eta: 2:08:01, mem: 16625M
[08/21 09:32:41][INFO] trainer.py:  77: iter: 003110, lr: 0.00100, loss: 0.979096 (1.527166), tok1: 93.846 (77.810), tok5: 99.303 (91.223), time: 0.927 (0.863), eta: 2:07:54, mem: 16625M
[08/21 09:32:52][INFO] trainer.py:  77: iter: 003120, lr: 0.00100, loss: 0.974737 (1.525396), tok1: 94.375 (77.863), tok5: 98.750 (91.247), time: 1.050 (0.864), eta: 2:07:51, mem: 16625M
[08/21 09:32:59][INFO] trainer.py:  77: iter: 003130, lr: 0.00100, loss: 0.996609 (1.523706), tok1: 93.594 (77.913), tok5: 99.375 (91.273), time: 0.724 (0.863), eta: 2:07:38, mem: 16625M
[08/21 09:33:10][INFO] trainer.py:  77: iter: 003140, lr: 0.00100, loss: 1.005169 (1.522055), tok1: 93.125 (77.961), tok5: 99.219 (91.298), time: 1.064 (0.864), eta: 2:07:35, mem: 16625M
[08/21 09:33:17][INFO] trainer.py:  77: iter: 003150, lr: 0.00100, loss: 0.954623 (1.520254), tok1: 95.469 (78.017), tok5: 99.844 (91.325), time: 0.724 (0.864), eta: 2:07:22, mem: 16625M
[08/21 09:33:25][INFO] trainer.py:  77: iter: 003160, lr: 0.00100, loss: 0.977947 (1.518538), tok1: 94.375 (78.069), tok5: 99.375 (91.351), time: 0.830 (0.863), eta: 2:07:13, mem: 16625M
[08/21 09:33:35][INFO] trainer.py:  77: iter: 003170, lr: 0.00100, loss: 1.000164 (1.516902), tok1: 94.219 (78.120), tok5: 98.594 (91.373), time: 0.971 (0.864), eta: 2:07:07, mem: 16625M
[08/21 09:33:42][INFO] trainer.py:  77: iter: 003180, lr: 0.00100, loss: 0.951356 (1.515124), tok1: 95.312 (78.174), tok5: 99.375 (91.399), time: 0.723 (0.863), eta: 2:06:55, mem: 16625M
[08/21 09:33:50][INFO] trainer.py:  77: iter: 003190, lr: 0.00100, loss: 0.968275 (1.513410), tok1: 94.772 (78.226), tok5: 99.219 (91.423), time: 0.771 (0.863), eta: 2:06:43, mem: 16625M
[08/21 09:33:59][INFO] trainer.py:  77: iter: 003200, lr: 0.00100, loss: 0.991899 (1.511780), tok1: 94.062 (78.275), tok5: 99.062 (91.447), time: 0.934 (0.863), eta: 2:06:37, mem: 16625M
[08/21 09:34:07][INFO] trainer.py:  77: iter: 003210, lr: 0.00100, loss: 0.980644 (1.510125), tok1: 94.219 (78.325), tok5: 98.750 (91.470), time: 0.721 (0.863), eta: 2:06:24, mem: 16625M
[08/21 09:34:15][INFO] trainer.py:  77: iter: 003220, lr: 0.00100, loss: 0.958630 (1.508412), tok1: 95.469 (78.378), tok5: 99.531 (91.495), time: 0.816 (0.863), eta: 2:06:14, mem: 16625M
[08/21 09:34:22][INFO] trainer.py:  77: iter: 003230, lr: 0.00100, loss: 0.965166 (1.506731), tok1: 95.312 (78.431), tok5: 98.906 (91.518), time: 0.725 (0.862), eta: 2:06:02, mem: 16625M
[08/21 09:34:30][INFO] trainer.py:  77: iter: 003240, lr: 0.00100, loss: 0.987200 (1.505127), tok1: 94.375 (78.480), tok5: 99.062 (91.541), time: 0.822 (0.862), eta: 2:05:52, mem: 16625M
[08/21 09:34:38][INFO] trainer.py:  77: iter: 003250, lr: 0.00100, loss: 0.960112 (1.503450), tok1: 94.844 (78.530), tok5: 99.219 (91.565), time: 0.799 (0.862), eta: 2:05:42, mem: 16625M
[08/21 09:34:45][INFO] trainer.py:  77: iter: 003260, lr: 0.00100, loss: 0.975071 (1.501829), tok1: 93.762 (78.577), tok5: 99.531 (91.589), time: 0.685 (0.861), eta: 2:05:29, mem: 16625M
[08/21 09:34:53][INFO] trainer.py:  77: iter: 003270, lr: 0.00100, loss: 0.950343 (1.500143), tok1: 96.094 (78.630), tok5: 99.375 (91.613), time: 0.824 (0.861), eta: 2:05:19, mem: 16625M
[08/21 09:35:02][INFO] trainer.py:  77: iter: 003280, lr: 0.00100, loss: 0.980627 (1.498559), tok1: 94.531 (78.679), tok5: 99.531 (91.637), time: 0.834 (0.861), eta: 2:05:10, mem: 16625M
[08/21 09:35:09][INFO] trainer.py:  77: iter: 003290, lr: 0.00100, loss: 0.960779 (1.496924), tok1: 95.625 (78.730), tok5: 99.375 (91.661), time: 0.725 (0.861), eta: 2:04:57, mem: 16625M
[08/21 09:35:17][INFO] trainer.py:  77: iter: 003300, lr: 0.00100, loss: 0.984805 (1.495373), tok1: 93.594 (78.775), tok5: 99.531 (91.684), time: 0.774 (0.861), eta: 2:04:46, mem: 16625M
[08/21 09:35:24][INFO] trainer.py:  77: iter: 003310, lr: 0.00100, loss: 0.979321 (1.493813), tok1: 95.312 (78.825), tok5: 99.531 (91.708), time: 0.725 (0.860), eta: 2:04:34, mem: 16625M
[08/21 09:35:32][INFO] trainer.py:  77: iter: 003320, lr: 0.00100, loss: 0.960903 (1.492208), tok1: 95.781 (78.876), tok5: 99.062 (91.730), time: 0.773 (0.860), eta: 2:04:23, mem: 16625M
[08/21 09:35:40][INFO] trainer.py:  77: iter: 003330, lr: 0.00100, loss: 0.934674 (1.490534), tok1: 96.490 (78.929), tok5: 99.844 (91.755), time: 0.808 (0.860), eta: 2:04:13, mem: 16625M
[08/21 09:35:47][INFO] trainer.py:  77: iter: 003340, lr: 0.00100, loss: 0.993891 (1.489047), tok1: 94.688 (78.977), tok5: 98.594 (91.775), time: 0.724 (0.859), eta: 2:04:01, mem: 16625M
[08/21 09:35:55][INFO] trainer.py:  77: iter: 003350, lr: 0.00100, loss: 0.960821 (1.487470), tok1: 95.625 (79.026), tok5: 98.750 (91.796), time: 0.831 (0.859), eta: 2:03:52, mem: 16625M
[08/21 09:36:03][INFO] trainer.py:  77: iter: 003360, lr: 0.00100, loss: 0.967944 (1.485924), tok1: 94.844 (79.073), tok5: 99.531 (91.819), time: 0.739 (0.859), eta: 2:03:40, mem: 16625M
[08/21 09:36:10][INFO] trainer.py:  77: iter: 003370, lr: 0.00100, loss: 0.985133 (1.484438), tok1: 95.000 (79.121), tok5: 98.906 (91.840), time: 0.730 (0.859), eta: 2:03:28, mem: 16625M
[08/21 09:36:20][INFO] trainer.py:  77: iter: 003380, lr: 0.00100, loss: 0.980456 (1.482947), tok1: 94.375 (79.166), tok5: 98.906 (91.861), time: 1.021 (0.859), eta: 2:03:24, mem: 16625M
[08/21 09:36:27][INFO] trainer.py:  77: iter: 003390, lr: 0.00100, loss: 0.975173 (1.481449), tok1: 93.594 (79.208), tok5: 98.906 (91.882), time: 0.728 (0.859), eta: 2:03:12, mem: 16625M
[08/21 09:36:37][INFO] trainer.py:  77: iter: 003400, lr: 0.00100, loss: 1.005679 (1.480050), tok1: 93.750 (79.251), tok5: 98.438 (91.901), time: 0.949 (0.859), eta: 2:03:06, mem: 16625M
[08/21 09:36:44][INFO] trainer.py:  77: iter: 003410, lr: 0.00100, loss: 0.983140 (1.478593), tok1: 94.940 (79.297), tok5: 98.678 (91.921), time: 0.708 (0.858), eta: 2:02:53, mem: 16625M
[08/21 09:36:51][INFO] trainer.py:  77: iter: 003420, lr: 0.00100, loss: 0.947890 (1.477041), tok1: 96.094 (79.346), tok5: 99.219 (91.942), time: 0.728 (0.858), eta: 2:02:42, mem: 16625M
[08/21 09:37:00][INFO] trainer.py:  77: iter: 003430, lr: 0.00100, loss: 0.954481 (1.475517), tok1: 95.625 (79.394), tok5: 99.531 (91.964), time: 0.841 (0.858), eta: 2:02:33, mem: 16625M
[08/21 09:37:07][INFO] trainer.py:  77: iter: 003440, lr: 0.00100, loss: 0.989552 (1.474105), tok1: 94.844 (79.439), tok5: 98.438 (91.983), time: 0.764 (0.858), eta: 2:02:22, mem: 16625M
[08/21 09:37:15][INFO] trainer.py:  77: iter: 003450, lr: 0.00100, loss: 0.972951 (1.472652), tok1: 94.375 (79.482), tok5: 99.375 (92.004), time: 0.727 (0.857), eta: 2:02:10, mem: 16625M
[08/21 09:37:22][INFO] trainer.py:  77: iter: 003460, lr: 0.00100, loss: 0.966276 (1.471188), tok1: 95.156 (79.527), tok5: 98.906 (92.024), time: 0.745 (0.857), eta: 2:01:58, mem: 16625M
[08/21 09:37:29][INFO] trainer.py:  77: iter: 003470, lr: 0.00100, loss: 0.957009 (1.469707), tok1: 95.469 (79.573), tok5: 99.844 (92.047), time: 0.728 (0.857), eta: 2:01:47, mem: 16625M
[08/21 09:37:37][INFO] trainer.py:  77: iter: 003480, lr: 0.00100, loss: 0.990148 (1.468329), tok1: 93.462 (79.613), tok5: 99.219 (92.068), time: 0.801 (0.856), eta: 2:01:37, mem: 16625M
[08/21 09:37:48][INFO] trainer.py:  77: iter: 003490, lr: 0.00100, loss: 0.944240 (1.466827), tok1: 95.469 (79.658), tok5: 99.531 (92.089), time: 1.025 (0.857), eta: 2:01:32, mem: 16625M
[08/21 09:37:55][INFO] trainer.py:  77: iter: 003500, lr: 0.00100, loss: 0.962264 (1.465385), tok1: 94.375 (79.700), tok5: 99.219 (92.109), time: 0.723 (0.857), eta: 2:01:21, mem: 16625M
[08/21 09:37:55][INFO] checkpoint.py:  46: Saving checkpoint to outputs/x3d-s_clipgcn_tensor_cs_70_10_20_zsl_40_15_coco17_182/model_003500.pth
[08/21 09:37:55][INFO] inference.py:  51: Evaluating CLIPGCN_TENSOR dataset(399 video clips):
  0%|          | 0/7 [00:00<?, ?it/s] 14%|█▍        | 1/7 [00:04<00:29,  4.86s/it] 29%|██▊       | 2/7 [00:05<00:11,  2.29s/it] 43%|████▎     | 3/7 [00:05<00:05,  1.34s/it] 57%|█████▋    | 4/7 [00:05<00:02,  1.11it/s] 71%|███████▏  | 5/7 [00:06<00:01,  1.53it/s] 86%|████████▌ | 6/7 [00:06<00:00,  1.98it/s]100%|██████████| 7/7 [00:06<00:00,  1.12it/s]
[08/21 09:38:01][INFO] inference.py:  61: 
total - top1 acc: 85.878 top5 acc: 99.330
0   - A001                 - acc: 70.00
1   - A002                 - acc: 80.00
2   - A003                 - acc: 60.00
3   - A004                 - acc: 50.00
4   - A005                 - acc: 90.00
5   - A006                 - acc: 0.0
6   - A007                 - acc: 60.00
7   - A008                 - acc: 0.0
8   - A009                 - acc: 60.00
9   - A010                 - acc: 90.00
10  - A011                 - acc: 0.0
11  - A012                 - acc: 90.00
12  - A013                 - acc: 0.0
13  - A014                 - acc: 80.00
14  - A015                 - acc: 60.00
15  - A016                 - acc: 100.00
16  - A017                 - acc: 80.00
17  - A018                 - acc: 0.0
18  - A019                 - acc: 0.0
19  - A020                 - acc: 100.00
20  - A021                 - acc: 100.00
21  - A022                 - acc: 0.0
22  - A023                 - acc: 90.00
23  - A024                 - acc: 100.00
24  - A025                 - acc: 0.0
25  - A026                 - acc: 80.00
26  - A027                 - acc: 90.00
27  - A028                 - acc: 70.00
28  - A029                 - acc: 0.0
29  - A030                 - acc: 0.0
30  - A031                 - acc: 0.0
31  - A032                 - acc: 90.00
32  - A033                 - acc: 70.00
33  - A034                 - acc: 90.00
34  - A035                 - acc: 0.0
35  - A036                 - acc: 90.00
36  - A037                 - acc: 70.00
37  - A038                 - acc: 70.00
38  - A039                 - acc: 90.00
39  - A040                 - acc: 90.00
40  - A041                 - acc: 80.00
41  - A042                 - acc: 100.00
42  - A043                 - acc: 100.00
43  - A044                 - acc: 100.00
44  - A045                 - acc: 90.00
45  - A046                 - acc: 100.00
46  - A047                 - acc: 0.0
47  - A048                 - acc: 0.0
48  - A049                 - acc: 100.00
49  - A050                 - acc: 77.78
50  - A051                 - acc: 90.00
51  - A052                 - acc: 100.00
52  - A053                 - acc: 100.00
53  - A054                 - acc: 0.0
54  - A055                 - acc: 100.00

[08/21 09:38:09][INFO] trainer.py:  77: iter: 003510, lr: 0.00100, loss: 0.969039 (1.463971), tok1: 94.219 (79.742), tok5: 99.219 (92.130), time: 1.408 (0.858), eta: 2:01:25, mem: 16625M
[08/21 09:38:16][INFO] trainer.py:  77: iter: 003520, lr: 0.00100, loss: 0.979534 (1.462595), tok1: 95.000 (79.785), tok5: 98.750 (92.148), time: 0.728 (0.858), eta: 2:01:14, mem: 16625M
[08/21 09:38:23][INFO] trainer.py:  77: iter: 003530, lr: 0.00100, loss: 0.946316 (1.461132), tok1: 96.094 (79.831), tok5: 99.062 (92.168), time: 0.724 (0.857), eta: 2:01:02, mem: 16625M
[08/21 09:38:31][INFO] trainer.py:  77: iter: 003540, lr: 0.00100, loss: 0.934115 (1.459644), tok1: 95.781 (79.876), tok5: 99.844 (92.190), time: 0.725 (0.857), eta: 2:00:50, mem: 16625M
[08/21 09:38:38][INFO] trainer.py:  77: iter: 003550, lr: 0.00100, loss: 0.966338 (1.458254), tok1: 94.688 (79.918), tok5: 99.219 (92.209), time: 0.723 (0.857), eta: 2:00:38, mem: 16625M
[08/21 09:38:47][INFO] trainer.py:  77: iter: 003560, lr: 0.00100, loss: 0.947413 (1.456819), tok1: 94.543 (79.959), tok5: 99.375 (92.230), time: 0.920 (0.857), eta: 2:00:31, mem: 16625M
[08/21 09:38:57][INFO] trainer.py:  77: iter: 003570, lr: 0.00100, loss: 0.964028 (1.455439), tok1: 95.000 (80.001), tok5: 99.062 (92.249), time: 1.047 (0.857), eta: 2:00:27, mem: 16625M
[08/21 09:39:05][INFO] trainer.py:  77: iter: 003580, lr: 0.00100, loss: 0.961559 (1.454059), tok1: 95.312 (80.044), tok5: 98.750 (92.267), time: 0.725 (0.857), eta: 2:00:15, mem: 16625M
[08/21 09:39:15][INFO] trainer.py:  77: iter: 003590, lr: 0.00100, loss: 0.939789 (1.452627), tok1: 96.406 (80.090), tok5: 99.531 (92.287), time: 0.988 (0.857), eta: 2:00:10, mem: 16625M
[08/21 09:39:25][INFO] trainer.py:  77: iter: 003600, lr: 0.00100, loss: 0.958967 (1.451255), tok1: 95.000 (80.131), tok5: 99.062 (92.306), time: 0.988 (0.858), eta: 2:00:04, mem: 16625M
[08/21 09:39:32][INFO] trainer.py:  77: iter: 003610, lr: 0.00100, loss: 0.939055 (1.449837), tok1: 96.250 (80.176), tok5: 99.219 (92.325), time: 0.731 (0.857), eta: 1:59:53, mem: 16625M
[08/21 09:39:41][INFO] trainer.py:  77: iter: 003620, lr: 0.00100, loss: 0.977099 (1.448531), tok1: 95.156 (80.217), tok5: 99.219 (92.344), time: 0.903 (0.858), eta: 1:59:45, mem: 16625M
[08/21 09:39:48][INFO] trainer.py:  77: iter: 003630, lr: 0.00100, loss: 0.939046 (1.447127), tok1: 96.719 (80.263), tok5: 99.375 (92.364), time: 0.689 (0.857), eta: 1:59:33, mem: 16625M
[08/21 09:39:57][INFO] trainer.py:  77: iter: 003640, lr: 0.00100, loss: 0.933592 (1.445716), tok1: 95.469 (80.304), tok5: 99.375 (92.383), time: 0.936 (0.857), eta: 1:59:26, mem: 16625M
[08/21 09:40:06][INFO] trainer.py:  77: iter: 003650, lr: 0.00100, loss: 0.943552 (1.444341), tok1: 95.625 (80.346), tok5: 99.688 (92.403), time: 0.903 (0.857), eta: 1:59:19, mem: 16625M
[08/21 09:40:13][INFO] trainer.py:  77: iter: 003660, lr: 0.00100, loss: 0.974335 (1.443056), tok1: 94.062 (80.384), tok5: 99.219 (92.421), time: 0.721 (0.857), eta: 1:59:07, mem: 16625M
[08/21 09:40:23][INFO] trainer.py:  77: iter: 003670, lr: 0.00100, loss: 0.965398 (1.441755), tok1: 95.000 (80.424), tok5: 99.375 (92.440), time: 0.937 (0.857), eta: 1:59:00, mem: 16625M
[08/21 09:40:32][INFO] trainer.py:  77: iter: 003680, lr: 0.00100, loss: 0.973674 (1.440483), tok1: 95.000 (80.463), tok5: 99.219 (92.459), time: 0.947 (0.857), eta: 1:58:54, mem: 16625M
[08/21 09:40:39][INFO] trainer.py:  77: iter: 003690, lr: 0.00100, loss: 0.924961 (1.439086), tok1: 96.094 (80.506), tok5: 99.531 (92.478), time: 0.721 (0.857), eta: 1:58:42, mem: 16625M
[08/21 09:40:49][INFO] trainer.py:  77: iter: 003700, lr: 0.00100, loss: 0.927894 (1.437704), tok1: 96.803 (80.550), tok5: 99.219 (92.496), time: 0.923 (0.857), eta: 1:58:35, mem: 16625M
[08/21 09:40:56][INFO] trainer.py:  77: iter: 003710, lr: 0.00100, loss: 0.930856 (1.436338), tok1: 97.344 (80.595), tok5: 99.375 (92.515), time: 0.721 (0.857), eta: 1:58:23, mem: 16625M
[08/21 09:41:06][INFO] trainer.py:  77: iter: 003720, lr: 0.00100, loss: 0.946727 (1.435022), tok1: 96.094 (80.637), tok5: 99.844 (92.534), time: 1.003 (0.857), eta: 1:58:18, mem: 16625M
[08/21 09:41:13][INFO] trainer.py:  77: iter: 003730, lr: 0.00100, loss: 0.920898 (1.433644), tok1: 95.469 (80.676), tok5: 99.375 (92.553), time: 0.721 (0.857), eta: 1:58:06, mem: 16625M
[08/21 09:41:20][INFO] trainer.py:  77: iter: 003740, lr: 0.00100, loss: 0.950644 (1.432352), tok1: 94.844 (80.714), tok5: 99.375 (92.571), time: 0.724 (0.857), eta: 1:57:55, mem: 16625M
[08/21 09:41:29][INFO] trainer.py:  77: iter: 003750, lr: 0.00100, loss: 0.962037 (1.431098), tok1: 95.156 (80.753), tok5: 99.062 (92.588), time: 0.872 (0.857), eta: 1:57:47, mem: 16625M
[08/21 09:41:38][INFO] trainer.py:  77: iter: 003760, lr: 0.00100, loss: 0.944271 (1.429803), tok1: 95.156 (80.791), tok5: 99.844 (92.608), time: 0.927 (0.857), eta: 1:57:40, mem: 16625M
[08/21 09:41:46][INFO] trainer.py:  77: iter: 003770, lr: 0.00100, loss: 0.926488 (1.428468), tok1: 96.562 (80.833), tok5: 99.688 (92.626), time: 0.722 (0.856), eta: 1:57:28, mem: 16625M
[08/21 09:41:54][INFO] trainer.py:  77: iter: 003780, lr: 0.00100, loss: 0.918380 (1.427119), tok1: 95.481 (80.872), tok5: 99.531 (92.645), time: 0.896 (0.857), eta: 1:57:20, mem: 16625M
[08/21 09:42:02][INFO] trainer.py:  77: iter: 003790, lr: 0.00100, loss: 0.948017 (1.425855), tok1: 95.938 (80.911), tok5: 99.062 (92.662), time: 0.727 (0.856), eta: 1:57:09, mem: 16625M
[08/21 09:42:11][INFO] trainer.py:  77: iter: 003800, lr: 0.00100, loss: 0.940298 (1.424577), tok1: 95.625 (80.950), tok5: 98.906 (92.678), time: 0.914 (0.856), eta: 1:57:02, mem: 16625M
[08/21 09:42:20][INFO] trainer.py:  77: iter: 003810, lr: 0.00100, loss: 0.938313 (1.423301), tok1: 95.781 (80.989), tok5: 99.375 (92.696), time: 0.867 (0.856), eta: 1:56:53, mem: 16625M
[08/21 09:42:27][INFO] trainer.py:  77: iter: 003820, lr: 0.00100, loss: 0.968518 (1.422110), tok1: 95.469 (81.027), tok5: 99.062 (92.712), time: 0.720 (0.856), eta: 1:56:42, mem: 16625M
[08/21 09:42:36][INFO] trainer.py:  77: iter: 003830, lr: 0.00100, loss: 0.952212 (1.420883), tok1: 94.688 (81.063), tok5: 99.219 (92.729), time: 0.949 (0.856), eta: 1:56:35, mem: 16625M
[08/21 09:42:45][INFO] trainer.py:  77: iter: 003840, lr: 0.00100, loss: 0.972331 (1.419715), tok1: 95.625 (81.101), tok5: 98.594 (92.745), time: 0.922 (0.856), eta: 1:56:28, mem: 16625M
[08/21 09:42:52][INFO] trainer.py:  77: iter: 003850, lr: 0.00100, loss: 0.927423 (1.418436), tok1: 96.406 (81.140), tok5: 99.531 (92.762), time: 0.678 (0.856), eta: 1:56:16, mem: 16625M
[08/21 09:43:02][INFO] trainer.py:  77: iter: 003860, lr: 0.00100, loss: 0.923877 (1.417155), tok1: 96.406 (81.180), tok5: 99.375 (92.779), time: 0.994 (0.856), eta: 1:56:10, mem: 16625M
[08/21 09:43:09][INFO] trainer.py:  77: iter: 003870, lr: 0.00100, loss: 0.929730 (1.415896), tok1: 95.938 (81.218), tok5: 99.531 (92.797), time: 0.721 (0.856), eta: 1:55:59, mem: 16625M
[08/21 09:43:18][INFO] trainer.py:  77: iter: 003880, lr: 0.00100, loss: 0.938437 (1.414665), tok1: 95.781 (81.256), tok5: 99.375 (92.814), time: 0.906 (0.856), eta: 1:55:51, mem: 16625M
[08/21 09:43:28][INFO] trainer.py:  77: iter: 003890, lr: 0.00100, loss: 0.946281 (1.413461), tok1: 95.000 (81.291), tok5: 99.375 (92.831), time: 0.927 (0.856), eta: 1:55:44, mem: 16625M
[08/21 09:43:35][INFO] trainer.py:  77: iter: 003900, lr: 0.00100, loss: 0.930421 (1.412222), tok1: 96.094 (81.329), tok5: 99.688 (92.848), time: 0.719 (0.856), eta: 1:55:33, mem: 16625M
[08/21 09:43:43][INFO] trainer.py:  77: iter: 003910, lr: 0.00100, loss: 0.923042 (1.410971), tok1: 95.156 (81.364), tok5: 99.531 (92.865), time: 0.814 (0.856), eta: 1:55:23, mem: 16625M
[08/21 09:43:53][INFO] trainer.py:  77: iter: 003920, lr: 0.00100, loss: 0.967230 (1.409839), tok1: 94.062 (81.397), tok5: 98.750 (92.880), time: 1.028 (0.856), eta: 1:55:18, mem: 16625M
[08/21 09:44:00][INFO] trainer.py:  77: iter: 003930, lr: 0.00100, loss: 0.925949 (1.408608), tok1: 96.178 (81.434), tok5: 99.688 (92.898), time: 0.682 (0.856), eta: 1:55:06, mem: 16625M
[08/21 09:44:09][INFO] trainer.py:  77: iter: 003940, lr: 0.00100, loss: 0.894659 (1.407304), tok1: 97.969 (81.476), tok5: 99.688 (92.915), time: 0.930 (0.856), eta: 1:54:59, mem: 16625M
[08/21 09:44:17][INFO] trainer.py:  77: iter: 003950, lr: 0.00100, loss: 0.910491 (1.406046), tok1: 96.719 (81.515), tok5: 99.531 (92.932), time: 0.721 (0.856), eta: 1:54:48, mem: 16625M
[08/21 09:44:26][INFO] trainer.py:  77: iter: 003960, lr: 0.00100, loss: 0.933674 (1.404853), tok1: 95.781 (81.551), tok5: 99.531 (92.948), time: 0.925 (0.856), eta: 1:54:41, mem: 16625M
[08/21 09:44:34][INFO] trainer.py:  77: iter: 003970, lr: 0.00100, loss: 0.928272 (1.403653), tok1: 95.938 (81.587), tok5: 99.531 (92.965), time: 0.843 (0.856), eta: 1:54:32, mem: 16625M
[08/21 09:44:42][INFO] trainer.py:  77: iter: 003980, lr: 0.00100, loss: 0.915858 (1.402427), tok1: 97.344 (81.627), tok5: 99.688 (92.982), time: 0.723 (0.856), eta: 1:54:21, mem: 16625M
[08/21 09:44:50][INFO] trainer.py:  77: iter: 003990, lr: 0.00100, loss: 0.918712 (1.401215), tok1: 96.719 (81.664), tok5: 99.844 (92.999), time: 0.872 (0.856), eta: 1:54:12, mem: 16625M
[08/21 09:45:01][INFO] trainer.py:  77: iter: 004000, lr: 0.00100, loss: 0.941105 (1.400064), tok1: 94.940 (81.698), tok5: 99.531 (93.015), time: 1.024 (0.856), eta: 1:54:07, mem: 16625M
[08/21 09:45:01][INFO] checkpoint.py:  46: Saving checkpoint to outputs/x3d-s_clipgcn_tensor_cs_70_10_20_zsl_40_15_coco17_182/model_004000.pth
[08/21 09:45:01][INFO] inference.py:  51: Evaluating CLIPGCN_TENSOR dataset(399 video clips):
  0%|          | 0/7 [00:00<?, ?it/s] 14%|█▍        | 1/7 [00:05<00:31,  5.18s/it] 29%|██▊       | 2/7 [00:08<00:21,  4.23s/it] 43%|████▎     | 3/7 [00:09<00:09,  2.45s/it] 57%|█████▋    | 4/7 [00:09<00:04,  1.57s/it] 71%|███████▏  | 5/7 [00:09<00:02,  1.08s/it] 86%|████████▌ | 6/7 [00:09<00:00,  1.27it/s]100%|██████████| 7/7 [00:09<00:00,  1.40s/it]
[08/21 09:45:11][INFO] inference.py:  61: 
total - top1 acc: 85.878 top5 acc: 98.155
0   - A001                 - acc: 60.00
1   - A002                 - acc: 80.00
2   - A003                 - acc: 60.00
3   - A004                 - acc: 50.00
4   - A005                 - acc: 90.00
5   - A006                 - acc: 0.0
6   - A007                 - acc: 50.00
7   - A008                 - acc: 0.0
8   - A009                 - acc: 70.00
9   - A010                 - acc: 90.00
10  - A011                 - acc: 0.0
11  - A012                 - acc: 90.00
12  - A013                 - acc: 0.0
13  - A014                 - acc: 50.00
14  - A015                 - acc: 60.00
15  - A016                 - acc: 90.00
16  - A017                 - acc: 80.00
17  - A018                 - acc: 0.0
18  - A019                 - acc: 0.0
19  - A020                 - acc: 100.00
20  - A021                 - acc: 100.00
21  - A022                 - acc: 0.0
22  - A023                 - acc: 90.00
23  - A024                 - acc: 100.00
24  - A025                 - acc: 0.0
25  - A026                 - acc: 80.00
26  - A027                 - acc: 90.00
27  - A028                 - acc: 90.00
28  - A029                 - acc: 0.0
29  - A030                 - acc: 0.0
30  - A031                 - acc: 0.0
31  - A032                 - acc: 90.00
32  - A033                 - acc: 70.00
33  - A034                 - acc: 90.00
34  - A035                 - acc: 0.0
35  - A036                 - acc: 100.00
36  - A037                 - acc: 80.00
37  - A038                 - acc: 60.00
38  - A039                 - acc: 100.00
39  - A040                 - acc: 90.00
40  - A041                 - acc: 90.00
41  - A042                 - acc: 100.00
42  - A043                 - acc: 100.00
43  - A044                 - acc: 100.00
44  - A045                 - acc: 90.00
45  - A046                 - acc: 90.00
46  - A047                 - acc: 0.0
47  - A048                 - acc: 0.0
48  - A049                 - acc: 100.00
49  - A050                 - acc: 88.89
50  - A051                 - acc: 90.00
51  - A052                 - acc: 100.00
52  - A053                 - acc: 100.00
53  - A054                 - acc: 0.0
54  - A055                 - acc: 100.00

[08/21 09:45:18][INFO] trainer.py:  77: iter: 004010, lr: 0.00100, loss: 0.927155 (1.398885), tok1: 95.625 (81.732), tok5: 99.375 (93.031), time: 1.759 (0.858), eta: 1:54:17, mem: 16625M
[08/21 09:45:26][INFO] trainer.py:  77: iter: 004020, lr: 0.00100, loss: 0.907151 (1.397662), tok1: 96.875 (81.770), tok5: 99.531 (93.047), time: 0.743 (0.858), eta: 1:54:06, mem: 16625M
[08/21 09:45:33][INFO] trainer.py:  77: iter: 004030, lr: 0.00100, loss: 0.924198 (1.396487), tok1: 95.938 (81.805), tok5: 99.531 (93.063), time: 0.739 (0.858), eta: 1:53:55, mem: 16625M
[08/21 09:45:40][INFO] trainer.py:  77: iter: 004040, lr: 0.00100, loss: 0.921600 (1.395311), tok1: 95.781 (81.840), tok5: 99.531 (93.079), time: 0.733 (0.857), eta: 1:53:44, mem: 16625M
[08/21 09:45:48][INFO] trainer.py:  77: iter: 004050, lr: 0.00100, loss: 0.949927 (1.394212), tok1: 95.000 (81.872), tok5: 99.062 (93.094), time: 0.729 (0.857), eta: 1:53:33, mem: 16625M
[08/21 09:45:55][INFO] trainer.py:  77: iter: 004060, lr: 0.00100, loss: 0.919763 (1.393043), tok1: 97.188 (81.910), tok5: 99.688 (93.110), time: 0.733 (0.857), eta: 1:53:22, mem: 16625M
[08/21 09:46:03][INFO] trainer.py:  77: iter: 004070, lr: 0.00100, loss: 0.945690 (1.391944), tok1: 94.231 (81.940), tok5: 99.062 (93.125), time: 0.804 (0.857), eta: 1:53:12, mem: 16625M
[08/21 09:46:15][INFO] trainer.py:  77: iter: 004080, lr: 0.00100, loss: 0.901435 (1.390742), tok1: 97.656 (81.979), tok5: 99.375 (93.140), time: 1.218 (0.857), eta: 1:53:11, mem: 16625M
[08/21 09:46:22][INFO] trainer.py:  77: iter: 004090, lr: 0.00100, loss: 0.941232 (1.389643), tok1: 96.094 (82.013), tok5: 99.062 (93.155), time: 0.724 (0.857), eta: 1:52:59, mem: 16625M
[08/21 09:46:32][INFO] trainer.py:  77: iter: 004100, lr: 0.00100, loss: 0.946162 (1.388561), tok1: 94.844 (82.045), tok5: 98.906 (93.169), time: 0.999 (0.857), eta: 1:52:54, mem: 16625M
[08/21 09:46:40][INFO] trainer.py:  77: iter: 004110, lr: 0.00100, loss: 0.938116 (1.387465), tok1: 95.469 (82.077), tok5: 99.219 (93.184), time: 0.722 (0.857), eta: 1:52:42, mem: 16625M
[08/21 09:46:49][INFO] trainer.py:  77: iter: 004120, lr: 0.00100, loss: 0.931794 (1.386359), tok1: 96.406 (82.112), tok5: 99.531 (93.199), time: 0.969 (0.857), eta: 1:52:36, mem: 16625M
[08/21 09:46:58][INFO] trainer.py:  77: iter: 004130, lr: 0.00100, loss: 0.964789 (1.385338), tok1: 95.156 (82.144), tok5: 98.750 (93.212), time: 0.865 (0.857), eta: 1:52:28, mem: 16625M
[08/21 09:47:05][INFO] trainer.py:  77: iter: 004140, lr: 0.00100, loss: 0.914929 (1.384202), tok1: 96.562 (82.178), tok5: 99.062 (93.226), time: 0.722 (0.857), eta: 1:52:16, mem: 16625M
[08/21 09:47:14][INFO] trainer.py:  77: iter: 004150, lr: 0.00100, loss: 0.924607 (1.383095), tok1: 96.334 (82.213), tok5: 99.844 (93.242), time: 0.862 (0.857), eta: 1:52:08, mem: 16625M
[08/21 09:47:23][INFO] trainer.py:  77: iter: 004160, lr: 0.00100, loss: 0.948109 (1.382049), tok1: 95.938 (82.246), tok5: 99.062 (93.256), time: 0.973 (0.857), eta: 1:52:02, mem: 16625M
[08/21 09:47:31][INFO] trainer.py:  77: iter: 004170, lr: 0.00100, loss: 0.926724 (1.380957), tok1: 96.719 (82.280), tok5: 99.375 (93.271), time: 0.722 (0.857), eta: 1:51:50, mem: 16625M
[08/21 09:47:39][INFO] trainer.py:  77: iter: 004180, lr: 0.00100, loss: 0.901065 (1.379809), tok1: 96.562 (82.314), tok5: 99.219 (93.285), time: 0.798 (0.857), eta: 1:51:41, mem: 16625M
[08/21 09:47:46][INFO] trainer.py:  77: iter: 004190, lr: 0.00100, loss: 0.941823 (1.378764), tok1: 95.312 (82.345), tok5: 99.531 (93.300), time: 0.725 (0.857), eta: 1:51:30, mem: 16625M
[08/21 09:47:55][INFO] trainer.py:  77: iter: 004200, lr: 0.00100, loss: 0.918493 (1.377668), tok1: 95.938 (82.378), tok5: 99.531 (93.315), time: 0.948 (0.857), eta: 1:51:23, mem: 16625M
[08/21 09:48:05][INFO] trainer.py:  77: iter: 004210, lr: 0.00100, loss: 0.939182 (1.376626), tok1: 96.094 (82.410), tok5: 99.219 (93.329), time: 0.969 (0.857), eta: 1:51:16, mem: 16625M
[08/21 09:48:12][INFO] trainer.py:  77: iter: 004220, lr: 0.00100, loss: 0.931868 (1.375572), tok1: 95.637 (82.442), tok5: 99.375 (93.343), time: 0.684 (0.857), eta: 1:51:05, mem: 16625M
[08/21 09:48:22][INFO] trainer.py:  77: iter: 004230, lr: 0.00100, loss: 0.908487 (1.374468), tok1: 96.562 (82.475), tok5: 99.375 (93.358), time: 1.006 (0.857), eta: 1:50:59, mem: 16625M
[08/21 09:48:32][INFO] trainer.py:  77: iter: 004240, lr: 0.00100, loss: 0.916367 (1.373388), tok1: 96.719 (82.509), tok5: 99.531 (93.372), time: 0.961 (0.857), eta: 1:50:52, mem: 16625M
[08/21 09:48:39][INFO] trainer.py:  77: iter: 004250, lr: 0.00100, loss: 0.911555 (1.372301), tok1: 96.250 (82.541), tok5: 99.219 (93.386), time: 0.723 (0.857), eta: 1:50:41, mem: 16625M
[08/21 09:48:48][INFO] trainer.py:  77: iter: 004260, lr: 0.00100, loss: 0.924348 (1.371250), tok1: 96.562 (82.574), tok5: 99.531 (93.400), time: 0.936 (0.857), eta: 1:50:34, mem: 16625M
[08/21 09:48:55][INFO] trainer.py:  77: iter: 004270, lr: 0.00100, loss: 0.962167 (1.370291), tok1: 94.531 (82.602), tok5: 98.125 (93.411), time: 0.725 (0.857), eta: 1:50:23, mem: 16625M
[08/21 09:49:05][INFO] trainer.py:  77: iter: 004280, lr: 0.00100, loss: 0.922399 (1.369245), tok1: 96.406 (82.634), tok5: 99.688 (93.426), time: 0.938 (0.857), eta: 1:50:16, mem: 16625M
[08/21 09:49:14][INFO] trainer.py:  77: iter: 004290, lr: 0.00100, loss: 0.936045 (1.368235), tok1: 96.094 (82.666), tok5: 98.750 (93.439), time: 0.877 (0.857), eta: 1:50:08, mem: 16625M
[08/21 09:49:20][INFO] trainer.py:  77: iter: 004300, lr: 0.00100, loss: 0.930483 (1.367217), tok1: 96.250 (82.697), tok5: 99.688 (93.453), time: 0.682 (0.857), eta: 1:49:56, mem: 16625M
[08/21 09:49:30][INFO] trainer.py:  77: iter: 004310, lr: 0.00100, loss: 0.941584 (1.366230), tok1: 94.219 (82.724), tok5: 99.219 (93.466), time: 1.000 (0.857), eta: 1:49:50, mem: 16625M
[08/21 09:49:39][INFO] trainer.py:  77: iter: 004320, lr: 0.00100, loss: 0.891316 (1.365130), tok1: 97.344 (82.758), tok5: 99.688 (93.481), time: 0.867 (0.857), eta: 1:49:42, mem: 16625M
[08/21 09:49:46][INFO] trainer.py:  77: iter: 004330, lr: 0.00100, loss: 0.899500 (1.364055), tok1: 97.188 (82.791), tok5: 99.531 (93.495), time: 0.727 (0.857), eta: 1:49:31, mem: 16625M
[08/21 09:49:56][INFO] trainer.py:  77: iter: 004340, lr: 0.00100, loss: 0.921822 (1.363036), tok1: 96.875 (82.824), tok5: 99.062 (93.508), time: 0.989 (0.857), eta: 1:49:25, mem: 16625M
[08/21 09:50:04][INFO] trainer.py:  77: iter: 004350, lr: 0.00100, loss: 0.917962 (1.362013), tok1: 97.031 (82.856), tok5: 99.219 (93.521), time: 0.731 (0.857), eta: 1:49:14, mem: 16625M
[08/21 09:50:13][INFO] trainer.py:  77: iter: 004360, lr: 0.00100, loss: 0.928658 (1.361019), tok1: 95.781 (82.886), tok5: 99.375 (93.534), time: 0.951 (0.857), eta: 1:49:07, mem: 16625M
[08/21 09:50:22][INFO] trainer.py:  77: iter: 004370, lr: 0.00100, loss: 0.927246 (1.360026), tok1: 96.418 (82.917), tok5: 99.375 (93.548), time: 0.933 (0.857), eta: 1:49:00, mem: 16625M
[08/21 09:50:30][INFO] trainer.py:  77: iter: 004380, lr: 0.00100, loss: 0.949240 (1.359088), tok1: 95.000 (82.944), tok5: 99.219 (93.561), time: 0.723 (0.857), eta: 1:48:49, mem: 16625M
[08/21 09:50:40][INFO] trainer.py:  77: iter: 004390, lr: 0.00100, loss: 0.925472 (1.358101), tok1: 96.094 (82.974), tok5: 99.375 (93.574), time: 0.997 (0.857), eta: 1:48:43, mem: 16625M
[08/21 09:50:48][INFO] trainer.py:  77: iter: 004400, lr: 0.00100, loss: 0.915634 (1.357095), tok1: 96.562 (83.005), tok5: 99.531 (93.587), time: 0.871 (0.857), eta: 1:48:34, mem: 16625M
[08/21 09:50:56][INFO] trainer.py:  77: iter: 004410, lr: 0.00100, loss: 0.927728 (1.356121), tok1: 95.625 (83.034), tok5: 98.750 (93.599), time: 0.726 (0.857), eta: 1:48:23, mem: 16625M
[08/21 09:51:05][INFO] trainer.py:  77: iter: 004420, lr: 0.00100, loss: 0.904618 (1.355100), tok1: 96.250 (83.064), tok5: 99.531 (93.612), time: 0.990 (0.857), eta: 1:48:17, mem: 16625M
[08/21 09:51:13][INFO] trainer.py:  77: iter: 004430, lr: 0.00100, loss: 0.944860 (1.354174), tok1: 94.531 (83.090), tok5: 99.062 (93.625), time: 0.729 (0.857), eta: 1:48:06, mem: 16625M
[08/21 09:51:22][INFO] trainer.py:  77: iter: 004440, lr: 0.00100, loss: 0.884351 (1.353116), tok1: 97.200 (83.121), tok5: 99.459 (93.638), time: 0.970 (0.857), eta: 1:48:00, mem: 16625M
[08/21 09:51:30][INFO] trainer.py:  77: iter: 004450, lr: 0.00100, loss: 0.901203 (1.352100), tok1: 97.500 (83.154), tok5: 99.844 (93.652), time: 0.765 (0.857), eta: 1:47:50, mem: 16625M
[08/21 09:51:37][INFO] trainer.py:  77: iter: 004460, lr: 0.00100, loss: 0.908010 (1.351104), tok1: 96.719 (83.184), tok5: 99.062 (93.664), time: 0.724 (0.857), eta: 1:47:39, mem: 16625M
[08/21 09:51:47][INFO] trainer.py:  77: iter: 004470, lr: 0.00100, loss: 0.922499 (1.350146), tok1: 95.469 (83.212), tok5: 99.219 (93.676), time: 0.966 (0.857), eta: 1:47:32, mem: 16625M
[08/21 09:51:58][INFO] trainer.py:  77: iter: 004480, lr: 0.00100, loss: 0.900441 (1.349142), tok1: 96.719 (83.242), tok5: 99.688 (93.690), time: 1.049 (0.857), eta: 1:47:27, mem: 16625M
[08/21 09:52:05][INFO] trainer.py:  77: iter: 004490, lr: 0.00100, loss: 0.905278 (1.348153), tok1: 97.500 (83.274), tok5: 99.844 (93.704), time: 0.721 (0.857), eta: 1:47:16, mem: 16625M
[08/21 09:52:15][INFO] trainer.py:  77: iter: 004500, lr: 0.00100, loss: 0.929650 (1.347223), tok1: 95.625 (83.301), tok5: 98.906 (93.715), time: 1.003 (0.857), eta: 1:47:10, mem: 16625M
[08/21 09:52:15][INFO] checkpoint.py:  46: Saving checkpoint to outputs/x3d-s_clipgcn_tensor_cs_70_10_20_zsl_40_15_coco17_182/model_004500.pth
[08/21 09:52:15][INFO] inference.py:  51: Evaluating CLIPGCN_TENSOR dataset(399 video clips):
  0%|          | 0/7 [00:00<?, ?it/s] 14%|█▍        | 1/7 [00:05<00:32,  5.40s/it] 29%|██▊       | 2/7 [00:05<00:11,  2.35s/it] 43%|████▎     | 3/7 [00:05<00:05,  1.38s/it] 57%|█████▋    | 4/7 [00:06<00:02,  1.09it/s] 71%|███████▏  | 5/7 [00:06<00:01,  1.50it/s] 86%|████████▌ | 6/7 [00:06<00:00,  1.95it/s]100%|██████████| 7/7 [00:06<00:00,  1.07it/s]
[08/21 09:52:22][INFO] inference.py:  61: 
total - top1 acc: 84.539 top5 acc: 98.378
0   - A001                 - acc: 60.00
1   - A002                 - acc: 90.00
2   - A003                 - acc: 60.00
3   - A004                 - acc: 60.00
4   - A005                 - acc: 90.00
5   - A006                 - acc: 0.0
6   - A007                 - acc: 50.00
7   - A008                 - acc: 0.0
8   - A009                 - acc: 60.00
9   - A010                 - acc: 90.00
10  - A011                 - acc: 0.0
11  - A012                 - acc: 80.00
12  - A013                 - acc: 0.0
13  - A014                 - acc: 50.00
14  - A015                 - acc: 70.00
15  - A016                 - acc: 100.00
16  - A017                 - acc: 80.00
17  - A018                 - acc: 0.0
18  - A019                 - acc: 0.0
19  - A020                 - acc: 100.00
20  - A021                 - acc: 90.00
21  - A022                 - acc: 0.0
22  - A023                 - acc: 90.00
23  - A024                 - acc: 100.00
24  - A025                 - acc: 0.0
25  - A026                 - acc: 80.00
26  - A027                 - acc: 90.00
27  - A028                 - acc: 80.00
28  - A029                 - acc: 0.0
29  - A030                 - acc: 0.0
30  - A031                 - acc: 0.0
31  - A032                 - acc: 90.00
32  - A033                 - acc: 70.00
33  - A034                 - acc: 90.00
34  - A035                 - acc: 0.0
35  - A036                 - acc: 90.00
36  - A037                 - acc: 80.00
37  - A038                 - acc: 50.00
38  - A039                 - acc: 100.00
39  - A040                 - acc: 90.00
40  - A041                 - acc: 90.00
41  - A042                 - acc: 100.00
42  - A043                 - acc: 100.00
43  - A044                 - acc: 100.00
44  - A045                 - acc: 90.00
45  - A046                 - acc: 80.00
46  - A047                 - acc: 0.0
47  - A048                 - acc: 0.0
48  - A049                 - acc: 90.00
49  - A050                 - acc: 77.78
50  - A051                 - acc: 80.00
51  - A052                 - acc: 100.00
52  - A053                 - acc: 100.00
53  - A054                 - acc: 0.0
54  - A055                 - acc: 100.00

[08/21 09:52:29][INFO] trainer.py:  77: iter: 004510, lr: 0.00100, loss: 0.947135 (1.346336), tok1: 95.625 (83.328), tok5: 98.750 (93.726), time: 1.452 (0.859), eta: 1:47:11, mem: 16625M
[08/21 09:52:36][INFO] trainer.py:  77: iter: 004520, lr: 0.00100, loss: 0.904781 (1.345359), tok1: 96.875 (83.358), tok5: 100.000 (93.740), time: 0.686 (0.858), eta: 1:46:59, mem: 16625M
[08/21 09:52:43][INFO] trainer.py:  77: iter: 004530, lr: 0.00100, loss: 0.924791 (1.344431), tok1: 95.312 (83.385), tok5: 99.531 (93.753), time: 0.726 (0.858), eta: 1:46:49, mem: 16625M
[08/21 09:52:51][INFO] trainer.py:  77: iter: 004540, lr: 0.00100, loss: 0.924058 (1.343505), tok1: 95.625 (83.412), tok5: 99.531 (93.766), time: 0.721 (0.858), eta: 1:46:38, mem: 16625M
[08/21 09:52:58][INFO] trainer.py:  77: iter: 004550, lr: 0.00100, loss: 0.908563 (1.342549), tok1: 97.031 (83.442), tok5: 99.219 (93.778), time: 0.721 (0.857), eta: 1:46:27, mem: 16625M
[08/21 09:53:05][INFO] trainer.py:  77: iter: 004560, lr: 0.00100, loss: 0.932194 (1.341649), tok1: 95.781 (83.469), tok5: 99.062 (93.789), time: 0.739 (0.857), eta: 1:46:17, mem: 16625M
[08/21 09:53:13][INFO] trainer.py:  77: iter: 004570, lr: 0.00100, loss: 0.899875 (1.340682), tok1: 97.031 (83.498), tok5: 100.000 (93.803), time: 0.733 (0.857), eta: 1:46:06, mem: 16625M
[08/21 09:53:24][INFO] trainer.py:  77: iter: 004580, lr: 0.00100, loss: 0.924375 (1.339773), tok1: 96.719 (83.527), tok5: 99.375 (93.815), time: 1.118 (0.857), eta: 1:46:02, mem: 16625M
[08/21 09:53:31][INFO] trainer.py:  77: iter: 004590, lr: 0.00100, loss: 0.919980 (1.338859), tok1: 96.647 (83.556), tok5: 99.062 (93.826), time: 0.684 (0.857), eta: 1:45:50, mem: 16625M
[08/21 09:53:40][INFO] trainer.py:  77: iter: 004600, lr: 0.00100, loss: 0.889338 (1.337882), tok1: 97.656 (83.586), tok5: 99.375 (93.838), time: 0.987 (0.857), eta: 1:45:44, mem: 16625M
[08/21 09:53:50][INFO] trainer.py:  77: iter: 004610, lr: 0.00100, loss: 0.912857 (1.336960), tok1: 96.875 (83.615), tok5: 99.375 (93.850), time: 0.909 (0.857), eta: 1:45:36, mem: 16625M
[08/21 09:53:57][INFO] trainer.py:  77: iter: 004620, lr: 0.00100, loss: 0.909691 (1.336035), tok1: 96.875 (83.644), tok5: 99.375 (93.862), time: 0.724 (0.857), eta: 1:45:25, mem: 16625M
[08/21 09:54:06][INFO] trainer.py:  77: iter: 004630, lr: 0.00100, loss: 0.909166 (1.335113), tok1: 96.562 (83.672), tok5: 99.375 (93.874), time: 0.964 (0.857), eta: 1:45:18, mem: 16625M
[08/21 09:54:16][INFO] trainer.py:  77: iter: 004640, lr: 0.00100, loss: 0.899006 (1.334173), tok1: 97.188 (83.701), tok5: 100.000 (93.888), time: 0.964 (0.858), eta: 1:45:12, mem: 16625M
[08/21 09:54:23][INFO] trainer.py:  77: iter: 004650, lr: 0.00100, loss: 0.905951 (1.333252), tok1: 95.469 (83.726), tok5: 99.844 (93.900), time: 0.723 (0.857), eta: 1:45:01, mem: 16625M
[08/21 09:54:32][INFO] trainer.py:  77: iter: 004660, lr: 0.00100, loss: 0.883598 (1.332287), tok1: 97.969 (83.757), tok5: 99.688 (93.913), time: 0.884 (0.857), eta: 1:44:53, mem: 16625M
[08/21 09:54:39][INFO] trainer.py:  77: iter: 004670, lr: 0.00100, loss: 0.898817 (1.331359), tok1: 96.803 (83.785), tok5: 99.844 (93.925), time: 0.680 (0.857), eta: 1:44:41, mem: 16625M
[08/21 09:54:49][INFO] trainer.py:  77: iter: 004680, lr: 0.00100, loss: 0.920886 (1.330482), tok1: 96.406 (83.812), tok5: 99.375 (93.937), time: 1.015 (0.857), eta: 1:44:35, mem: 16625M
[08/21 09:54:58][INFO] trainer.py:  77: iter: 004690, lr: 0.00100, loss: 0.877548 (1.329516), tok1: 97.656 (83.841), tok5: 99.375 (93.949), time: 0.866 (0.857), eta: 1:44:27, mem: 16625M
[08/21 09:55:05][INFO] trainer.py:  77: iter: 004700, lr: 0.00100, loss: 0.910592 (1.328625), tok1: 96.562 (83.868), tok5: 99.375 (93.960), time: 0.726 (0.857), eta: 1:44:16, mem: 16625M
[08/21 09:55:15][INFO] trainer.py:  77: iter: 004710, lr: 0.00100, loss: 0.904337 (1.327724), tok1: 96.719 (83.896), tok5: 99.688 (93.972), time: 0.964 (0.857), eta: 1:44:09, mem: 16625M
[08/21 09:55:24][INFO] trainer.py:  77: iter: 004720, lr: 0.00100, loss: 0.908306 (1.326835), tok1: 96.875 (83.923), tok5: 99.219 (93.984), time: 0.966 (0.858), eta: 1:44:02, mem: 16625M
[08/21 09:55:32][INFO] trainer.py:  77: iter: 004730, lr: 0.00100, loss: 0.928868 (1.325994), tok1: 95.781 (83.948), tok5: 98.906 (93.994), time: 0.730 (0.857), eta: 1:43:52, mem: 16625M
[08/21 09:55:40][INFO] trainer.py:  77: iter: 004740, lr: 0.00100, loss: 0.903905 (1.325104), tok1: 96.575 (83.975), tok5: 99.688 (94.006), time: 0.859 (0.857), eta: 1:43:43, mem: 16625M
[08/21 09:55:47][INFO] trainer.py:  77: iter: 004750, lr: 0.00100, loss: 0.879994 (1.324166), tok1: 97.344 (84.003), tok5: 99.688 (94.018), time: 0.720 (0.857), eta: 1:43:33, mem: 16625M
[08/21 09:55:55][INFO] trainer.py:  77: iter: 004760, lr: 0.00100, loss: 0.940872 (1.323361), tok1: 95.938 (84.028), tok5: 98.438 (94.027), time: 0.732 (0.857), eta: 1:43:22, mem: 16625M
[08/21 09:56:03][INFO] trainer.py:  77: iter: 004770, lr: 0.00100, loss: 0.882546 (1.322437), tok1: 97.500 (84.056), tok5: 99.844 (94.039), time: 0.789 (0.857), eta: 1:43:13, mem: 16625M
[08/21 09:56:10][INFO] trainer.py:  77: iter: 004780, lr: 0.00100, loss: 0.905535 (1.321565), tok1: 96.250 (84.082), tok5: 99.375 (94.051), time: 0.723 (0.856), eta: 1:43:02, mem: 16625M
[08/21 09:56:19][INFO] trainer.py:  77: iter: 004790, lr: 0.00100, loss: 0.883842 (1.320651), tok1: 97.344 (84.109), tok5: 99.688 (94.062), time: 0.943 (0.856), eta: 1:42:55, mem: 16625M
[08/21 09:56:29][INFO] trainer.py:  77: iter: 004800, lr: 0.00100, loss: 0.894244 (1.319763), tok1: 96.719 (84.136), tok5: 99.531 (94.074), time: 0.929 (0.857), eta: 1:42:47, mem: 16625M
[08/21 09:56:35][INFO] trainer.py:  77: iter: 004810, lr: 0.00100, loss: 0.920890 (1.318933), tok1: 95.481 (84.159), tok5: 99.303 (94.085), time: 0.681 (0.856), eta: 1:42:36, mem: 16625M
[08/21 09:56:45][INFO] trainer.py:  77: iter: 004820, lr: 0.00100, loss: 0.897213 (1.318059), tok1: 97.031 (84.186), tok5: 99.688 (94.096), time: 0.993 (0.857), eta: 1:42:30, mem: 16625M
[08/21 09:56:52][INFO] trainer.py:  77: iter: 004830, lr: 0.00100, loss: 0.892293 (1.317177), tok1: 96.250 (84.211), tok5: 99.062 (94.106), time: 0.723 (0.856), eta: 1:42:19, mem: 16625M
[08/21 09:57:01][INFO] trainer.py:  77: iter: 004840, lr: 0.00100, loss: 0.904106 (1.316324), tok1: 96.250 (84.236), tok5: 99.219 (94.117), time: 0.887 (0.856), eta: 1:42:11, mem: 16625M
[08/21 09:57:11][INFO] trainer.py:  77: iter: 004850, lr: 0.00100, loss: 0.892203 (1.315449), tok1: 97.188 (84.263), tok5: 99.531 (94.128), time: 0.961 (0.857), eta: 1:42:04, mem: 16625M
[08/21 09:57:18][INFO] trainer.py:  77: iter: 004860, lr: 0.00100, loss: 0.902097 (1.314599), tok1: 96.250 (84.287), tok5: 99.531 (94.139), time: 0.724 (0.856), eta: 1:41:53, mem: 16625M
[08/21 09:57:27][INFO] trainer.py:  77: iter: 004870, lr: 0.00100, loss: 0.919343 (1.313787), tok1: 96.406 (84.312), tok5: 99.219 (94.150), time: 0.932 (0.856), eta: 1:41:46, mem: 16625M
[08/21 09:57:37][INFO] trainer.py:  77: iter: 004880, lr: 0.00100, loss: 0.897726 (1.312934), tok1: 97.031 (84.338), tok5: 99.688 (94.161), time: 0.991 (0.857), eta: 1:41:39, mem: 16625M
[08/21 09:57:44][INFO] trainer.py:  77: iter: 004890, lr: 0.00100, loss: 0.895764 (1.312081), tok1: 97.188 (84.364), tok5: 99.844 (94.173), time: 0.682 (0.856), eta: 1:41:28, mem: 16625M
[08/21 09:57:54][INFO] trainer.py:  77: iter: 004900, lr: 0.00100, loss: 0.907574 (1.311256), tok1: 96.406 (84.389), tok5: 99.531 (94.184), time: 0.962 (0.857), eta: 1:41:21, mem: 16625M
[08/21 09:58:01][INFO] trainer.py:  77: iter: 004910, lr: 0.00100, loss: 0.902623 (1.310424), tok1: 96.250 (84.413), tok5: 99.219 (94.194), time: 0.720 (0.856), eta: 1:41:11, mem: 16625M
[08/21 09:58:08][INFO] trainer.py:  77: iter: 004920, lr: 0.00100, loss: 0.866138 (1.309520), tok1: 97.969 (84.441), tok5: 100.000 (94.206), time: 0.727 (0.856), eta: 1:41:00, mem: 16625M
[08/21 09:58:17][INFO] trainer.py:  77: iter: 004930, lr: 0.00100, loss: 0.891682 (1.308673), tok1: 97.031 (84.466), tok5: 99.688 (94.217), time: 0.891 (0.856), eta: 1:40:52, mem: 16625M
[08/21 09:58:24][INFO] trainer.py:  77: iter: 004940, lr: 0.00100, loss: 0.907949 (1.307862), tok1: 97.031 (84.492), tok5: 99.375 (94.227), time: 0.725 (0.856), eta: 1:40:42, mem: 16625M
[08/21 09:58:34][INFO] trainer.py:  77: iter: 004950, lr: 0.00100, loss: 0.913581 (1.307065), tok1: 96.406 (84.516), tok5: 99.219 (94.237), time: 0.975 (0.856), eta: 1:40:35, mem: 16625M
[08/21 09:58:44][INFO] trainer.py:  77: iter: 004960, lr: 0.00100, loss: 0.901550 (1.306248), tok1: 97.344 (84.542), tok5: 99.531 (94.248), time: 0.961 (0.856), eta: 1:40:28, mem: 16625M
[08/21 09:58:51][INFO] trainer.py:  77: iter: 004970, lr: 0.00100, loss: 0.896888 (1.305424), tok1: 97.500 (84.568), tok5: 99.375 (94.258), time: 0.724 (0.856), eta: 1:40:17, mem: 16625M
[08/21 09:59:01][INFO] trainer.py:  77: iter: 004980, lr: 0.00100, loss: 0.904358 (1.304619), tok1: 97.031 (84.593), tok5: 99.375 (94.269), time: 1.018 (0.856), eta: 1:40:11, mem: 16625M
[08/21 09:59:08][INFO] trainer.py:  77: iter: 004990, lr: 0.00100, loss: 0.896776 (1.303801), tok1: 96.406 (84.616), tok5: 100.000 (94.280), time: 0.723 (0.856), eta: 1:40:01, mem: 16625M
[08/21 09:59:17][INFO] trainer.py:  77: iter: 005000, lr: 0.00100, loss: 0.899392 (1.302993), tok1: 96.875 (84.641), tok5: 98.906 (94.289), time: 0.855 (0.856), eta: 1:39:52, mem: 16625M
[08/21 09:59:17][INFO] checkpoint.py:  46: Saving checkpoint to outputs/x3d-s_clipgcn_tensor_cs_70_10_20_zsl_40_15_coco17_182/model_005000.pth
[08/21 09:59:18][INFO] inference.py:  51: Evaluating CLIPGCN_TENSOR dataset(399 video clips):
  0%|          | 0/7 [00:00<?, ?it/s] 14%|█▍        | 1/7 [00:04<00:26,  4.44s/it] 29%|██▊       | 2/7 [00:05<00:11,  2.25s/it] 43%|████▎     | 3/7 [00:05<00:05,  1.32s/it] 57%|█████▋    | 4/7 [00:05<00:02,  1.13it/s] 71%|███████▏  | 5/7 [00:05<00:01,  1.55it/s] 86%|████████▌ | 6/7 [00:06<00:00,  2.00it/s]100%|██████████| 7/7 [00:06<00:00,  1.15it/s]
[08/21 09:59:24][INFO] inference.py:  61: 
total - top1 acc: 84.092 top5 acc: 98.155
0   - A001                 - acc: 80.00
1   - A002                 - acc: 80.00
2   - A003                 - acc: 60.00
3   - A004                 - acc: 50.00
4   - A005                 - acc: 90.00
5   - A006                 - acc: 0.0
6   - A007                 - acc: 50.00
7   - A008                 - acc: 0.0
8   - A009                 - acc: 60.00
9   - A010                 - acc: 80.00
10  - A011                 - acc: 0.0
11  - A012                 - acc: 90.00
12  - A013                 - acc: 0.0
13  - A014                 - acc: 60.00
14  - A015                 - acc: 90.00
15  - A016                 - acc: 90.00
16  - A017                 - acc: 80.00
17  - A018                 - acc: 0.0
18  - A019                 - acc: 0.0
19  - A020                 - acc: 100.00
20  - A021                 - acc: 100.00
21  - A022                 - acc: 0.0
22  - A023                 - acc: 90.00
23  - A024                 - acc: 100.00
24  - A025                 - acc: 0.0
25  - A026                 - acc: 80.00
26  - A027                 - acc: 100.00
27  - A028                 - acc: 70.00
28  - A029                 - acc: 0.0
29  - A030                 - acc: 0.0
30  - A031                 - acc: 0.0
31  - A032                 - acc: 90.00
32  - A033                 - acc: 70.00
33  - A034                 - acc: 90.00
34  - A035                 - acc: 0.0
35  - A036                 - acc: 90.00
36  - A037                 - acc: 60.00
37  - A038                 - acc: 30.00
38  - A039                 - acc: 100.00
39  - A040                 - acc: 80.00
40  - A041                 - acc: 80.00
41  - A042                 - acc: 100.00
42  - A043                 - acc: 100.00
43  - A044                 - acc: 100.00
44  - A045                 - acc: 90.00
45  - A046                 - acc: 80.00
46  - A047                 - acc: 0.0
47  - A048                 - acc: 0.0
48  - A049                 - acc: 100.00
49  - A050                 - acc: 77.78
50  - A051                 - acc: 80.00
51  - A052                 - acc: 100.00
52  - A053                 - acc: 100.00
53  - A054                 - acc: 0.0
54  - A055                 - acc: 100.00

[08/21 09:59:31][INFO] trainer.py:  77: iter: 005010, lr: 0.00100, loss: 0.894314 (1.302177), tok1: 97.188 (84.666), tok5: 99.219 (94.299), time: 1.410 (0.857), eta: 1:39:51, mem: 16625M
[08/21 09:59:38][INFO] trainer.py:  77: iter: 005020, lr: 0.00100, loss: 0.903925 (1.301383), tok1: 97.031 (84.691), tok5: 99.531 (94.310), time: 0.729 (0.857), eta: 1:39:41, mem: 16625M
[08/21 09:59:46][INFO] trainer.py:  77: iter: 005030, lr: 0.00100, loss: 0.928760 (1.300643), tok1: 96.406 (84.714), tok5: 99.219 (94.319), time: 0.727 (0.857), eta: 1:39:30, mem: 16625M
[08/21 09:59:53][INFO] trainer.py:  77: iter: 005040, lr: 0.00100, loss: 0.878550 (1.299805), tok1: 97.500 (84.739), tok5: 99.844 (94.330), time: 0.753 (0.856), eta: 1:39:20, mem: 16625M
[08/21 10:00:00][INFO] trainer.py:  77: iter: 005050, lr: 0.00100, loss: 0.886836 (1.298987), tok1: 97.344 (84.764), tok5: 100.000 (94.342), time: 0.726 (0.856), eta: 1:39:10, mem: 16625M
[08/21 10:00:11][INFO] trainer.py:  77: iter: 005060, lr: 0.00100, loss: 0.870761 (1.298141), tok1: 97.500 (84.789), tok5: 99.688 (94.352), time: 1.043 (0.857), eta: 1:39:04, mem: 16625M
[08/21 10:00:18][INFO] trainer.py:  77: iter: 005070, lr: 0.00100, loss: 0.890776 (1.297338), tok1: 96.875 (84.813), tok5: 99.688 (94.363), time: 0.741 (0.856), eta: 1:38:54, mem: 16625M
[08/21 10:00:28][INFO] trainer.py:  77: iter: 005080, lr: 0.00100, loss: 0.909547 (1.296574), tok1: 96.562 (84.836), tok5: 99.219 (94.372), time: 0.947 (0.857), eta: 1:38:47, mem: 16625M
[08/21 10:00:38][INFO] trainer.py:  77: iter: 005090, lr: 0.00100, loss: 0.877984 (1.295752), tok1: 97.969 (84.862), tok5: 99.688 (94.383), time: 1.017 (0.857), eta: 1:38:40, mem: 16625M
[08/21 10:00:45][INFO] trainer.py:  77: iter: 005100, lr: 0.00100, loss: 0.893388 (1.294963), tok1: 96.875 (84.886), tok5: 99.375 (94.392), time: 0.727 (0.857), eta: 1:38:30, mem: 16625M
[08/21 10:00:54][INFO] trainer.py:  77: iter: 005110, lr: 0.00100, loss: 0.958049 (1.294304), tok1: 93.930 (84.903), tok5: 99.375 (94.402), time: 0.874 (0.857), eta: 1:38:22, mem: 16625M
[08/21 10:01:05][INFO] trainer.py:  77: iter: 005120, lr: 0.00100, loss: 0.881152 (1.293497), tok1: 97.656 (84.928), tok5: 99.844 (94.413), time: 1.146 (0.857), eta: 1:38:17, mem: 16625M
[08/21 10:01:13][INFO] trainer.py:  77: iter: 005130, lr: 0.00100, loss: 0.892288 (1.292715), tok1: 95.938 (84.950), tok5: 99.375 (94.423), time: 0.727 (0.857), eta: 1:38:07, mem: 16625M
[08/21 10:01:22][INFO] trainer.py:  77: iter: 005140, lr: 0.00100, loss: 0.900350 (1.291951), tok1: 96.406 (84.972), tok5: 99.375 (94.432), time: 0.937 (0.857), eta: 1:37:59, mem: 16625M
[08/21 10:01:29][INFO] trainer.py:  77: iter: 005150, lr: 0.00100, loss: 0.874845 (1.291141), tok1: 97.969 (84.997), tok5: 99.688 (94.442), time: 0.732 (0.857), eta: 1:37:49, mem: 16625M
[08/21 10:01:39][INFO] trainer.py:  77: iter: 005160, lr: 0.00100, loss: 0.880397 (1.290345), tok1: 97.188 (85.021), tok5: 99.688 (94.453), time: 0.976 (0.857), eta: 1:37:42, mem: 16625M
[08/21 10:01:48][INFO] trainer.py:  77: iter: 005170, lr: 0.00100, loss: 0.892827 (1.289576), tok1: 97.031 (85.044), tok5: 99.219 (94.462), time: 0.912 (0.857), eta: 1:37:34, mem: 16625M
[08/21 10:01:55][INFO] trainer.py:  77: iter: 005180, lr: 0.00100, loss: 0.884692 (1.288795), tok1: 97.344 (85.068), tok5: 99.688 (94.472), time: 0.688 (0.857), eta: 1:37:23, mem: 16625M
[08/21 10:02:05][INFO] trainer.py:  77: iter: 005190, lr: 0.00100, loss: 0.883407 (1.288014), tok1: 97.188 (85.091), tok5: 99.531 (94.482), time: 0.998 (0.857), eta: 1:37:16, mem: 16625M
[08/21 10:02:15][INFO] trainer.py:  77: iter: 005200, lr: 0.00100, loss: 0.873245 (1.287216), tok1: 97.500 (85.115), tok5: 99.531 (94.491), time: 0.965 (0.857), eta: 1:37:09, mem: 16625M
[08/21 10:02:22][INFO] trainer.py:  77: iter: 005210, lr: 0.00100, loss: 0.875879 (1.286427), tok1: 97.500 (85.139), tok5: 99.688 (94.501), time: 0.726 (0.857), eta: 1:36:59, mem: 16625M
[08/21 10:02:31][INFO] trainer.py:  77: iter: 005220, lr: 0.00100, loss: 0.876897 (1.285642), tok1: 97.969 (85.163), tok5: 99.688 (94.511), time: 0.926 (0.857), eta: 1:36:51, mem: 16625M
[08/21 10:02:39][INFO] trainer.py:  77: iter: 005230, lr: 0.00100, loss: 0.898956 (1.284903), tok1: 96.406 (85.185), tok5: 99.375 (94.520), time: 0.729 (0.857), eta: 1:36:41, mem: 16625M
[08/21 10:02:48][INFO] trainer.py:  77: iter: 005240, lr: 0.00100, loss: 0.876809 (1.284124), tok1: 97.188 (85.208), tok5: 99.688 (94.530), time: 0.901 (0.857), eta: 1:36:33, mem: 16625M
[08/21 10:02:55][INFO] trainer.py:  77: iter: 005250, lr: 0.00100, loss: 0.893032 (1.283379), tok1: 96.406 (85.229), tok5: 99.531 (94.540), time: 0.732 (0.857), eta: 1:36:23, mem: 16625M
[08/21 10:03:02][INFO] trainer.py:  77: iter: 005260, lr: 0.00100, loss: 0.900811 (1.282652), tok1: 96.562 (85.251), tok5: 99.219 (94.549), time: 0.687 (0.856), eta: 1:36:12, mem: 16625M
[08/21 10:03:11][INFO] trainer.py:  77: iter: 005270, lr: 0.00100, loss: 0.904657 (1.281934), tok1: 96.094 (85.271), tok5: 99.375 (94.558), time: 0.910 (0.857), eta: 1:36:04, mem: 16625M
[08/21 10:03:21][INFO] trainer.py:  77: iter: 005280, lr: 0.00100, loss: 0.877751 (1.281169), tok1: 97.188 (85.294), tok5: 99.531 (94.567), time: 1.009 (0.857), eta: 1:35:58, mem: 16625M
[08/21 10:03:28][INFO] trainer.py:  77: iter: 005290, lr: 0.00100, loss: 0.877358 (1.280405), tok1: 97.500 (85.317), tok5: 99.844 (94.577), time: 0.728 (0.857), eta: 1:35:47, mem: 16625M
[08/21 10:03:36][INFO] trainer.py:  77: iter: 005300, lr: 0.00100, loss: 0.887270 (1.279664), tok1: 96.250 (85.338), tok5: 99.688 (94.587), time: 0.783 (0.856), eta: 1:35:38, mem: 16625M
[08/21 10:03:43][INFO] trainer.py:  77: iter: 005310, lr: 0.00100, loss: 0.870483 (1.278893), tok1: 97.500 (85.361), tok5: 99.531 (94.596), time: 0.731 (0.856), eta: 1:35:28, mem: 16625M
[08/21 10:03:51][INFO] trainer.py:  77: iter: 005320, lr: 0.00100, loss: 0.887622 (1.278158), tok1: 97.344 (85.383), tok5: 99.688 (94.606), time: 0.735 (0.856), eta: 1:35:18, mem: 16625M
[08/21 10:04:00][INFO] trainer.py:  77: iter: 005330, lr: 0.00100, loss: 0.873395 (1.277398), tok1: 96.803 (85.404), tok5: 99.844 (94.616), time: 0.882 (0.856), eta: 1:35:10, mem: 16625M
[08/21 10:04:07][INFO] trainer.py:  77: iter: 005340, lr: 0.00100, loss: 0.890504 (1.276674), tok1: 96.719 (85.426), tok5: 99.219 (94.624), time: 0.726 (0.856), eta: 1:34:59, mem: 16625M
[08/21 10:04:16][INFO] trainer.py:  77: iter: 005350, lr: 0.00100, loss: 0.852901 (1.275882), tok1: 98.438 (85.450), tok5: 99.844 (94.634), time: 0.923 (0.856), eta: 1:34:52, mem: 16625M
[08/21 10:04:25][INFO] trainer.py:  77: iter: 005360, lr: 0.00100, loss: 0.889987 (1.275162), tok1: 96.250 (85.470), tok5: 99.531 (94.643), time: 0.894 (0.856), eta: 1:34:44, mem: 16625M
[08/21 10:04:32][INFO] trainer.py:  77: iter: 005370, lr: 0.00100, loss: 0.874022 (1.274415), tok1: 98.125 (85.494), tok5: 99.531 (94.652), time: 0.729 (0.856), eta: 1:34:33, mem: 16625M
[08/21 10:04:42][INFO] trainer.py:  77: iter: 005380, lr: 0.00100, loss: 0.881281 (1.273684), tok1: 97.188 (85.515), tok5: 99.688 (94.662), time: 0.990 (0.856), eta: 1:34:27, mem: 16625M
[08/21 10:04:49][INFO] trainer.py:  77: iter: 005390, lr: 0.00100, loss: 0.867397 (1.272930), tok1: 97.344 (85.537), tok5: 99.688 (94.671), time: 0.726 (0.856), eta: 1:34:16, mem: 16625M
[08/21 10:04:59][INFO] trainer.py:  77: iter: 005400, lr: 0.00100, loss: 0.901391 (1.272242), tok1: 96.406 (85.557), tok5: 99.219 (94.679), time: 0.982 (0.856), eta: 1:34:09, mem: 16625M
[08/21 10:05:08][INFO] trainer.py:  77: iter: 005410, lr: 0.00100, loss: 0.879506 (1.271516), tok1: 97.584 (85.580), tok5: 99.531 (94.688), time: 0.892 (0.856), eta: 1:34:01, mem: 16625M
[08/21 10:05:16][INFO] trainer.py:  77: iter: 005420, lr: 0.00100, loss: 0.904080 (1.270838), tok1: 96.250 (85.599), tok5: 99.531 (94.697), time: 0.737 (0.856), eta: 1:33:51, mem: 16625M
[08/21 10:05:26][INFO] trainer.py:  77: iter: 005430, lr: 0.00100, loss: 0.860912 (1.270083), tok1: 97.812 (85.622), tok5: 99.844 (94.707), time: 1.042 (0.856), eta: 1:33:45, mem: 16625M
[08/21 10:05:36][INFO] trainer.py:  77: iter: 005440, lr: 0.00100, loss: 0.909969 (1.269421), tok1: 96.094 (85.641), tok5: 99.375 (94.715), time: 0.985 (0.856), eta: 1:33:38, mem: 16625M
[08/21 10:05:43][INFO] trainer.py:  77: iter: 005450, lr: 0.00100, loss: 0.876549 (1.268701), tok1: 96.406 (85.661), tok5: 99.375 (94.724), time: 0.731 (0.856), eta: 1:33:28, mem: 16625M
[08/21 10:05:53][INFO] trainer.py:  77: iter: 005460, lr: 0.00100, loss: 0.867186 (1.267965), tok1: 97.188 (85.682), tok5: 99.844 (94.733), time: 1.005 (0.857), eta: 1:33:21, mem: 16625M
[08/21 10:06:00][INFO] trainer.py:  77: iter: 005470, lr: 0.00100, loss: 0.870483 (1.267238), tok1: 97.969 (85.704), tok5: 99.688 (94.742), time: 0.728 (0.856), eta: 1:33:11, mem: 16625M
[08/21 10:06:10][INFO] trainer.py:  77: iter: 005480, lr: 0.00100, loss: 0.894972 (1.266559), tok1: 97.272 (85.726), tok5: 99.375 (94.751), time: 0.944 (0.856), eta: 1:33:03, mem: 16625M
[08/21 10:06:20][INFO] trainer.py:  77: iter: 005490, lr: 0.00100, loss: 0.857014 (1.265813), tok1: 97.969 (85.748), tok5: 99.844 (94.760), time: 0.985 (0.857), eta: 1:32:56, mem: 16625M
[08/21 10:06:27][INFO] trainer.py:  77: iter: 005500, lr: 0.00100, loss: 0.872634 (1.265098), tok1: 97.031 (85.768), tok5: 100.000 (94.770), time: 0.730 (0.856), eta: 1:32:46, mem: 16625M
[08/21 10:06:27][INFO] checkpoint.py:  46: Saving checkpoint to outputs/x3d-s_clipgcn_tensor_cs_70_10_20_zsl_40_15_coco17_182/model_005500.pth
[08/21 10:06:28][INFO] inference.py:  51: Evaluating CLIPGCN_TENSOR dataset(399 video clips):
  0%|          | 0/7 [00:00<?, ?it/s] 14%|█▍        | 1/7 [00:05<00:32,  5.40s/it] 29%|██▊       | 2/7 [00:06<00:13,  2.75s/it] 43%|████▎     | 3/7 [00:06<00:06,  1.62s/it] 57%|█████▋    | 4/7 [00:06<00:03,  1.07s/it] 71%|███████▏  | 5/7 [00:07<00:01,  1.31it/s] 86%|████████▌ | 6/7 [00:07<00:00,  1.74it/s]100%|██████████| 7/7 [00:07<00:00,  1.04s/it]
[08/21 10:06:35][INFO] inference.py:  61: 
total - top1 acc: 86.324 top5 acc: 98.824
0   - A001                 - acc: 80.00
1   - A002                 - acc: 100.00
2   - A003                 - acc: 60.00
3   - A004                 - acc: 70.00
4   - A005                 - acc: 90.00
5   - A006                 - acc: 0.0
6   - A007                 - acc: 50.00
7   - A008                 - acc: 0.0
8   - A009                 - acc: 70.00
9   - A010                 - acc: 90.00
10  - A011                 - acc: 0.0
11  - A012                 - acc: 80.00
12  - A013                 - acc: 0.0
13  - A014                 - acc: 60.00
14  - A015                 - acc: 70.00
15  - A016                 - acc: 90.00
16  - A017                 - acc: 80.00
17  - A018                 - acc: 0.0
18  - A019                 - acc: 0.0
19  - A020                 - acc: 100.00
20  - A021                 - acc: 100.00
21  - A022                 - acc: 0.0
22  - A023                 - acc: 90.00
23  - A024                 - acc: 100.00
24  - A025                 - acc: 0.0
25  - A026                 - acc: 70.00
26  - A027                 - acc: 90.00
27  - A028                 - acc: 90.00
28  - A029                 - acc: 0.0
29  - A030                 - acc: 0.0
30  - A031                 - acc: 0.0
31  - A032                 - acc: 90.00
32  - A033                 - acc: 80.00
33  - A034                 - acc: 90.00
34  - A035                 - acc: 0.0
35  - A036                 - acc: 90.00
36  - A037                 - acc: 70.00
37  - A038                 - acc: 70.00
38  - A039                 - acc: 100.00
39  - A040                 - acc: 80.00
40  - A041                 - acc: 80.00
41  - A042                 - acc: 100.00
42  - A043                 - acc: 100.00
43  - A044                 - acc: 100.00
44  - A045                 - acc: 90.00
45  - A046                 - acc: 80.00
46  - A047                 - acc: 0.0
47  - A048                 - acc: 0.0
48  - A049                 - acc: 90.00
49  - A050                 - acc: 88.89
50  - A051                 - acc: 90.00
51  - A052                 - acc: 100.00
52  - A053                 - acc: 100.00
53  - A054                 - acc: 0.0
54  - A055                 - acc: 100.00

[08/21 10:06:42][INFO] trainer.py:  77: iter: 005510, lr: 0.00100, loss: 0.894917 (1.264426), tok1: 96.562 (85.788), tok5: 99.062 (94.777), time: 1.541 (0.858), eta: 1:32:46, mem: 16625M
[08/21 10:06:50][INFO] trainer.py:  77: iter: 005520, lr: 0.00100, loss: 0.870765 (1.263713), tok1: 97.812 (85.810), tok5: 99.688 (94.786), time: 0.743 (0.857), eta: 1:32:36, mem: 16625M
[08/21 10:06:57][INFO] trainer.py:  77: iter: 005530, lr: 0.00100, loss: 0.881499 (1.263022), tok1: 97.344 (85.831), tok5: 99.375 (94.795), time: 0.756 (0.857), eta: 1:32:26, mem: 16625M
[08/21 10:07:05][INFO] trainer.py:  77: iter: 005540, lr: 0.00100, loss: 0.888777 (1.262347), tok1: 97.344 (85.851), tok5: 99.375 (94.803), time: 0.737 (0.857), eta: 1:32:16, mem: 16625M
[08/21 10:07:12][INFO] trainer.py:  77: iter: 005550, lr: 0.00100, loss: 0.926079 (1.261741), tok1: 95.793 (85.869), tok5: 98.906 (94.810), time: 0.696 (0.857), eta: 1:32:06, mem: 16625M
[08/21 10:07:19][INFO] trainer.py:  77: iter: 005560, lr: 0.00100, loss: 0.889329 (1.261071), tok1: 96.094 (85.888), tok5: 99.375 (94.818), time: 0.730 (0.857), eta: 1:31:56, mem: 16625M
[08/21 10:07:28][INFO] trainer.py:  77: iter: 005570, lr: 0.00100, loss: 0.878215 (1.260384), tok1: 97.500 (85.909), tok5: 99.375 (94.827), time: 0.879 (0.857), eta: 1:31:47, mem: 16625M
[08/21 10:07:35][INFO] trainer.py:  77: iter: 005580, lr: 0.00100, loss: 0.885555 (1.259712), tok1: 97.656 (85.930), tok5: 99.062 (94.834), time: 0.727 (0.856), eta: 1:31:37, mem: 16625M
[08/21 10:07:46][INFO] trainer.py:  77: iter: 005590, lr: 0.00100, loss: 0.902151 (1.259072), tok1: 96.250 (85.948), tok5: 98.906 (94.842), time: 1.064 (0.857), eta: 1:31:31, mem: 16625M
[08/21 10:07:56][INFO] trainer.py:  77: iter: 005600, lr: 0.00100, loss: 0.895392 (1.258423), tok1: 96.406 (85.967), tok5: 99.844 (94.850), time: 1.006 (0.857), eta: 1:31:24, mem: 16625M
[08/21 10:08:03][INFO] trainer.py:  77: iter: 005610, lr: 0.00100, loss: 0.897597 (1.257780), tok1: 95.938 (85.985), tok5: 99.375 (94.859), time: 0.726 (0.857), eta: 1:31:14, mem: 16625M
[08/21 10:08:12][INFO] trainer.py:  77: iter: 005620, lr: 0.00100, loss: 0.901373 (1.257145), tok1: 95.938 (86.002), tok5: 98.750 (94.865), time: 0.919 (0.857), eta: 1:31:06, mem: 16625M
[08/21 10:08:19][INFO] trainer.py:  77: iter: 005630, lr: 0.00100, loss: 0.876735 (1.256470), tok1: 98.125 (86.024), tok5: 99.219 (94.873), time: 0.698 (0.857), eta: 1:30:56, mem: 16625M
[08/21 10:08:29][INFO] trainer.py:  77: iter: 005640, lr: 0.00100, loss: 0.880737 (1.255804), tok1: 97.656 (86.044), tok5: 99.844 (94.882), time: 1.015 (0.857), eta: 1:30:49, mem: 16625M
[08/21 10:08:39][INFO] trainer.py:  77: iter: 005650, lr: 0.00100, loss: 0.873548 (1.255127), tok1: 97.031 (86.064), tok5: 99.375 (94.890), time: 0.928 (0.857), eta: 1:30:41, mem: 16625M
[08/21 10:08:46][INFO] trainer.py:  77: iter: 005660, lr: 0.00100, loss: 0.858500 (1.254426), tok1: 97.500 (86.084), tok5: 99.688 (94.898), time: 0.736 (0.857), eta: 1:30:32, mem: 16625M
[08/21 10:08:57][INFO] trainer.py:  77: iter: 005670, lr: 0.00100, loss: 0.890071 (1.253784), tok1: 96.719 (86.103), tok5: 99.531 (94.907), time: 1.091 (0.857), eta: 1:30:26, mem: 16625M
[08/21 10:09:06][INFO] trainer.py:  77: iter: 005680, lr: 0.00100, loss: 0.861052 (1.253092), tok1: 97.500 (86.123), tok5: 99.844 (94.915), time: 0.932 (0.857), eta: 1:30:18, mem: 16625M
[08/21 10:09:14][INFO] trainer.py:  77: iter: 005690, lr: 0.00100, loss: 0.885408 (1.252446), tok1: 96.875 (86.142), tok5: 99.688 (94.924), time: 0.730 (0.857), eta: 1:30:08, mem: 16625M
[08/21 10:09:23][INFO] trainer.py:  77: iter: 005700, lr: 0.00100, loss: 0.871310 (1.251777), tok1: 97.188 (86.161), tok5: 99.844 (94.932), time: 0.984 (0.857), eta: 1:30:01, mem: 16625M
[08/21 10:09:31][INFO] trainer.py:  77: iter: 005710, lr: 0.00100, loss: 0.898386 (1.251158), tok1: 97.031 (86.180), tok5: 98.906 (94.939), time: 0.726 (0.857), eta: 1:29:51, mem: 16625M
[08/21 10:09:41][INFO] trainer.py:  77: iter: 005720, lr: 0.00100, loss: 0.879566 (1.250509), tok1: 97.031 (86.199), tok5: 99.375 (94.947), time: 0.995 (0.857), eta: 1:29:44, mem: 16625M
[08/21 10:09:50][INFO] trainer.py:  77: iter: 005730, lr: 0.00100, loss: 0.854437 (1.249818), tok1: 97.656 (86.219), tok5: 99.844 (94.956), time: 0.920 (0.857), eta: 1:29:36, mem: 16625M
[08/21 10:09:57][INFO] trainer.py:  77: iter: 005740, lr: 0.00100, loss: 0.867973 (1.249152), tok1: 97.969 (86.240), tok5: 99.688 (94.964), time: 0.730 (0.857), eta: 1:29:26, mem: 16625M
[08/21 10:10:08][INFO] trainer.py:  77: iter: 005750, lr: 0.00100, loss: 0.873586 (1.248499), tok1: 97.344 (86.259), tok5: 99.219 (94.971), time: 1.054 (0.858), eta: 1:29:19, mem: 16625M
[08/21 10:10:17][INFO] trainer.py:  77: iter: 005760, lr: 0.00100, loss: 0.860799 (1.247826), tok1: 98.438 (86.280), tok5: 99.844 (94.980), time: 0.902 (0.858), eta: 1:29:11, mem: 16625M
[08/21 10:10:24][INFO] trainer.py:  77: iter: 005770, lr: 0.00100, loss: 0.901306 (1.247226), tok1: 96.562 (86.298), tok5: 99.219 (94.987), time: 0.726 (0.857), eta: 1:29:01, mem: 16625M
[08/21 10:10:34][INFO] trainer.py:  77: iter: 005780, lr: 0.00100, loss: 0.867501 (1.246569), tok1: 97.825 (86.318), tok5: 99.615 (94.995), time: 0.965 (0.858), eta: 1:28:54, mem: 16625M
[08/21 10:10:41][INFO] trainer.py:  77: iter: 005790, lr: 0.00100, loss: 0.854704 (1.245892), tok1: 98.594 (86.339), tok5: 99.531 (95.003), time: 0.733 (0.857), eta: 1:28:44, mem: 16625M
[08/21 10:10:50][INFO] trainer.py:  77: iter: 005800, lr: 0.00100, loss: 0.877259 (1.245256), tok1: 96.719 (86.357), tok5: 99.844 (95.011), time: 0.920 (0.857), eta: 1:28:36, mem: 16625M
[08/21 10:11:00][INFO] trainer.py:  77: iter: 005810, lr: 0.00100, loss: 0.864021 (1.244600), tok1: 98.125 (86.377), tok5: 99.531 (95.019), time: 0.976 (0.858), eta: 1:28:29, mem: 16625M
[08/21 10:11:07][INFO] trainer.py:  77: iter: 005820, lr: 0.00100, loss: 0.862320 (1.243943), tok1: 97.656 (86.397), tok5: 99.688 (95.027), time: 0.729 (0.857), eta: 1:28:19, mem: 16625M
[08/21 10:11:18][INFO] trainer.py:  77: iter: 005830, lr: 0.00100, loss: 0.888997 (1.243334), tok1: 96.094 (86.413), tok5: 99.375 (95.034), time: 1.033 (0.858), eta: 1:28:12, mem: 16625M
[08/21 10:11:27][INFO] trainer.py:  77: iter: 005840, lr: 0.00100, loss: 0.899667 (1.242746), tok1: 95.781 (86.429), tok5: 99.219 (95.042), time: 0.902 (0.858), eta: 1:28:04, mem: 16625M
[08/21 10:11:33][INFO] trainer.py:  77: iter: 005850, lr: 0.00100, loss: 0.860349 (1.242092), tok1: 97.668 (86.448), tok5: 99.688 (95.050), time: 0.684 (0.858), eta: 1:27:53, mem: 16625M
[08/21 10:11:43][INFO] trainer.py:  77: iter: 005860, lr: 0.00100, loss: 0.866024 (1.241450), tok1: 97.969 (86.468), tok5: 99.375 (95.057), time: 0.924 (0.858), eta: 1:27:46, mem: 16625M
[08/21 10:11:50][INFO] trainer.py:  77: iter: 005870, lr: 0.00100, loss: 0.869478 (1.240817), tok1: 97.344 (86.487), tok5: 99.531 (95.065), time: 0.736 (0.857), eta: 1:27:36, mem: 16625M
[08/21 10:11:59][INFO] trainer.py:  77: iter: 005880, lr: 0.00100, loss: 0.881680 (1.240206), tok1: 97.344 (86.505), tok5: 99.531 (95.072), time: 0.944 (0.858), eta: 1:27:28, mem: 16625M
[08/21 10:12:10][INFO] trainer.py:  77: iter: 005890, lr: 0.00100, loss: 0.885071 (1.239603), tok1: 96.719 (86.522), tok5: 99.531 (95.080), time: 1.005 (0.858), eta: 1:27:21, mem: 16625M
[08/21 10:12:17][INFO] trainer.py:  77: iter: 005900, lr: 0.00100, loss: 0.872367 (1.238981), tok1: 97.031 (86.540), tok5: 99.844 (95.088), time: 0.731 (0.858), eta: 1:27:11, mem: 16625M
[08/21 10:12:25][INFO] trainer.py:  77: iter: 005910, lr: 0.00100, loss: 0.886632 (1.238384), tok1: 97.500 (86.559), tok5: 99.688 (95.096), time: 0.861 (0.858), eta: 1:27:03, mem: 16625M
[08/21 10:12:34][INFO] trainer.py:  77: iter: 005920, lr: 0.00100, loss: 0.871865 (1.237765), tok1: 97.115 (86.577), tok5: 99.688 (95.103), time: 0.880 (0.858), eta: 1:26:54, mem: 16625M
[08/21 10:12:42][INFO] trainer.py:  77: iter: 005930, lr: 0.00100, loss: 0.884590 (1.237170), tok1: 97.031 (86.594), tok5: 99.375 (95.111), time: 0.730 (0.857), eta: 1:26:44, mem: 16625M
[08/21 10:12:50][INFO] trainer.py:  77: iter: 005940, lr: 0.00100, loss: 0.874208 (1.236559), tok1: 97.188 (86.612), tok5: 99.688 (95.118), time: 0.816 (0.857), eta: 1:26:35, mem: 16625M
[08/21 10:12:57][INFO] trainer.py:  77: iter: 005950, lr: 0.00100, loss: 0.888478 (1.235974), tok1: 96.406 (86.629), tok5: 99.688 (95.126), time: 0.725 (0.857), eta: 1:26:25, mem: 16625M
[08/21 10:13:05][INFO] trainer.py:  77: iter: 005960, lr: 0.00100, loss: 0.870024 (1.235360), tok1: 97.031 (86.646), tok5: 99.531 (95.133), time: 0.832 (0.857), eta: 1:26:17, mem: 16625M
[08/21 10:13:14][INFO] trainer.py:  77: iter: 005970, lr: 0.00100, loss: 0.855773 (1.234724), tok1: 97.500 (86.664), tok5: 99.375 (95.140), time: 0.875 (0.857), eta: 1:26:08, mem: 16625M
[08/21 10:13:21][INFO] trainer.py:  77: iter: 005980, lr: 0.00100, loss: 0.876116 (1.234124), tok1: 96.875 (86.681), tok5: 99.531 (95.148), time: 0.726 (0.857), eta: 1:25:58, mem: 16625M
[08/21 10:13:30][INFO] trainer.py:  77: iter: 005990, lr: 0.00100, loss: 0.877343 (1.233529), tok1: 97.031 (86.699), tok5: 99.375 (95.155), time: 0.895 (0.857), eta: 1:25:50, mem: 16625M
[08/21 10:13:40][INFO] trainer.py:  77: iter: 006000, lr: 0.00100, loss: 0.896649 (1.232967), tok1: 95.950 (86.714), tok5: 99.531 (95.162), time: 0.954 (0.857), eta: 1:25:43, mem: 16625M
[08/21 10:13:40][INFO] checkpoint.py:  46: Saving checkpoint to outputs/x3d-s_clipgcn_tensor_cs_70_10_20_zsl_40_15_coco17_182/model_006000.pth
[08/21 10:13:40][INFO] inference.py:  51: Evaluating CLIPGCN_TENSOR dataset(399 video clips):
  0%|          | 0/7 [00:00<?, ?it/s] 14%|█▍        | 1/7 [00:05<00:31,  5.28s/it] 29%|██▊       | 2/7 [00:05<00:11,  2.37s/it] 43%|████▎     | 3/7 [00:05<00:05,  1.40s/it] 57%|█████▋    | 4/7 [00:06<00:02,  1.07it/s] 71%|███████▏  | 5/7 [00:06<00:01,  1.48it/s] 86%|████████▌ | 6/7 [00:06<00:00,  1.92it/s]100%|██████████| 7/7 [00:06<00:00,  1.06it/s]
[08/21 10:13:47][INFO] inference.py:  61: 
total - top1 acc: 85.878 top5 acc: 98.155
0   - A001                 - acc: 80.00
1   - A002                 - acc: 90.00
2   - A003                 - acc: 60.00
3   - A004                 - acc: 60.00
4   - A005                 - acc: 90.00
5   - A006                 - acc: 0.0
6   - A007                 - acc: 50.00
7   - A008                 - acc: 0.0
8   - A009                 - acc: 70.00
9   - A010                 - acc: 90.00
10  - A011                 - acc: 0.0
11  - A012                 - acc: 80.00
12  - A013                 - acc: 0.0
13  - A014                 - acc: 60.00
14  - A015                 - acc: 80.00
15  - A016                 - acc: 90.00
16  - A017                 - acc: 80.00
17  - A018                 - acc: 0.0
18  - A019                 - acc: 0.0
19  - A020                 - acc: 100.00
20  - A021                 - acc: 90.00
21  - A022                 - acc: 0.0
22  - A023                 - acc: 90.00
23  - A024                 - acc: 100.00
24  - A025                 - acc: 0.0
25  - A026                 - acc: 80.00
26  - A027                 - acc: 100.00
27  - A028                 - acc: 80.00
28  - A029                 - acc: 0.0
29  - A030                 - acc: 0.0
30  - A031                 - acc: 0.0
31  - A032                 - acc: 90.00
32  - A033                 - acc: 80.00
33  - A034                 - acc: 90.00
34  - A035                 - acc: 0.0
35  - A036                 - acc: 80.00
36  - A037                 - acc: 70.00
37  - A038                 - acc: 70.00
38  - A039                 - acc: 100.00
39  - A040                 - acc: 80.00
40  - A041                 - acc: 80.00
41  - A042                 - acc: 100.00
42  - A043                 - acc: 100.00
43  - A044                 - acc: 100.00
44  - A045                 - acc: 90.00
45  - A046                 - acc: 90.00
46  - A047                 - acc: 0.0
47  - A048                 - acc: 0.0
48  - A049                 - acc: 90.00
49  - A050                 - acc: 77.78
50  - A051                 - acc: 90.00
51  - A052                 - acc: 100.00
52  - A053                 - acc: 100.00
53  - A054                 - acc: 0.0
54  - A055                 - acc: 100.00

[08/21 10:13:54][INFO] trainer.py:  77: iter: 006010, lr: 0.00100, loss: 0.869946 (1.232363), tok1: 97.031 (86.731), tok5: 99.531 (95.169), time: 1.439 (0.858), eta: 1:25:40, mem: 16625M
[08/21 10:14:01][INFO] trainer.py:  77: iter: 006020, lr: 0.00100, loss: 0.858075 (1.231741), tok1: 97.656 (86.749), tok5: 99.531 (95.177), time: 0.729 (0.858), eta: 1:25:30, mem: 16625M
[08/21 10:14:09][INFO] trainer.py:  77: iter: 006030, lr: 0.00100, loss: 0.867885 (1.231138), tok1: 98.125 (86.768), tok5: 99.375 (95.184), time: 0.725 (0.858), eta: 1:25:20, mem: 16625M
[08/21 10:14:16][INFO] trainer.py:  77: iter: 006040, lr: 0.00100, loss: 0.897811 (1.230586), tok1: 96.875 (86.785), tok5: 99.219 (95.190), time: 0.731 (0.858), eta: 1:25:10, mem: 16625M
[08/21 10:14:23][INFO] trainer.py:  77: iter: 006050, lr: 0.00100, loss: 0.891940 (1.230026), tok1: 97.188 (86.802), tok5: 99.219 (95.197), time: 0.725 (0.857), eta: 1:25:00, mem: 16625M
[08/21 10:14:31][INFO] trainer.py:  77: iter: 006060, lr: 0.00100, loss: 0.875659 (1.229442), tok1: 97.656 (86.820), tok5: 99.375 (95.204), time: 0.729 (0.857), eta: 1:24:51, mem: 16625M
[08/21 10:14:37][INFO] trainer.py:  77: iter: 006070, lr: 0.00100, loss: 0.866303 (1.228843), tok1: 96.959 (86.837), tok5: 99.531 (95.211), time: 0.687 (0.857), eta: 1:24:40, mem: 16625M
[08/21 10:14:45][INFO] trainer.py:  77: iter: 006080, lr: 0.00100, loss: 0.851895 (1.228223), tok1: 97.656 (86.854), tok5: 99.844 (95.219), time: 0.725 (0.857), eta: 1:24:30, mem: 16625M
[08/21 10:14:52][INFO] trainer.py:  77: iter: 006090, lr: 0.00100, loss: 0.880630 (1.227653), tok1: 97.500 (86.872), tok5: 99.062 (95.225), time: 0.734 (0.856), eta: 1:24:21, mem: 16625M
[08/21 10:14:59][INFO] trainer.py:  77: iter: 006100, lr: 0.00100, loss: 0.863313 (1.227055), tok1: 97.656 (86.890), tok5: 99.375 (95.232), time: 0.727 (0.856), eta: 1:24:11, mem: 16625M
[08/21 10:15:07][INFO] trainer.py:  77: iter: 006110, lr: 0.00100, loss: 0.877010 (1.226482), tok1: 97.188 (86.906), tok5: 98.906 (95.238), time: 0.738 (0.856), eta: 1:24:01, mem: 16625M
[08/21 10:15:14][INFO] trainer.py:  77: iter: 006120, lr: 0.00100, loss: 0.854278 (1.225874), tok1: 97.812 (86.924), tok5: 99.844 (95.245), time: 0.733 (0.856), eta: 1:23:51, mem: 16625M
[08/21 10:15:21][INFO] trainer.py:  77: iter: 006130, lr: 0.00100, loss: 0.866196 (1.225287), tok1: 98.125 (86.943), tok5: 100.000 (95.253), time: 0.747 (0.856), eta: 1:23:42, mem: 16625M
[08/21 10:15:29][INFO] trainer.py:  77: iter: 006140, lr: 0.00100, loss: 0.874230 (1.224716), tok1: 96.875 (86.959), tok5: 99.531 (95.260), time: 0.725 (0.855), eta: 1:23:32, mem: 16625M
[08/21 10:15:39][INFO] trainer.py:  77: iter: 006150, lr: 0.00100, loss: 0.862000 (1.224126), tok1: 98.281 (86.977), tok5: 99.375 (95.267), time: 1.068 (0.856), eta: 1:23:25, mem: 16625M
[08/21 10:15:50][INFO] trainer.py:  77: iter: 006160, lr: 0.00100, loss: 0.885661 (1.223576), tok1: 97.344 (86.994), tok5: 99.375 (95.273), time: 1.074 (0.856), eta: 1:23:19, mem: 16625M
[08/21 10:15:57][INFO] trainer.py:  77: iter: 006170, lr: 0.00100, loss: 0.869736 (1.223003), tok1: 97.656 (87.011), tok5: 99.844 (95.281), time: 0.732 (0.856), eta: 1:23:09, mem: 16625M
[08/21 10:16:08][INFO] trainer.py:  77: iter: 006180, lr: 0.00100, loss: 0.855879 (1.222409), tok1: 97.656 (87.029), tok5: 99.844 (95.288), time: 1.037 (0.856), eta: 1:23:02, mem: 16625M
[08/21 10:16:15][INFO] trainer.py:  77: iter: 006190, lr: 0.00100, loss: 0.871610 (1.221842), tok1: 97.031 (87.045), tok5: 99.219 (95.294), time: 0.725 (0.856), eta: 1:22:53, mem: 16625M
[08/21 10:16:24][INFO] trainer.py:  77: iter: 006200, lr: 0.00100, loss: 0.856351 (1.221253), tok1: 97.812 (87.062), tok5: 99.531 (95.301), time: 0.906 (0.856), eta: 1:22:45, mem: 16625M
[08/21 10:16:33][INFO] trainer.py:  77: iter: 006210, lr: 0.00100, loss: 0.865157 (1.220679), tok1: 97.812 (87.079), tok5: 99.688 (95.308), time: 0.937 (0.856), eta: 1:22:37, mem: 16625M
[08/21 10:16:40][INFO] trainer.py:  77: iter: 006220, lr: 0.00100, loss: 0.860896 (1.220101), tok1: 97.812 (87.097), tok5: 100.000 (95.316), time: 0.684 (0.856), eta: 1:22:27, mem: 16625M
[08/21 10:16:51][INFO] trainer.py:  77: iter: 006230, lr: 0.00100, loss: 0.846424 (1.219501), tok1: 98.281 (87.115), tok5: 99.531 (95.323), time: 1.068 (0.856), eta: 1:22:20, mem: 16625M
[08/21 10:16:58][INFO] trainer.py:  77: iter: 006240, lr: 0.00100, loss: 0.862187 (1.218928), tok1: 97.500 (87.131), tok5: 99.844 (95.330), time: 0.725 (0.856), eta: 1:22:10, mem: 16625M
[08/21 10:17:06][INFO] trainer.py:  77: iter: 006250, lr: 0.00100, loss: 0.872823 (1.218375), tok1: 97.812 (87.148), tok5: 99.219 (95.336), time: 0.726 (0.856), eta: 1:22:00, mem: 16625M
[08/21 10:17:14][INFO] trainer.py:  77: iter: 006260, lr: 0.00100, loss: 0.849589 (1.217786), tok1: 98.125 (87.166), tok5: 99.531 (95.343), time: 0.864 (0.856), eta: 1:21:52, mem: 16625M
[08/21 10:17:21][INFO] trainer.py:  77: iter: 006270, lr: 0.00100, loss: 0.875338 (1.217239), tok1: 97.031 (87.182), tok5: 99.531 (95.350), time: 0.723 (0.856), eta: 1:21:42, mem: 16625M
[08/21 10:17:31][INFO] trainer.py:  77: iter: 006280, lr: 0.00100, loss: 0.902582 (1.216738), tok1: 96.250 (87.196), tok5: 98.281 (95.354), time: 0.978 (0.856), eta: 1:21:35, mem: 16625M
[08/21 10:17:40][INFO] trainer.py:  77: iter: 006290, lr: 0.00100, loss: 0.859274 (1.216170), tok1: 97.428 (87.212), tok5: 99.688 (95.361), time: 0.890 (0.856), eta: 1:21:26, mem: 16625M
[08/21 10:17:47][INFO] trainer.py:  77: iter: 006300, lr: 0.00100, loss: 0.889150 (1.215651), tok1: 96.875 (87.228), tok5: 99.375 (95.367), time: 0.728 (0.856), eta: 1:21:17, mem: 16625M
[08/21 10:17:57][INFO] trainer.py:  77: iter: 006310, lr: 0.00100, loss: 0.847596 (1.215068), tok1: 98.438 (87.245), tok5: 99.688 (95.374), time: 0.993 (0.856), eta: 1:21:09, mem: 16625M
[08/21 10:18:07][INFO] trainer.py:  77: iter: 006320, lr: 0.00100, loss: 0.866809 (1.214517), tok1: 97.812 (87.262), tok5: 99.688 (95.381), time: 0.986 (0.856), eta: 1:21:02, mem: 16625M
[08/21 10:18:14][INFO] trainer.py:  77: iter: 006330, lr: 0.00100, loss: 0.851262 (1.213943), tok1: 97.500 (87.278), tok5: 100.000 (95.388), time: 0.731 (0.856), eta: 1:20:52, mem: 16625M
[08/21 10:18:22][INFO] trainer.py:  77: iter: 006340, lr: 0.00100, loss: 0.860104 (1.213385), tok1: 98.125 (87.295), tok5: 99.531 (95.395), time: 0.771 (0.856), eta: 1:20:43, mem: 16625M
[08/21 10:18:29][INFO] trainer.py:  77: iter: 006350, lr: 0.00100, loss: 0.863830 (1.212834), tok1: 97.188 (87.311), tok5: 99.688 (95.402), time: 0.728 (0.856), eta: 1:20:33, mem: 16625M
[08/21 10:18:38][INFO] trainer.py:  77: iter: 006360, lr: 0.00100, loss: 0.874803 (1.212303), tok1: 96.250 (87.325), tok5: 100.000 (95.409), time: 0.870 (0.856), eta: 1:20:25, mem: 16625M
[08/21 10:18:46][INFO] trainer.py:  77: iter: 006370, lr: 0.00100, loss: 0.862398 (1.211753), tok1: 97.115 (87.340), tok5: 99.688 (95.416), time: 0.771 (0.855), eta: 1:20:16, mem: 16625M
[08/21 10:18:53][INFO] trainer.py:  77: iter: 006380, lr: 0.00100, loss: 0.878599 (1.211231), tok1: 96.875 (87.355), tok5: 99.531 (95.422), time: 0.725 (0.855), eta: 1:20:06, mem: 16625M
[08/21 10:19:04][INFO] trainer.py:  77: iter: 006390, lr: 0.00100, loss: 0.866103 (1.210691), tok1: 97.344 (87.371), tok5: 99.688 (95.429), time: 1.058 (0.856), eta: 1:19:59, mem: 16625M
[08/21 10:19:13][INFO] trainer.py:  77: iter: 006400, lr: 0.00010, loss: 0.862356 (1.210147), tok1: 97.656 (87.387), tok5: 99.844 (95.436), time: 0.886 (0.856), eta: 1:19:51, mem: 16625M
[08/21 10:19:20][INFO] trainer.py:  77: iter: 006410, lr: 0.00010, loss: 0.908798 (1.209677), tok1: 95.938 (87.400), tok5: 98.750 (95.441), time: 0.724 (0.855), eta: 1:19:41, mem: 16625M
[08/21 10:19:29][INFO] trainer.py:  77: iter: 006420, lr: 0.00010, loss: 0.885911 (1.209172), tok1: 97.656 (87.416), tok5: 99.062 (95.446), time: 0.914 (0.855), eta: 1:19:33, mem: 16625M
[08/21 10:19:36][INFO] trainer.py:  77: iter: 006430, lr: 0.00010, loss: 0.844563 (1.208605), tok1: 98.438 (87.433), tok5: 100.000 (95.454), time: 0.733 (0.855), eta: 1:19:23, mem: 16625M
[08/21 10:19:46][INFO] trainer.py:  77: iter: 006440, lr: 0.00010, loss: 0.856306 (1.208058), tok1: 97.512 (87.449), tok5: 100.000 (95.461), time: 0.931 (0.855), eta: 1:19:16, mem: 16625M
[08/21 10:19:56][INFO] trainer.py:  77: iter: 006450, lr: 0.00010, loss: 0.853217 (1.207508), tok1: 98.125 (87.466), tok5: 99.688 (95.467), time: 1.048 (0.856), eta: 1:19:09, mem: 16625M
[08/21 10:20:03][INFO] trainer.py:  77: iter: 006460, lr: 0.00010, loss: 0.861689 (1.206973), tok1: 97.500 (87.481), tok5: 99.531 (95.473), time: 0.722 (0.856), eta: 1:18:59, mem: 16625M
[08/21 10:20:10][INFO] trainer.py:  77: iter: 006470, lr: 0.00010, loss: 0.852634 (1.206425), tok1: 98.281 (87.498), tok5: 99.531 (95.480), time: 0.723 (0.855), eta: 1:18:49, mem: 16625M
[08/21 10:20:18][INFO] trainer.py:  77: iter: 006480, lr: 0.00010, loss: 0.865106 (1.205898), tok1: 98.438 (87.515), tok5: 99.531 (95.486), time: 0.725 (0.855), eta: 1:18:40, mem: 16625M
[08/21 10:20:25][INFO] trainer.py:  77: iter: 006490, lr: 0.00010, loss: 0.836415 (1.205329), tok1: 98.750 (87.532), tok5: 99.844 (95.493), time: 0.728 (0.855), eta: 1:18:30, mem: 16625M
[08/21 10:20:32][INFO] trainer.py:  77: iter: 006500, lr: 0.00010, loss: 0.869772 (1.204813), tok1: 97.812 (87.548), tok5: 99.375 (95.499), time: 0.725 (0.855), eta: 1:18:20, mem: 16625M
[08/21 10:20:32][INFO] checkpoint.py:  46: Saving checkpoint to outputs/x3d-s_clipgcn_tensor_cs_70_10_20_zsl_40_15_coco17_182/model_006500.pth
[08/21 10:20:33][INFO] inference.py:  51: Evaluating CLIPGCN_TENSOR dataset(399 video clips):
  0%|          | 0/7 [00:00<?, ?it/s] 14%|█▍        | 1/7 [00:06<00:37,  6.23s/it] 29%|██▊       | 2/7 [00:06<00:13,  2.74s/it] 43%|████▎     | 3/7 [00:06<00:06,  1.59s/it] 57%|█████▋    | 4/7 [00:06<00:03,  1.05s/it] 71%|███████▏  | 5/7 [00:07<00:01,  1.34it/s] 86%|████████▌ | 6/7 [00:07<00:00,  1.76it/s]100%|██████████| 7/7 [00:07<00:00,  1.07s/it]
[08/21 10:20:40][INFO] inference.py:  61: 
total - top1 acc: 86.101 top5 acc: 98.601
0   - A001                 - acc: 70.00
1   - A002                 - acc: 100.00
2   - A003                 - acc: 50.00
3   - A004                 - acc: 60.00
4   - A005                 - acc: 90.00
5   - A006                 - acc: 0.0
6   - A007                 - acc: 60.00
7   - A008                 - acc: 0.0
8   - A009                 - acc: 70.00
9   - A010                 - acc: 90.00
10  - A011                 - acc: 0.0
11  - A012                 - acc: 80.00
12  - A013                 - acc: 0.0
13  - A014                 - acc: 60.00
14  - A015                 - acc: 80.00
15  - A016                 - acc: 90.00
16  - A017                 - acc: 80.00
17  - A018                 - acc: 0.0
18  - A019                 - acc: 0.0
19  - A020                 - acc: 100.00
20  - A021                 - acc: 100.00
21  - A022                 - acc: 0.0
22  - A023                 - acc: 90.00
23  - A024                 - acc: 100.00
24  - A025                 - acc: 0.0
25  - A026                 - acc: 80.00
26  - A027                 - acc: 100.00
27  - A028                 - acc: 90.00
28  - A029                 - acc: 0.0
29  - A030                 - acc: 0.0
30  - A031                 - acc: 0.0
31  - A032                 - acc: 80.00
32  - A033                 - acc: 70.00
33  - A034                 - acc: 90.00
34  - A035                 - acc: 0.0
35  - A036                 - acc: 100.00
36  - A037                 - acc: 70.00
37  - A038                 - acc: 60.00
38  - A039                 - acc: 100.00
39  - A040                 - acc: 80.00
40  - A041                 - acc: 90.00
41  - A042                 - acc: 100.00
42  - A043                 - acc: 100.00
43  - A044                 - acc: 100.00
44  - A045                 - acc: 90.00
45  - A046                 - acc: 80.00
46  - A047                 - acc: 0.0
47  - A048                 - acc: 0.0
48  - A049                 - acc: 90.00
49  - A050                 - acc: 88.89
50  - A051                 - acc: 80.00
51  - A052                 - acc: 100.00
52  - A053                 - acc: 100.00
53  - A054                 - acc: 0.0
54  - A055                 - acc: 100.00

[08/21 10:20:48][INFO] trainer.py:  77: iter: 006510, lr: 0.00010, loss: 0.891298 (1.204331), tok1: 95.938 (87.561), tok5: 99.219 (95.504), time: 1.540 (0.856), eta: 1:18:18, mem: 16625M
[08/21 10:20:54][INFO] trainer.py:  77: iter: 006520, lr: 0.00010, loss: 0.868676 (1.203816), tok1: 96.971 (87.575), tok5: 99.844 (95.511), time: 0.679 (0.855), eta: 1:18:08, mem: 16625M
[08/21 10:21:02][INFO] trainer.py:  77: iter: 006530, lr: 0.00010, loss: 0.856366 (1.203284), tok1: 98.125 (87.591), tok5: 99.688 (95.517), time: 0.724 (0.855), eta: 1:17:58, mem: 16625M
[08/21 10:21:09][INFO] trainer.py:  77: iter: 006540, lr: 0.00010, loss: 0.854385 (1.202751), tok1: 98.125 (87.607), tok5: 99.375 (95.523), time: 0.726 (0.855), eta: 1:17:48, mem: 16625M
[08/21 10:21:16][INFO] trainer.py:  77: iter: 006550, lr: 0.00010, loss: 0.873480 (1.202248), tok1: 97.031 (87.622), tok5: 100.000 (95.530), time: 0.730 (0.855), eta: 1:17:39, mem: 16625M
[08/21 10:21:24][INFO] trainer.py:  77: iter: 006560, lr: 0.00010, loss: 0.851573 (1.201714), tok1: 97.812 (87.637), tok5: 99.688 (95.537), time: 0.728 (0.855), eta: 1:17:29, mem: 16625M
[08/21 10:21:31][INFO] trainer.py:  77: iter: 006570, lr: 0.00010, loss: 0.847554 (1.201175), tok1: 98.125 (87.653), tok5: 99.531 (95.543), time: 0.726 (0.855), eta: 1:17:19, mem: 16625M
[08/21 10:21:40][INFO] trainer.py:  77: iter: 006580, lr: 0.00010, loss: 0.867440 (1.200667), tok1: 96.719 (87.667), tok5: 99.531 (95.549), time: 0.906 (0.855), eta: 1:17:11, mem: 16625M
[08/21 10:21:47][INFO] trainer.py:  77: iter: 006590, lr: 0.00010, loss: 0.854897 (1.200143), tok1: 98.137 (87.683), tok5: 99.688 (95.555), time: 0.683 (0.854), eta: 1:17:01, mem: 16625M
[08/21 10:21:58][INFO] trainer.py:  77: iter: 006600, lr: 0.00010, loss: 0.890125 (1.199673), tok1: 96.562 (87.696), tok5: 98.906 (95.560), time: 1.112 (0.855), eta: 1:16:55, mem: 16625M
[08/21 10:22:08][INFO] trainer.py:  77: iter: 006610, lr: 0.00010, loss: 0.855919 (1.199153), tok1: 98.125 (87.712), tok5: 99.375 (95.566), time: 1.020 (0.855), eta: 1:16:48, mem: 16625M
[08/21 10:22:15][INFO] trainer.py:  77: iter: 006620, lr: 0.00010, loss: 0.835575 (1.198604), tok1: 98.750 (87.729), tok5: 99.844 (95.572), time: 0.734 (0.855), eta: 1:16:38, mem: 16625M
[08/21 10:22:25][INFO] trainer.py:  77: iter: 006630, lr: 0.00010, loss: 0.883241 (1.198128), tok1: 97.344 (87.743), tok5: 98.750 (95.577), time: 0.983 (0.855), eta: 1:16:31, mem: 16625M
[08/21 10:22:36][INFO] trainer.py:  77: iter: 006640, lr: 0.00010, loss: 0.856850 (1.197614), tok1: 98.281 (87.759), tok5: 99.375 (95.583), time: 1.038 (0.855), eta: 1:16:24, mem: 16625M
[08/21 10:22:43][INFO] trainer.py:  77: iter: 006650, lr: 0.00010, loss: 0.851979 (1.197094), tok1: 98.281 (87.775), tok5: 99.531 (95.589), time: 0.726 (0.855), eta: 1:16:14, mem: 16625M
[08/21 10:22:53][INFO] trainer.py:  77: iter: 006660, lr: 0.00010, loss: 0.836309 (1.196553), tok1: 98.281 (87.791), tok5: 99.844 (95.595), time: 0.975 (0.855), eta: 1:16:06, mem: 16625M
[08/21 10:23:00][INFO] trainer.py:  77: iter: 006670, lr: 0.00010, loss: 0.863289 (1.196053), tok1: 97.812 (87.806), tok5: 99.375 (95.601), time: 0.731 (0.855), eta: 1:15:57, mem: 16625M
[08/21 10:23:10][INFO] trainer.py:  77: iter: 006680, lr: 0.00010, loss: 0.874708 (1.195572), tok1: 97.656 (87.821), tok5: 99.375 (95.606), time: 1.035 (0.855), eta: 1:15:50, mem: 16625M
[08/21 10:23:20][INFO] trainer.py:  77: iter: 006690, lr: 0.00010, loss: 0.857033 (1.195066), tok1: 97.812 (87.836), tok5: 99.219 (95.612), time: 0.936 (0.855), eta: 1:15:42, mem: 16625M
[08/21 10:23:27][INFO] trainer.py:  77: iter: 006700, lr: 0.00010, loss: 0.840222 (1.194536), tok1: 98.750 (87.852), tok5: 99.688 (95.618), time: 0.724 (0.855), eta: 1:15:32, mem: 16625M
[08/21 10:23:36][INFO] trainer.py:  77: iter: 006710, lr: 0.00010, loss: 0.833157 (1.193998), tok1: 98.438 (87.868), tok5: 99.844 (95.624), time: 0.903 (0.855), eta: 1:15:24, mem: 16625M
[08/21 10:23:45][INFO] trainer.py:  77: iter: 006720, lr: 0.00010, loss: 0.858834 (1.193499), tok1: 97.500 (87.882), tok5: 99.531 (95.630), time: 0.895 (0.855), eta: 1:15:16, mem: 16625M
[08/21 10:23:52][INFO] trainer.py:  77: iter: 006730, lr: 0.00010, loss: 0.860416 (1.193004), tok1: 97.188 (87.896), tok5: 99.062 (95.635), time: 0.729 (0.855), eta: 1:15:06, mem: 16625M
[08/21 10:24:02][INFO] trainer.py:  77: iter: 006740, lr: 0.00010, loss: 0.844393 (1.192487), tok1: 98.281 (87.911), tok5: 99.688 (95.641), time: 0.988 (0.855), eta: 1:14:59, mem: 16625M
[08/21 10:24:09][INFO] trainer.py:  77: iter: 006750, lr: 0.00010, loss: 0.869426 (1.192008), tok1: 97.188 (87.925), tok5: 100.000 (95.648), time: 0.724 (0.855), eta: 1:14:49, mem: 16625M
[08/21 10:24:18][INFO] trainer.py:  77: iter: 006760, lr: 0.00010, loss: 0.872949 (1.191536), tok1: 96.875 (87.938), tok5: 99.688 (95.654), time: 0.922 (0.855), eta: 1:14:41, mem: 16625M
[08/21 10:24:28][INFO] trainer.py:  77: iter: 006770, lr: 0.00010, loss: 0.849318 (1.191031), tok1: 98.281 (87.954), tok5: 99.688 (95.660), time: 0.970 (0.855), eta: 1:14:34, mem: 16625M
[08/21 10:24:35][INFO] trainer.py:  77: iter: 006780, lr: 0.00010, loss: 0.830876 (1.190499), tok1: 99.219 (87.970), tok5: 100.000 (95.666), time: 0.723 (0.855), eta: 1:14:24, mem: 16625M
[08/21 10:24:44][INFO] trainer.py:  77: iter: 006790, lr: 0.00010, loss: 0.864271 (1.190019), tok1: 97.188 (87.984), tok5: 99.844 (95.672), time: 0.901 (0.855), eta: 1:14:16, mem: 16625M
[08/21 10:24:54][INFO] trainer.py:  77: iter: 006800, lr: 0.00010, loss: 0.858317 (1.189531), tok1: 97.812 (87.998), tok5: 99.688 (95.678), time: 0.986 (0.856), eta: 1:14:08, mem: 16625M
[08/21 10:25:01][INFO] trainer.py:  77: iter: 006810, lr: 0.00010, loss: 0.868642 (1.189060), tok1: 97.272 (88.012), tok5: 99.303 (95.683), time: 0.676 (0.855), eta: 1:13:58, mem: 16625M
[08/21 10:25:09][INFO] trainer.py:  77: iter: 006820, lr: 0.00010, loss: 0.853184 (1.188568), tok1: 97.500 (88.026), tok5: 99.531 (95.689), time: 0.785 (0.855), eta: 1:13:49, mem: 16625M
[08/21 10:25:16][INFO] trainer.py:  77: iter: 006830, lr: 0.00010, loss: 0.872483 (1.188105), tok1: 97.031 (88.039), tok5: 99.219 (95.694), time: 0.724 (0.855), eta: 1:13:40, mem: 16625M
[08/21 10:25:25][INFO] trainer.py:  77: iter: 006840, lr: 0.00010, loss: 0.856822 (1.187620), tok1: 97.656 (88.053), tok5: 99.688 (95.700), time: 0.941 (0.855), eta: 1:13:32, mem: 16625M
[08/21 10:25:35][INFO] trainer.py:  77: iter: 006850, lr: 0.00010, loss: 0.865363 (1.187150), tok1: 97.188 (88.066), tok5: 99.531 (95.706), time: 0.939 (0.855), eta: 1:13:24, mem: 16625M
[08/21 10:25:42][INFO] trainer.py:  77: iter: 006860, lr: 0.00010, loss: 0.847941 (1.186655), tok1: 98.125 (88.081), tok5: 99.531 (95.711), time: 0.728 (0.855), eta: 1:13:14, mem: 16625M
[08/21 10:25:51][INFO] trainer.py:  77: iter: 006870, lr: 0.00010, loss: 0.850002 (1.186165), tok1: 98.281 (88.096), tok5: 99.375 (95.716), time: 0.913 (0.855), eta: 1:13:06, mem: 16625M
[08/21 10:26:01][INFO] trainer.py:  77: iter: 006880, lr: 0.00010, loss: 0.856898 (1.185687), tok1: 97.656 (88.110), tok5: 99.375 (95.722), time: 0.938 (0.855), eta: 1:12:58, mem: 16625M
[08/21 10:26:08][INFO] trainer.py:  77: iter: 006890, lr: 0.00010, loss: 0.879203 (1.185242), tok1: 96.959 (88.123), tok5: 99.219 (95.727), time: 0.685 (0.855), eta: 1:12:48, mem: 16625M
[08/21 10:26:18][INFO] trainer.py:  77: iter: 006900, lr: 0.00010, loss: 0.868145 (1.184782), tok1: 97.812 (88.137), tok5: 99.219 (95.732), time: 1.070 (0.855), eta: 1:12:42, mem: 16625M
[08/21 10:26:25][INFO] trainer.py:  77: iter: 006910, lr: 0.00010, loss: 0.863548 (1.184318), tok1: 98.125 (88.151), tok5: 99.219 (95.737), time: 0.726 (0.855), eta: 1:12:32, mem: 16625M
[08/21 10:26:35][INFO] trainer.py:  77: iter: 006920, lr: 0.00010, loss: 0.860707 (1.183850), tok1: 97.656 (88.165), tok5: 99.531 (95.742), time: 0.940 (0.855), eta: 1:12:24, mem: 16625M
[08/21 10:26:45][INFO] trainer.py:  77: iter: 006930, lr: 0.00010, loss: 0.859591 (1.183382), tok1: 97.656 (88.178), tok5: 99.844 (95.748), time: 1.014 (0.855), eta: 1:12:17, mem: 16625M
[08/21 10:26:52][INFO] trainer.py:  77: iter: 006940, lr: 0.00010, loss: 0.825025 (1.182866), tok1: 98.906 (88.194), tok5: 99.844 (95.754), time: 0.727 (0.855), eta: 1:12:07, mem: 16625M
[08/21 10:27:02][INFO] trainer.py:  77: iter: 006950, lr: 0.00010, loss: 0.843592 (1.182378), tok1: 97.969 (88.208), tok5: 99.688 (95.760), time: 0.939 (0.855), eta: 1:11:59, mem: 16625M
[08/21 10:27:11][INFO] trainer.py:  77: iter: 006960, lr: 0.00010, loss: 0.866385 (1.181923), tok1: 97.740 (88.222), tok5: 99.688 (95.766), time: 0.926 (0.855), eta: 1:11:51, mem: 16625M
[08/21 10:27:18][INFO] trainer.py:  77: iter: 006970, lr: 0.00010, loss: 0.901081 (1.181521), tok1: 96.406 (88.233), tok5: 98.750 (95.770), time: 0.726 (0.855), eta: 1:11:42, mem: 16625M
[08/21 10:27:28][INFO] trainer.py:  77: iter: 006980, lr: 0.00010, loss: 0.856072 (1.181054), tok1: 97.969 (88.247), tok5: 99.375 (95.775), time: 0.965 (0.855), eta: 1:11:34, mem: 16625M
[08/21 10:27:35][INFO] trainer.py:  77: iter: 006990, lr: 0.00010, loss: 0.864424 (1.180601), tok1: 97.656 (88.261), tok5: 99.375 (95.780), time: 0.728 (0.855), eta: 1:11:24, mem: 16625M
[08/21 10:27:45][INFO] trainer.py:  77: iter: 007000, lr: 0.00010, loss: 0.873683 (1.180163), tok1: 96.875 (88.273), tok5: 99.219 (95.785), time: 1.023 (0.856), eta: 1:11:17, mem: 16625M
[08/21 10:27:45][INFO] checkpoint.py:  46: Saving checkpoint to outputs/x3d-s_clipgcn_tensor_cs_70_10_20_zsl_40_15_coco17_182/model_007000.pth
[08/21 10:27:46][INFO] inference.py:  51: Evaluating CLIPGCN_TENSOR dataset(399 video clips):
  0%|          | 0/7 [00:00<?, ?it/s] 14%|█▍        | 1/7 [00:04<00:26,  4.47s/it] 29%|██▊       | 2/7 [00:04<00:09,  1.99s/it] 43%|████▎     | 3/7 [00:05<00:05,  1.29s/it] 57%|█████▋    | 4/7 [00:05<00:02,  1.01it/s] 71%|███████▏  | 5/7 [00:05<00:01,  1.40it/s] 86%|████████▌ | 6/7 [00:06<00:00,  1.83it/s]100%|██████████| 7/7 [00:06<00:00,  1.13it/s]
[08/21 10:27:52][INFO] inference.py:  61: 
total - top1 acc: 86.101 top5 acc: 98.378
0   - A001                 - acc: 70.00
1   - A002                 - acc: 90.00
2   - A003                 - acc: 60.00
3   - A004                 - acc: 60.00
4   - A005                 - acc: 90.00
5   - A006                 - acc: 0.0
6   - A007                 - acc: 50.00
7   - A008                 - acc: 0.0
8   - A009                 - acc: 70.00
9   - A010                 - acc: 90.00
10  - A011                 - acc: 0.0
11  - A012                 - acc: 80.00
12  - A013                 - acc: 0.0
13  - A014                 - acc: 60.00
14  - A015                 - acc: 80.00
15  - A016                 - acc: 90.00
16  - A017                 - acc: 80.00
17  - A018                 - acc: 0.0
18  - A019                 - acc: 0.0
19  - A020                 - acc: 100.00
20  - A021                 - acc: 100.00
21  - A022                 - acc: 0.0
22  - A023                 - acc: 90.00
23  - A024                 - acc: 100.00
24  - A025                 - acc: 0.0
25  - A026                 - acc: 70.00
26  - A027                 - acc: 100.00
27  - A028                 - acc: 90.00
28  - A029                 - acc: 0.0
29  - A030                 - acc: 0.0
30  - A031                 - acc: 0.0
31  - A032                 - acc: 80.00
32  - A033                 - acc: 70.00
33  - A034                 - acc: 90.00
34  - A035                 - acc: 0.0
35  - A036                 - acc: 100.00
36  - A037                 - acc: 70.00
37  - A038                 - acc: 70.00
38  - A039                 - acc: 100.00
39  - A040                 - acc: 80.00
40  - A041                 - acc: 80.00
41  - A042                 - acc: 100.00
42  - A043                 - acc: 100.00
43  - A044                 - acc: 100.00
44  - A045                 - acc: 90.00
45  - A046                 - acc: 90.00
46  - A047                 - acc: 0.0
47  - A048                 - acc: 0.0
48  - A049                 - acc: 90.00
49  - A050                 - acc: 88.89
50  - A051                 - acc: 90.00
51  - A052                 - acc: 100.00
52  - A053                 - acc: 100.00
53  - A054                 - acc: 0.0
54  - A055                 - acc: 100.00

[08/21 10:27:59][INFO] trainer.py:  77: iter: 007010, lr: 0.00010, loss: 0.853071 (1.179696), tok1: 98.125 (88.287), tok5: 99.844 (95.791), time: 1.408 (0.856), eta: 1:11:13, mem: 16625M
[08/21 10:28:07][INFO] trainer.py:  77: iter: 007020, lr: 0.00010, loss: 0.866793 (1.179251), tok1: 97.188 (88.300), tok5: 100.000 (95.797), time: 0.735 (0.856), eta: 1:11:03, mem: 16625M
[08/21 10:28:14][INFO] trainer.py:  77: iter: 007030, lr: 0.00010, loss: 0.846597 (1.178777), tok1: 98.438 (88.314), tok5: 99.688 (95.802), time: 0.687 (0.856), eta: 1:10:53, mem: 16625M
[08/21 10:28:21][INFO] trainer.py:  77: iter: 007040, lr: 0.00010, loss: 0.837022 (1.178292), tok1: 98.438 (88.329), tok5: 100.000 (95.808), time: 0.737 (0.856), eta: 1:10:44, mem: 16625M
[08/21 10:28:28][INFO] trainer.py:  77: iter: 007050, lr: 0.00010, loss: 0.843664 (1.177817), tok1: 98.125 (88.343), tok5: 99.844 (95.814), time: 0.728 (0.856), eta: 1:10:34, mem: 16625M
[08/21 10:28:38][INFO] trainer.py:  77: iter: 007060, lr: 0.00010, loss: 0.851127 (1.177355), tok1: 98.125 (88.356), tok5: 99.688 (95.820), time: 0.968 (0.856), eta: 1:10:27, mem: 16625M
[08/21 10:28:45][INFO] trainer.py:  77: iter: 007070, lr: 0.00010, loss: 0.866458 (1.176915), tok1: 97.812 (88.370), tok5: 99.375 (95.825), time: 0.722 (0.856), eta: 1:10:17, mem: 16625M
[08/21 10:28:55][INFO] trainer.py:  77: iter: 007080, lr: 0.00010, loss: 0.851363 (1.176455), tok1: 97.969 (88.383), tok5: 99.375 (95.830), time: 1.026 (0.856), eta: 1:10:10, mem: 16625M
[08/21 10:29:05][INFO] trainer.py:  77: iter: 007090, lr: 0.00010, loss: 0.857176 (1.176005), tok1: 97.656 (88.396), tok5: 99.375 (95.835), time: 0.922 (0.856), eta: 1:10:02, mem: 16625M
[08/21 10:29:12][INFO] trainer.py:  77: iter: 007100, lr: 0.00010, loss: 0.874202 (1.175580), tok1: 97.344 (88.409), tok5: 99.531 (95.840), time: 0.729 (0.856), eta: 1:09:52, mem: 16625M
[08/21 10:29:21][INFO] trainer.py:  77: iter: 007110, lr: 0.00010, loss: 0.847835 (1.175119), tok1: 97.812 (88.422), tok5: 99.688 (95.845), time: 0.898 (0.856), eta: 1:09:44, mem: 16625M
[08/21 10:29:31][INFO] trainer.py:  77: iter: 007120, lr: 0.00010, loss: 0.854193 (1.174668), tok1: 97.969 (88.436), tok5: 99.531 (95.850), time: 0.962 (0.856), eta: 1:09:36, mem: 16625M
[08/21 10:29:38][INFO] trainer.py:  77: iter: 007130, lr: 0.00010, loss: 0.856289 (1.174221), tok1: 98.438 (88.450), tok5: 99.531 (95.856), time: 0.722 (0.856), eta: 1:09:27, mem: 16625M
[08/21 10:29:47][INFO] trainer.py:  77: iter: 007140, lr: 0.00010, loss: 0.876229 (1.173804), tok1: 97.969 (88.463), tok5: 99.531 (95.861), time: 0.946 (0.856), eta: 1:09:19, mem: 16625M
[08/21 10:29:55][INFO] trainer.py:  77: iter: 007150, lr: 0.00010, loss: 0.863211 (1.173370), tok1: 97.344 (88.475), tok5: 99.375 (95.866), time: 0.731 (0.856), eta: 1:09:09, mem: 16625M
[08/21 10:30:04][INFO] trainer.py:  77: iter: 007160, lr: 0.00010, loss: 0.870603 (1.172947), tok1: 97.656 (88.488), tok5: 99.219 (95.870), time: 0.893 (0.856), eta: 1:09:01, mem: 16625M
[08/21 10:30:14][INFO] trainer.py:  77: iter: 007170, lr: 0.00010, loss: 0.877835 (1.172535), tok1: 96.562 (88.500), tok5: 99.844 (95.876), time: 1.031 (0.856), eta: 1:08:54, mem: 16625M
[08/21 10:30:21][INFO] trainer.py:  77: iter: 007180, lr: 0.00010, loss: 0.850534 (1.172087), tok1: 97.668 (88.512), tok5: 99.844 (95.881), time: 0.683 (0.856), eta: 1:08:44, mem: 16625M
[08/21 10:30:30][INFO] trainer.py:  77: iter: 007190, lr: 0.00010, loss: 0.848283 (1.171636), tok1: 98.438 (88.526), tok5: 99.688 (95.887), time: 0.960 (0.856), eta: 1:08:36, mem: 16625M
[08/21 10:30:40][INFO] trainer.py:  77: iter: 007200, lr: 0.00010, loss: 0.833884 (1.171167), tok1: 98.438 (88.540), tok5: 99.844 (95.892), time: 0.937 (0.856), eta: 1:08:28, mem: 16625M
[08/21 10:30:47][INFO] trainer.py:  77: iter: 007210, lr: 0.00010, loss: 0.861368 (1.170738), tok1: 97.500 (88.552), tok5: 99.688 (95.897), time: 0.724 (0.856), eta: 1:08:19, mem: 16625M
[08/21 10:30:56][INFO] trainer.py:  77: iter: 007220, lr: 0.00010, loss: 0.854387 (1.170299), tok1: 97.812 (88.565), tok5: 99.375 (95.902), time: 0.905 (0.856), eta: 1:08:10, mem: 16625M
[08/21 10:31:03][INFO] trainer.py:  77: iter: 007230, lr: 0.00010, loss: 0.902204 (1.169929), tok1: 95.312 (88.574), tok5: 99.375 (95.907), time: 0.725 (0.856), eta: 1:08:01, mem: 16625M
[08/21 10:31:13][INFO] trainer.py:  77: iter: 007240, lr: 0.00010, loss: 0.843506 (1.169478), tok1: 98.281 (88.588), tok5: 100.000 (95.913), time: 0.975 (0.856), eta: 1:07:53, mem: 16625M
[08/21 10:31:22][INFO] trainer.py:  77: iter: 007250, lr: 0.00010, loss: 0.865968 (1.169059), tok1: 97.188 (88.600), tok5: 99.531 (95.918), time: 0.884 (0.856), eta: 1:07:45, mem: 16625M
[08/21 10:31:29][INFO] trainer.py:  77: iter: 007260, lr: 0.00010, loss: 0.841501 (1.168608), tok1: 98.293 (88.613), tok5: 100.000 (95.923), time: 0.704 (0.856), eta: 1:07:35, mem: 16625M
[08/21 10:31:38][INFO] trainer.py:  77: iter: 007270, lr: 0.00010, loss: 0.853095 (1.168174), tok1: 98.438 (88.627), tok5: 99.688 (95.928), time: 0.937 (0.856), eta: 1:07:27, mem: 16625M
[08/21 10:31:47][INFO] trainer.py:  77: iter: 007280, lr: 0.00010, loss: 0.867203 (1.167760), tok1: 97.500 (88.639), tok5: 99.219 (95.933), time: 0.865 (0.856), eta: 1:07:19, mem: 16625M
[08/21 10:31:54][INFO] trainer.py:  77: iter: 007290, lr: 0.00010, loss: 0.863785 (1.167343), tok1: 97.031 (88.650), tok5: 99.688 (95.938), time: 0.720 (0.856), eta: 1:07:09, mem: 16625M
[08/21 10:32:02][INFO] trainer.py:  77: iter: 007300, lr: 0.00010, loss: 0.861720 (1.166925), tok1: 97.500 (88.662), tok5: 99.688 (95.943), time: 0.752 (0.855), eta: 1:07:00, mem: 16625M
[08/21 10:32:09][INFO] trainer.py:  77: iter: 007310, lr: 0.00010, loss: 0.856628 (1.166500), tok1: 97.656 (88.675), tok5: 99.531 (95.948), time: 0.737 (0.855), eta: 1:06:51, mem: 16625M
[08/21 10:32:19][INFO] trainer.py:  77: iter: 007320, lr: 0.00010, loss: 0.850962 (1.166069), tok1: 97.500 (88.687), tok5: 99.844 (95.954), time: 0.993 (0.855), eta: 1:06:43, mem: 16625M
[08/21 10:32:29][INFO] trainer.py:  77: iter: 007330, lr: 0.00010, loss: 0.849024 (1.165637), tok1: 97.656 (88.699), tok5: 99.688 (95.959), time: 1.001 (0.856), eta: 1:06:36, mem: 16625M
[08/21 10:32:36][INFO] trainer.py:  77: iter: 007340, lr: 0.00010, loss: 0.860158 (1.165221), tok1: 97.500 (88.711), tok5: 99.531 (95.963), time: 0.720 (0.856), eta: 1:06:26, mem: 16625M
[08/21 10:32:46][INFO] trainer.py:  77: iter: 007350, lr: 0.00010, loss: 0.875771 (1.164827), tok1: 97.344 (88.723), tok5: 99.375 (95.968), time: 0.977 (0.856), eta: 1:06:18, mem: 16625M
[08/21 10:32:55][INFO] trainer.py:  77: iter: 007360, lr: 0.00010, loss: 0.858350 (1.164410), tok1: 97.031 (88.734), tok5: 99.688 (95.973), time: 0.908 (0.856), eta: 1:06:10, mem: 16625M
[08/21 10:33:02][INFO] trainer.py:  77: iter: 007370, lr: 0.00010, loss: 0.865497 (1.164005), tok1: 97.812 (88.746), tok5: 99.531 (95.978), time: 0.730 (0.856), eta: 1:06:01, mem: 16625M
[08/21 10:33:12][INFO] trainer.py:  77: iter: 007380, lr: 0.00010, loss: 0.850144 (1.163579), tok1: 98.438 (88.759), tok5: 99.688 (95.983), time: 0.937 (0.856), eta: 1:05:53, mem: 16625M
[08/21 10:33:19][INFO] trainer.py:  77: iter: 007390, lr: 0.00010, loss: 0.863211 (1.163173), tok1: 96.719 (88.770), tok5: 99.531 (95.988), time: 0.724 (0.855), eta: 1:05:43, mem: 16625M
[08/21 10:33:27][INFO] trainer.py:  77: iter: 007400, lr: 0.00010, loss: 0.872467 (1.162780), tok1: 97.428 (88.782), tok5: 99.459 (95.993), time: 0.819 (0.855), eta: 1:05:35, mem: 16625M
[08/21 10:33:38][INFO] trainer.py:  77: iter: 007410, lr: 0.00010, loss: 0.869227 (1.162384), tok1: 97.188 (88.793), tok5: 99.688 (95.998), time: 1.063 (0.856), eta: 1:05:27, mem: 16625M
[08/21 10:33:45][INFO] trainer.py:  77: iter: 007420, lr: 0.00010, loss: 0.854965 (1.161970), tok1: 97.500 (88.805), tok5: 99.531 (96.002), time: 0.722 (0.856), eta: 1:05:18, mem: 16625M
[08/21 10:33:53][INFO] trainer.py:  77: iter: 007430, lr: 0.00010, loss: 0.853352 (1.161554), tok1: 97.812 (88.817), tok5: 99.688 (96.007), time: 0.856 (0.856), eta: 1:05:09, mem: 16625M
[08/21 10:34:03][INFO] trainer.py:  77: iter: 007440, lr: 0.00010, loss: 0.872121 (1.161165), tok1: 97.188 (88.828), tok5: 99.688 (96.012), time: 0.943 (0.856), eta: 1:05:01, mem: 16625M
[08/21 10:34:10][INFO] trainer.py:  77: iter: 007450, lr: 0.00010, loss: 0.849223 (1.160747), tok1: 97.812 (88.840), tok5: 99.688 (96.017), time: 0.722 (0.855), eta: 1:04:52, mem: 16625M
[08/21 10:34:19][INFO] trainer.py:  77: iter: 007460, lr: 0.00010, loss: 0.890924 (1.160385), tok1: 96.406 (88.851), tok5: 99.219 (96.021), time: 0.925 (0.856), eta: 1:04:44, mem: 16625M
[08/21 10:34:27][INFO] trainer.py:  77: iter: 007470, lr: 0.00010, loss: 0.840765 (1.159957), tok1: 98.438 (88.863), tok5: 99.844 (96.027), time: 0.722 (0.855), eta: 1:04:34, mem: 16625M
[08/21 10:34:35][INFO] trainer.py:  77: iter: 007480, lr: 0.00010, loss: 0.862156 (1.159559), tok1: 97.584 (88.875), tok5: 99.375 (96.031), time: 0.846 (0.855), eta: 1:04:26, mem: 16625M
[08/21 10:34:45][INFO] trainer.py:  77: iter: 007490, lr: 0.00010, loss: 0.863480 (1.159164), tok1: 97.500 (88.887), tok5: 99.375 (96.035), time: 1.019 (0.856), eta: 1:04:18, mem: 16625M
[08/21 10:34:52][INFO] trainer.py:  77: iter: 007500, lr: 0.00010, loss: 0.870294 (1.158778), tok1: 97.188 (88.898), tok5: 99.375 (96.040), time: 0.722 (0.855), eta: 1:04:09, mem: 16625M
[08/21 10:34:52][INFO] checkpoint.py:  46: Saving checkpoint to outputs/x3d-s_clipgcn_tensor_cs_70_10_20_zsl_40_15_coco17_182/model_007500.pth
[08/21 10:34:53][INFO] inference.py:  51: Evaluating CLIPGCN_TENSOR dataset(399 video clips):
  0%|          | 0/7 [00:00<?, ?it/s] 14%|█▍        | 1/7 [00:04<00:28,  4.69s/it] 29%|██▊       | 2/7 [00:05<00:12,  2.42s/it] 43%|████▎     | 3/7 [00:05<00:05,  1.42s/it] 57%|█████▋    | 4/7 [00:05<00:02,  1.06it/s] 71%|███████▏  | 5/7 [00:06<00:01,  1.47it/s] 86%|████████▌ | 6/7 [00:06<00:00,  1.91it/s]100%|██████████| 7/7 [00:06<00:00,  1.08it/s]
[08/21 10:34:59][INFO] inference.py:  61: 
total - top1 acc: 86.101 top5 acc: 98.378
0   - A001                 - acc: 80.00
1   - A002                 - acc: 80.00
2   - A003                 - acc: 50.00
3   - A004                 - acc: 60.00
4   - A005                 - acc: 90.00
5   - A006                 - acc: 0.0
6   - A007                 - acc: 50.00
7   - A008                 - acc: 0.0
8   - A009                 - acc: 70.00
9   - A010                 - acc: 90.00
10  - A011                 - acc: 0.0
11  - A012                 - acc: 80.00
12  - A013                 - acc: 0.0
13  - A014                 - acc: 70.00
14  - A015                 - acc: 80.00
15  - A016                 - acc: 90.00
16  - A017                 - acc: 80.00
17  - A018                 - acc: 0.0
18  - A019                 - acc: 0.0
19  - A020                 - acc: 100.00
20  - A021                 - acc: 100.00
21  - A022                 - acc: 0.0
22  - A023                 - acc: 90.00
23  - A024                 - acc: 100.00
24  - A025                 - acc: 0.0
25  - A026                 - acc: 70.00
26  - A027                 - acc: 100.00
27  - A028                 - acc: 90.00
28  - A029                 - acc: 0.0
29  - A030                 - acc: 0.0
30  - A031                 - acc: 0.0
31  - A032                 - acc: 80.00
32  - A033                 - acc: 70.00
33  - A034                 - acc: 90.00
34  - A035                 - acc: 0.0
35  - A036                 - acc: 100.00
36  - A037                 - acc: 70.00
37  - A038                 - acc: 70.00
38  - A039                 - acc: 100.00
39  - A040                 - acc: 80.00
40  - A041                 - acc: 80.00
41  - A042                 - acc: 100.00
42  - A043                 - acc: 100.00
43  - A044                 - acc: 100.00
44  - A045                 - acc: 90.00
45  - A046                 - acc: 90.00
46  - A047                 - acc: 0.0
47  - A048                 - acc: 0.0
48  - A049                 - acc: 90.00
49  - A050                 - acc: 88.89
50  - A051                 - acc: 90.00
51  - A052                 - acc: 100.00
52  - A053                 - acc: 100.00
53  - A054                 - acc: 0.0
54  - A055                 - acc: 100.00

[08/21 10:35:07][INFO] trainer.py:  77: iter: 007510, lr: 0.00010, loss: 0.876151 (1.158402), tok1: 97.031 (88.909), tok5: 99.688 (96.045), time: 1.434 (0.856), eta: 1:04:04, mem: 16625M
[08/21 10:35:14][INFO] trainer.py:  77: iter: 007520, lr: 0.00010, loss: 0.852072 (1.157995), tok1: 98.125 (88.921), tok5: 99.844 (96.050), time: 0.732 (0.856), eta: 1:03:55, mem: 16625M
[08/21 10:35:21][INFO] trainer.py:  77: iter: 007530, lr: 0.00010, loss: 0.862756 (1.157603), tok1: 97.812 (88.933), tok5: 99.375 (96.054), time: 0.731 (0.856), eta: 1:03:45, mem: 16625M
[08/21 10:35:29][INFO] trainer.py:  77: iter: 007540, lr: 0.00010, loss: 0.881538 (1.157237), tok1: 97.031 (88.943), tok5: 99.375 (96.059), time: 0.729 (0.856), eta: 1:03:36, mem: 16625M
[08/21 10:35:36][INFO] trainer.py:  77: iter: 007550, lr: 0.00010, loss: 0.868404 (1.156854), tok1: 96.803 (88.954), tok5: 99.688 (96.063), time: 0.682 (0.855), eta: 1:03:26, mem: 16625M
[08/21 10:35:43][INFO] trainer.py:  77: iter: 007560, lr: 0.00010, loss: 0.849407 (1.156447), tok1: 98.281 (88.966), tok5: 99.375 (96.068), time: 0.769 (0.855), eta: 1:03:17, mem: 16625M
[08/21 10:35:52][INFO] trainer.py:  77: iter: 007570, lr: 0.00010, loss: 0.851069 (1.156044), tok1: 97.812 (88.978), tok5: 100.000 (96.073), time: 0.874 (0.855), eta: 1:03:09, mem: 16625M
[08/21 10:35:59][INFO] trainer.py:  77: iter: 007580, lr: 0.00010, loss: 0.873369 (1.155671), tok1: 96.562 (88.988), tok5: 99.375 (96.077), time: 0.727 (0.855), eta: 1:03:00, mem: 16625M
[08/21 10:36:08][INFO] trainer.py:  77: iter: 007590, lr: 0.00010, loss: 0.836453 (1.155250), tok1: 98.281 (89.000), tok5: 100.000 (96.083), time: 0.867 (0.855), eta: 1:02:51, mem: 16625M
[08/21 10:36:16][INFO] trainer.py:  77: iter: 007600, lr: 0.00010, loss: 0.844709 (1.154842), tok1: 97.969 (89.012), tok5: 99.375 (96.087), time: 0.853 (0.855), eta: 1:02:43, mem: 16625M
[08/21 10:36:24][INFO] trainer.py:  77: iter: 007610, lr: 0.00010, loss: 0.866503 (1.154463), tok1: 97.812 (89.023), tok5: 99.062 (96.091), time: 0.726 (0.855), eta: 1:02:33, mem: 16625M
[08/21 10:36:33][INFO] trainer.py:  77: iter: 007620, lr: 0.00010, loss: 0.883986 (1.154108), tok1: 96.094 (89.033), tok5: 99.375 (96.095), time: 0.888 (0.855), eta: 1:02:25, mem: 16625M
[08/21 10:36:39][INFO] trainer.py:  77: iter: 007630, lr: 0.00010, loss: 0.870048 (1.153736), tok1: 97.740 (89.044), tok5: 99.303 (96.099), time: 0.681 (0.855), eta: 1:02:15, mem: 16625M
[08/21 10:36:48][INFO] trainer.py:  77: iter: 007640, lr: 0.00010, loss: 0.864348 (1.153357), tok1: 97.344 (89.055), tok5: 99.531 (96.104), time: 0.865 (0.855), eta: 1:02:07, mem: 16625M
[08/21 10:36:58][INFO] trainer.py:  77: iter: 007650, lr: 0.00010, loss: 0.897857 (1.153023), tok1: 96.250 (89.064), tok5: 99.375 (96.108), time: 0.982 (0.855), eta: 1:01:59, mem: 16625M
[08/21 10:37:05][INFO] trainer.py:  77: iter: 007660, lr: 0.00010, loss: 0.853378 (1.152632), tok1: 98.125 (89.076), tok5: 99.219 (96.112), time: 0.727 (0.855), eta: 1:01:50, mem: 16625M
[08/21 10:37:13][INFO] trainer.py:  77: iter: 007670, lr: 0.00010, loss: 0.854930 (1.152244), tok1: 98.125 (89.088), tok5: 99.531 (96.117), time: 0.747 (0.855), eta: 1:01:41, mem: 16625M
[08/21 10:37:22][INFO] trainer.py:  77: iter: 007680, lr: 0.00010, loss: 0.827535 (1.151821), tok1: 98.594 (89.100), tok5: 100.000 (96.122), time: 0.960 (0.855), eta: 1:01:33, mem: 16625M
[08/21 10:37:29][INFO] trainer.py:  77: iter: 007690, lr: 0.00010, loss: 0.851569 (1.151430), tok1: 97.969 (89.112), tok5: 99.531 (96.126), time: 0.723 (0.855), eta: 1:01:23, mem: 16625M
[08/21 10:37:39][INFO] trainer.py:  77: iter: 007700, lr: 0.00010, loss: 0.834117 (1.151018), tok1: 98.594 (89.124), tok5: 99.844 (96.131), time: 0.916 (0.855), eta: 1:01:15, mem: 16625M
[08/21 10:37:46][INFO] trainer.py:  77: iter: 007710, lr: 0.00010, loss: 0.865773 (1.150648), tok1: 97.969 (89.136), tok5: 99.531 (96.135), time: 0.728 (0.855), eta: 1:01:06, mem: 16625M
[08/21 10:37:56][INFO] trainer.py:  77: iter: 007720, lr: 0.00010, loss: 0.870202 (1.150285), tok1: 97.500 (89.146), tok5: 99.219 (96.139), time: 0.973 (0.855), eta: 1:00:58, mem: 16625M
[08/21 10:38:06][INFO] trainer.py:  77: iter: 007730, lr: 0.00010, loss: 0.834076 (1.149876), tok1: 98.750 (89.159), tok5: 99.844 (96.144), time: 1.003 (0.855), eta: 1:00:50, mem: 16625M
[08/21 10:38:13][INFO] trainer.py:  77: iter: 007740, lr: 0.00010, loss: 0.853727 (1.149493), tok1: 98.125 (89.170), tok5: 99.375 (96.148), time: 0.726 (0.855), eta: 1:00:41, mem: 16625M
[08/21 10:38:23][INFO] trainer.py:  77: iter: 007750, lr: 0.00010, loss: 0.859084 (1.149119), tok1: 98.125 (89.182), tok5: 99.219 (96.152), time: 1.013 (0.855), eta: 1:00:33, mem: 16625M
[08/21 10:38:33][INFO] trainer.py:  77: iter: 007760, lr: 0.00010, loss: 0.860782 (1.148747), tok1: 97.344 (89.193), tok5: 99.531 (96.157), time: 0.981 (0.855), eta: 1:00:25, mem: 16625M
[08/21 10:38:40][INFO] trainer.py:  77: iter: 007770, lr: 0.00010, loss: 0.836708 (1.148345), tok1: 98.209 (89.204), tok5: 100.000 (96.162), time: 0.680 (0.855), eta: 1:00:16, mem: 16625M
[08/21 10:38:47][INFO] trainer.py:  77: iter: 007780, lr: 0.00010, loss: 0.837066 (1.147945), tok1: 98.594 (89.216), tok5: 99.844 (96.166), time: 0.730 (0.855), eta: 1:00:07, mem: 16625M
[08/21 10:38:54][INFO] trainer.py:  77: iter: 007790, lr: 0.00010, loss: 0.843084 (1.147554), tok1: 98.438 (89.228), tok5: 99.531 (96.171), time: 0.726 (0.855), eta: 0:59:57, mem: 16625M
[08/21 10:39:05][INFO] trainer.py:  77: iter: 007800, lr: 0.00010, loss: 0.841132 (1.147161), tok1: 98.906 (89.240), tok5: 99.844 (96.175), time: 1.072 (0.855), eta: 0:59:50, mem: 16625M
[08/21 10:39:14][INFO] trainer.py:  77: iter: 007810, lr: 0.00010, loss: 0.875801 (1.146814), tok1: 97.188 (89.251), tok5: 99.375 (96.179), time: 0.936 (0.855), eta: 0:59:42, mem: 16625M
[08/21 10:39:22][INFO] trainer.py:  77: iter: 007820, lr: 0.00010, loss: 0.829055 (1.146407), tok1: 98.906 (89.263), tok5: 100.000 (96.184), time: 0.725 (0.855), eta: 0:59:33, mem: 16625M
[08/21 10:39:31][INFO] trainer.py:  77: iter: 007830, lr: 0.00010, loss: 0.866426 (1.146050), tok1: 97.656 (89.274), tok5: 99.531 (96.189), time: 0.964 (0.855), eta: 0:59:25, mem: 16625M
[08/21 10:39:41][INFO] trainer.py:  77: iter: 007840, lr: 0.00010, loss: 0.848585 (1.145670), tok1: 97.656 (89.284), tok5: 99.688 (96.193), time: 0.961 (0.855), eta: 0:59:17, mem: 16625M
[08/21 10:39:48][INFO] trainer.py:  77: iter: 007850, lr: 0.00010, loss: 0.829814 (1.145268), tok1: 98.750 (89.296), tok5: 99.844 (96.198), time: 0.683 (0.855), eta: 0:59:07, mem: 16625M
[08/21 10:39:58][INFO] trainer.py:  77: iter: 007860, lr: 0.00010, loss: 0.842174 (1.144882), tok1: 98.281 (89.308), tok5: 99.844 (96.202), time: 1.040 (0.855), eta: 0:59:00, mem: 16625M
[08/21 10:40:05][INFO] trainer.py:  77: iter: 007870, lr: 0.00010, loss: 0.875447 (1.144540), tok1: 97.031 (89.318), tok5: 99.531 (96.207), time: 0.721 (0.855), eta: 0:58:50, mem: 16625M
[08/21 10:40:14][INFO] trainer.py:  77: iter: 007880, lr: 0.00010, loss: 0.854141 (1.144171), tok1: 98.125 (89.329), tok5: 99.844 (96.211), time: 0.922 (0.855), eta: 0:58:42, mem: 16625M
[08/21 10:40:24][INFO] trainer.py:  77: iter: 007890, lr: 0.00010, loss: 0.850075 (1.143799), tok1: 98.125 (89.340), tok5: 99.219 (96.215), time: 0.960 (0.855), eta: 0:58:34, mem: 16625M
[08/21 10:40:31][INFO] trainer.py:  77: iter: 007900, lr: 0.00010, loss: 0.859853 (1.143439), tok1: 96.875 (89.350), tok5: 99.219 (96.219), time: 0.723 (0.855), eta: 0:58:25, mem: 16625M
[08/21 10:40:41][INFO] trainer.py:  77: iter: 007910, lr: 0.00010, loss: 0.836030 (1.143051), tok1: 98.906 (89.362), tok5: 99.844 (96.223), time: 0.946 (0.855), eta: 0:58:17, mem: 16625M
[08/21 10:40:50][INFO] trainer.py:  77: iter: 007920, lr: 0.00010, loss: 0.867410 (1.142703), tok1: 97.356 (89.372), tok5: 99.147 (96.227), time: 0.944 (0.855), eta: 0:58:09, mem: 16625M
[08/21 10:40:57][INFO] trainer.py:  77: iter: 007930, lr: 0.00010, loss: 0.872826 (1.142362), tok1: 96.562 (89.381), tok5: 99.375 (96.231), time: 0.731 (0.855), eta: 0:58:00, mem: 16625M
[08/21 10:41:07][INFO] trainer.py:  77: iter: 007940, lr: 0.00010, loss: 0.858609 (1.142005), tok1: 98.125 (89.392), tok5: 99.688 (96.235), time: 0.914 (0.855), eta: 0:57:51, mem: 16625M
[08/21 10:41:14][INFO] trainer.py:  77: iter: 007950, lr: 0.00010, loss: 0.875287 (1.141669), tok1: 97.500 (89.402), tok5: 99.219 (96.239), time: 0.725 (0.855), eta: 0:57:42, mem: 16625M
[08/21 10:41:24][INFO] trainer.py:  77: iter: 007960, lr: 0.00010, loss: 0.837109 (1.141287), tok1: 98.125 (89.413), tok5: 99.844 (96.244), time: 0.991 (0.855), eta: 0:57:34, mem: 16625M
[08/21 10:41:33][INFO] trainer.py:  77: iter: 007970, lr: 0.00010, loss: 0.881283 (1.140961), tok1: 96.875 (89.422), tok5: 99.375 (96.248), time: 0.968 (0.855), eta: 0:57:26, mem: 16625M
[08/21 10:41:41][INFO] trainer.py:  77: iter: 007980, lr: 0.00010, loss: 0.852119 (1.140599), tok1: 97.656 (89.433), tok5: 99.531 (96.252), time: 0.730 (0.855), eta: 0:57:17, mem: 16625M
[08/21 10:41:50][INFO] trainer.py:  77: iter: 007990, lr: 0.00010, loss: 0.874470 (1.140266), tok1: 96.875 (89.442), tok5: 99.531 (96.256), time: 0.939 (0.855), eta: 0:57:09, mem: 16625M
[08/21 10:42:00][INFO] trainer.py:  77: iter: 008000, lr: 0.00010, loss: 0.856025 (1.139910), tok1: 98.281 (89.453), tok5: 99.375 (96.260), time: 1.006 (0.855), eta: 0:57:01, mem: 16625M
[08/21 10:42:00][INFO] checkpoint.py:  46: Saving checkpoint to outputs/x3d-s_clipgcn_tensor_cs_70_10_20_zsl_40_15_coco17_182/model_008000.pth
[08/21 10:42:01][INFO] inference.py:  51: Evaluating CLIPGCN_TENSOR dataset(399 video clips):
  0%|          | 0/7 [00:00<?, ?it/s] 14%|█▍        | 1/7 [00:04<00:28,  4.69s/it] 29%|██▊       | 2/7 [00:04<00:10,  2.06s/it] 43%|████▎     | 3/7 [00:05<00:05,  1.36s/it] 57%|█████▋    | 4/7 [00:05<00:02,  1.10it/s] 71%|███████▏  | 5/7 [00:05<00:01,  1.52it/s] 86%|████████▌ | 6/7 [00:06<00:00,  1.97it/s]100%|██████████| 7/7 [00:06<00:00,  1.14it/s]
[08/21 10:42:07][INFO] inference.py:  61: 
total - top1 acc: 86.548 top5 acc: 98.155
0   - A001                 - acc: 80.00
1   - A002                 - acc: 90.00
2   - A003                 - acc: 60.00
3   - A004                 - acc: 60.00
4   - A005                 - acc: 90.00
5   - A006                 - acc: 0.0
6   - A007                 - acc: 50.00
7   - A008                 - acc: 0.0
8   - A009                 - acc: 70.00
9   - A010                 - acc: 90.00
10  - A011                 - acc: 0.0
11  - A012                 - acc: 80.00
12  - A013                 - acc: 0.0
13  - A014                 - acc: 70.00
14  - A015                 - acc: 80.00
15  - A016                 - acc: 90.00
16  - A017                 - acc: 80.00
17  - A018                 - acc: 0.0
18  - A019                 - acc: 0.0
19  - A020                 - acc: 100.00
20  - A021                 - acc: 100.00
21  - A022                 - acc: 0.0
22  - A023                 - acc: 90.00
23  - A024                 - acc: 100.00
24  - A025                 - acc: 0.0
25  - A026                 - acc: 70.00
26  - A027                 - acc: 100.00
27  - A028                 - acc: 90.00
28  - A029                 - acc: 0.0
29  - A030                 - acc: 0.0
30  - A031                 - acc: 0.0
31  - A032                 - acc: 80.00
32  - A033                 - acc: 70.00
33  - A034                 - acc: 90.00
34  - A035                 - acc: 0.0
35  - A036                 - acc: 100.00
36  - A037                 - acc: 70.00
37  - A038                 - acc: 70.00
38  - A039                 - acc: 100.00
39  - A040                 - acc: 80.00
40  - A041                 - acc: 80.00
41  - A042                 - acc: 100.00
42  - A043                 - acc: 100.00
43  - A044                 - acc: 100.00
44  - A045                 - acc: 90.00
45  - A046                 - acc: 90.00
46  - A047                 - acc: 0.0
47  - A048                 - acc: 0.0
48  - A049                 - acc: 90.00
49  - A050                 - acc: 88.89
50  - A051                 - acc: 90.00
51  - A052                 - acc: 100.00
52  - A053                 - acc: 100.00
53  - A054                 - acc: 0.0
54  - A055                 - acc: 100.00

[08/21 10:42:14][INFO] trainer.py:  77: iter: 008010, lr: 0.00010, loss: 0.898570 (1.139609), tok1: 96.719 (89.462), tok5: 98.750 (96.263), time: 1.395 (0.856), eta: 0:56:55, mem: 16625M
[08/21 10:42:21][INFO] trainer.py:  77: iter: 008020, lr: 0.00010, loss: 0.860269 (1.139261), tok1: 97.812 (89.473), tok5: 99.375 (96.267), time: 0.726 (0.856), eta: 0:56:46, mem: 16625M
[08/21 10:42:29][INFO] trainer.py:  77: iter: 008030, lr: 0.00010, loss: 0.842240 (1.138891), tok1: 97.812 (89.483), tok5: 100.000 (96.271), time: 0.757 (0.856), eta: 0:56:37, mem: 16625M
[08/21 10:42:36][INFO] trainer.py:  77: iter: 008040, lr: 0.00010, loss: 0.834787 (1.138513), tok1: 98.906 (89.495), tok5: 100.000 (96.276), time: 0.726 (0.856), eta: 0:56:28, mem: 16625M
[08/21 10:42:43][INFO] trainer.py:  77: iter: 008050, lr: 0.00010, loss: 0.870359 (1.138179), tok1: 97.344 (89.504), tok5: 99.531 (96.280), time: 0.722 (0.855), eta: 0:56:19, mem: 16625M
[08/21 10:42:51][INFO] trainer.py:  77: iter: 008060, lr: 0.00010, loss: 0.876791 (1.137855), tok1: 97.188 (89.514), tok5: 99.688 (96.284), time: 0.724 (0.855), eta: 0:56:10, mem: 16625M
[08/21 10:42:59][INFO] trainer.py:  77: iter: 008070, lr: 0.00010, loss: 0.831869 (1.137476), tok1: 99.062 (89.526), tok5: 99.844 (96.289), time: 0.796 (0.855), eta: 0:56:01, mem: 16625M
[08/21 10:43:08][INFO] trainer.py:  77: iter: 008080, lr: 0.00010, loss: 0.858726 (1.137131), tok1: 97.812 (89.536), tok5: 99.531 (96.293), time: 0.952 (0.855), eta: 0:55:53, mem: 16625M
[08/21 10:43:15][INFO] trainer.py:  77: iter: 008090, lr: 0.00010, loss: 0.858018 (1.136786), tok1: 97.031 (89.545), tok5: 99.375 (96.296), time: 0.728 (0.855), eta: 0:55:43, mem: 16625M
[08/21 10:43:25][INFO] trainer.py:  77: iter: 008100, lr: 0.00010, loss: 0.864877 (1.136450), tok1: 97.344 (89.555), tok5: 99.375 (96.300), time: 0.948 (0.855), eta: 0:55:35, mem: 16625M
[08/21 10:43:32][INFO] trainer.py:  77: iter: 008110, lr: 0.00010, loss: 0.847329 (1.136094), tok1: 97.812 (89.565), tok5: 99.844 (96.305), time: 0.726 (0.855), eta: 0:55:26, mem: 16625M
[08/21 10:43:41][INFO] trainer.py:  77: iter: 008120, lr: 0.00010, loss: 0.856268 (1.135749), tok1: 97.656 (89.575), tok5: 99.844 (96.309), time: 0.834 (0.855), eta: 0:55:17, mem: 16625M
[08/21 10:43:49][INFO] trainer.py:  77: iter: 008130, lr: 0.00010, loss: 0.853895 (1.135402), tok1: 97.656 (89.585), tok5: 99.688 (96.313), time: 0.890 (0.855), eta: 0:55:09, mem: 16625M
[08/21 10:43:56][INFO] trainer.py:  77: iter: 008140, lr: 0.00010, loss: 0.871729 (1.135079), tok1: 97.897 (89.595), tok5: 99.147 (96.317), time: 0.683 (0.855), eta: 0:55:00, mem: 16625M
[08/21 10:44:06][INFO] trainer.py:  77: iter: 008150, lr: 0.00010, loss: 0.876832 (1.134762), tok1: 97.031 (89.604), tok5: 99.688 (96.321), time: 0.958 (0.855), eta: 0:54:52, mem: 16625M
[08/21 10:44:15][INFO] trainer.py:  77: iter: 008160, lr: 0.00010, loss: 0.859083 (1.134424), tok1: 97.656 (89.614), tok5: 99.531 (96.325), time: 0.881 (0.855), eta: 0:54:43, mem: 16625M
[08/21 10:44:22][INFO] trainer.py:  77: iter: 008170, lr: 0.00010, loss: 0.846392 (1.134071), tok1: 98.438 (89.625), tok5: 99.688 (96.329), time: 0.726 (0.855), eta: 0:54:34, mem: 16625M
[08/21 10:44:31][INFO] trainer.py:  77: iter: 008180, lr: 0.00010, loss: 0.872505 (1.133752), tok1: 98.125 (89.635), tok5: 99.375 (96.333), time: 0.909 (0.855), eta: 0:54:26, mem: 16625M
[08/21 10:44:38][INFO] trainer.py:  77: iter: 008190, lr: 0.00010, loss: 0.898994 (1.133465), tok1: 96.562 (89.644), tok5: 99.219 (96.336), time: 0.724 (0.855), eta: 0:54:17, mem: 16625M
[08/21 10:44:47][INFO] trainer.py:  77: iter: 008200, lr: 0.00010, loss: 0.861303 (1.133133), tok1: 97.656 (89.654), tok5: 99.531 (96.340), time: 0.855 (0.855), eta: 0:54:08, mem: 16625M
[08/21 10:44:57][INFO] trainer.py:  77: iter: 008210, lr: 0.00010, loss: 0.844191 (1.132781), tok1: 98.125 (89.664), tok5: 100.000 (96.344), time: 1.002 (0.855), eta: 0:54:00, mem: 16625M
[08/21 10:45:04][INFO] trainer.py:  77: iter: 008220, lr: 0.00010, loss: 0.859172 (1.132448), tok1: 97.969 (89.674), tok5: 99.375 (96.348), time: 0.680 (0.855), eta: 0:53:51, mem: 16625M
[08/21 10:45:14][INFO] trainer.py:  77: iter: 008230, lr: 0.00010, loss: 0.848145 (1.132103), tok1: 97.812 (89.684), tok5: 99.688 (96.352), time: 0.990 (0.855), eta: 0:53:43, mem: 16625M
[08/21 10:45:22][INFO] trainer.py:  77: iter: 008240, lr: 0.00010, loss: 0.848379 (1.131758), tok1: 97.969 (89.694), tok5: 100.000 (96.357), time: 0.891 (0.855), eta: 0:53:35, mem: 16625M
[08/21 10:45:30][INFO] trainer.py:  77: iter: 008250, lr: 0.00010, loss: 0.844673 (1.131410), tok1: 97.969 (89.704), tok5: 100.000 (96.361), time: 0.722 (0.855), eta: 0:53:25, mem: 16625M
[08/21 10:45:39][INFO] trainer.py:  77: iter: 008260, lr: 0.00010, loss: 0.835791 (1.131053), tok1: 98.125 (89.714), tok5: 99.844 (96.365), time: 0.914 (0.855), eta: 0:53:17, mem: 16625M
[08/21 10:45:46][INFO] trainer.py:  77: iter: 008270, lr: 0.00010, loss: 0.835666 (1.130695), tok1: 98.750 (89.725), tok5: 99.688 (96.369), time: 0.729 (0.855), eta: 0:53:08, mem: 16625M
[08/21 10:45:56][INFO] trainer.py:  77: iter: 008280, lr: 0.00010, loss: 0.851859 (1.130359), tok1: 97.812 (89.735), tok5: 99.219 (96.373), time: 1.010 (0.855), eta: 0:53:00, mem: 16625M
[08/21 10:46:05][INFO] trainer.py:  77: iter: 008290, lr: 0.00010, loss: 0.861808 (1.130035), tok1: 98.125 (89.745), tok5: 99.219 (96.376), time: 0.929 (0.855), eta: 0:52:52, mem: 16625M
[08/21 10:46:13][INFO] trainer.py:  77: iter: 008300, lr: 0.00010, loss: 0.834472 (1.129679), tok1: 98.281 (89.755), tok5: 99.688 (96.380), time: 0.736 (0.855), eta: 0:52:43, mem: 16625M
[08/21 10:46:24][INFO] trainer.py:  77: iter: 008310, lr: 0.00010, loss: 0.855494 (1.129349), tok1: 97.344 (89.764), tok5: 99.688 (96.384), time: 1.071 (0.855), eta: 0:52:35, mem: 16625M
[08/21 10:46:33][INFO] trainer.py:  77: iter: 008320, lr: 0.00010, loss: 0.858021 (1.129022), tok1: 97.656 (89.774), tok5: 99.531 (96.388), time: 0.900 (0.855), eta: 0:52:27, mem: 16625M
[08/21 10:46:40][INFO] trainer.py:  77: iter: 008330, lr: 0.00010, loss: 0.848032 (1.128685), tok1: 98.125 (89.784), tok5: 99.531 (96.392), time: 0.722 (0.855), eta: 0:52:18, mem: 16625M
[08/21 10:46:51][INFO] trainer.py:  77: iter: 008340, lr: 0.00010, loss: 0.871955 (1.128377), tok1: 96.875 (89.792), tok5: 99.219 (96.395), time: 1.122 (0.855), eta: 0:52:10, mem: 16625M
[08/21 10:46:58][INFO] trainer.py:  77: iter: 008350, lr: 0.00010, loss: 0.842739 (1.128035), tok1: 98.594 (89.803), tok5: 99.688 (96.399), time: 0.722 (0.855), eta: 0:52:01, mem: 16625M
[08/21 10:47:07][INFO] trainer.py:  77: iter: 008360, lr: 0.00010, loss: 0.838480 (1.127689), tok1: 98.750 (89.814), tok5: 99.844 (96.403), time: 0.875 (0.855), eta: 0:51:53, mem: 16625M
[08/21 10:47:16][INFO] trainer.py:  77: iter: 008370, lr: 0.00010, loss: 0.860561 (1.127370), tok1: 97.969 (89.823), tok5: 99.375 (96.407), time: 0.946 (0.855), eta: 0:51:45, mem: 16625M
[08/21 10:47:24][INFO] trainer.py:  77: iter: 008380, lr: 0.00010, loss: 0.869639 (1.127062), tok1: 97.656 (89.833), tok5: 99.531 (96.410), time: 0.723 (0.855), eta: 0:51:35, mem: 16625M
[08/21 10:47:32][INFO] trainer.py:  77: iter: 008390, lr: 0.00010, loss: 0.846897 (1.126728), tok1: 97.969 (89.842), tok5: 99.375 (96.414), time: 0.853 (0.855), eta: 0:51:27, mem: 16625M
[08/21 10:47:40][INFO] trainer.py:  77: iter: 008400, lr: 0.00010, loss: 0.852247 (1.126402), tok1: 97.969 (89.852), tok5: 99.688 (96.418), time: 0.819 (0.855), eta: 0:51:18, mem: 16625M
[08/21 10:47:48][INFO] trainer.py:  77: iter: 008410, lr: 0.00010, loss: 0.894749 (1.126126), tok1: 96.250 (89.860), tok5: 98.906 (96.421), time: 0.725 (0.855), eta: 0:51:09, mem: 16625M
[08/21 10:47:57][INFO] trainer.py:  77: iter: 008420, lr: 0.00010, loss: 0.857884 (1.125807), tok1: 97.500 (89.869), tok5: 99.531 (96.424), time: 0.921 (0.855), eta: 0:51:01, mem: 16625M
[08/21 10:48:04][INFO] trainer.py:  77: iter: 008430, lr: 0.00010, loss: 0.855055 (1.125486), tok1: 97.656 (89.878), tok5: 99.688 (96.428), time: 0.726 (0.855), eta: 0:50:52, mem: 16625M
[08/21 10:48:13][INFO] trainer.py:  77: iter: 008440, lr: 0.00010, loss: 0.869001 (1.125182), tok1: 97.584 (89.887), tok5: 99.062 (96.431), time: 0.855 (0.855), eta: 0:50:43, mem: 16625M
[08/21 10:48:21][INFO] trainer.py:  77: iter: 008450, lr: 0.00010, loss: 0.872408 (1.124883), tok1: 97.188 (89.896), tok5: 99.375 (96.435), time: 0.875 (0.855), eta: 0:50:35, mem: 16625M
[08/21 10:48:29][INFO] trainer.py:  77: iter: 008460, lr: 0.00010, loss: 0.850516 (1.124559), tok1: 97.344 (89.905), tok5: 99.844 (96.439), time: 0.723 (0.855), eta: 0:50:26, mem: 16625M
[08/21 10:48:36][INFO] trainer.py:  77: iter: 008470, lr: 0.00010, loss: 0.842179 (1.124226), tok1: 98.594 (89.915), tok5: 99.531 (96.443), time: 0.771 (0.855), eta: 0:50:17, mem: 16625M
[08/21 10:48:44][INFO] trainer.py:  77: iter: 008480, lr: 0.00010, loss: 0.847805 (1.123900), tok1: 97.969 (89.924), tok5: 99.531 (96.446), time: 0.727 (0.855), eta: 0:50:08, mem: 16625M
[08/21 10:48:51][INFO] trainer.py:  77: iter: 008490, lr: 0.00010, loss: 0.864379 (1.123594), tok1: 97.656 (89.933), tok5: 99.688 (96.450), time: 0.725 (0.854), eta: 0:49:59, mem: 16625M
[08/21 10:48:59][INFO] trainer.py:  77: iter: 008500, lr: 0.00010, loss: 0.864564 (1.123289), tok1: 97.656 (89.943), tok5: 99.688 (96.454), time: 0.834 (0.854), eta: 0:49:50, mem: 16625M
[08/21 10:48:59][INFO] checkpoint.py:  46: Saving checkpoint to outputs/x3d-s_clipgcn_tensor_cs_70_10_20_zsl_40_15_coco17_182/model_008500.pth
[08/21 10:48:59][INFO] inference.py:  51: Evaluating CLIPGCN_TENSOR dataset(399 video clips):
  0%|          | 0/7 [00:00<?, ?it/s] 14%|█▍        | 1/7 [00:05<00:30,  5.11s/it] 29%|██▊       | 2/7 [00:05<00:11,  2.23s/it] 43%|████▎     | 3/7 [00:05<00:05,  1.31s/it] 57%|█████▋    | 4/7 [00:05<00:02,  1.14it/s] 71%|███████▏  | 5/7 [00:05<00:01,  1.56it/s] 86%|████████▌ | 6/7 [00:06<00:00,  2.02it/s]100%|██████████| 7/7 [00:06<00:00,  1.12it/s]
[08/21 10:49:06][INFO] inference.py:  61: 
total - top1 acc: 85.878 top5 acc: 98.601
0   - A001                 - acc: 70.00
1   - A002                 - acc: 90.00
2   - A003                 - acc: 60.00
3   - A004                 - acc: 60.00
4   - A005                 - acc: 90.00
5   - A006                 - acc: 0.0
6   - A007                 - acc: 50.00
7   - A008                 - acc: 0.0
8   - A009                 - acc: 70.00
9   - A010                 - acc: 90.00
10  - A011                 - acc: 0.0
11  - A012                 - acc: 80.00
12  - A013                 - acc: 0.0
13  - A014                 - acc: 50.00
14  - A015                 - acc: 80.00
15  - A016                 - acc: 90.00
16  - A017                 - acc: 80.00
17  - A018                 - acc: 0.0
18  - A019                 - acc: 0.0
19  - A020                 - acc: 100.00
20  - A021                 - acc: 100.00
21  - A022                 - acc: 0.0
22  - A023                 - acc: 90.00
23  - A024                 - acc: 100.00
24  - A025                 - acc: 0.0
25  - A026                 - acc: 70.00
26  - A027                 - acc: 100.00
27  - A028                 - acc: 90.00
28  - A029                 - acc: 0.0
29  - A030                 - acc: 0.0
30  - A031                 - acc: 0.0
31  - A032                 - acc: 80.00
32  - A033                 - acc: 70.00
33  - A034                 - acc: 90.00
34  - A035                 - acc: 0.0
35  - A036                 - acc: 100.00
36  - A037                 - acc: 70.00
37  - A038                 - acc: 70.00
38  - A039                 - acc: 100.00
39  - A040                 - acc: 80.00
40  - A041                 - acc: 80.00
41  - A042                 - acc: 100.00
42  - A043                 - acc: 100.00
43  - A044                 - acc: 100.00
44  - A045                 - acc: 90.00
45  - A046                 - acc: 90.00
46  - A047                 - acc: 0.0
47  - A048                 - acc: 0.0
48  - A049                 - acc: 90.00
49  - A050                 - acc: 88.89
50  - A051                 - acc: 90.00
51  - A052                 - acc: 100.00
52  - A053                 - acc: 100.00
53  - A054                 - acc: 0.0
54  - A055                 - acc: 100.00

[08/21 10:49:13][INFO] trainer.py:  77: iter: 008510, lr: 0.00010, loss: 0.858752 (1.122978), tok1: 97.668 (89.952), tok5: 99.303 (96.457), time: 1.362 (0.855), eta: 0:49:43, mem: 16625M
[08/21 10:49:20][INFO] trainer.py:  77: iter: 008520, lr: 0.00010, loss: 0.887364 (1.122702), tok1: 96.406 (89.959), tok5: 99.375 (96.461), time: 0.723 (0.855), eta: 0:49:34, mem: 16625M
[08/21 10:49:27][INFO] trainer.py:  77: iter: 008530, lr: 0.00010, loss: 0.869079 (1.122404), tok1: 97.812 (89.968), tok5: 99.844 (96.465), time: 0.723 (0.855), eta: 0:49:25, mem: 16625M
[08/21 10:49:34][INFO] trainer.py:  77: iter: 008540, lr: 0.00010, loss: 0.854028 (1.122090), tok1: 97.969 (89.978), tok5: 99.531 (96.468), time: 0.722 (0.855), eta: 0:49:16, mem: 16625M
[08/21 10:49:42][INFO] trainer.py:  77: iter: 008550, lr: 0.00010, loss: 0.853520 (1.121776), tok1: 97.188 (89.986), tok5: 99.688 (96.472), time: 0.733 (0.854), eta: 0:49:07, mem: 16625M
[08/21 10:49:49][INFO] trainer.py:  77: iter: 008560, lr: 0.00010, loss: 0.850342 (1.121459), tok1: 98.125 (89.996), tok5: 99.375 (96.475), time: 0.732 (0.854), eta: 0:48:58, mem: 16625M
[08/21 10:49:57][INFO] trainer.py:  77: iter: 008570, lr: 0.00010, loss: 0.844741 (1.121136), tok1: 97.969 (90.005), tok5: 99.688 (96.479), time: 0.804 (0.854), eta: 0:48:49, mem: 16625M
[08/21 10:50:04][INFO] trainer.py:  77: iter: 008580, lr: 0.00010, loss: 0.862288 (1.120834), tok1: 97.188 (90.013), tok5: 99.375 (96.483), time: 0.725 (0.854), eta: 0:48:40, mem: 16625M
[08/21 10:50:13][INFO] trainer.py:  77: iter: 008590, lr: 0.00010, loss: 0.850557 (1.120520), tok1: 98.053 (90.023), tok5: 99.531 (96.486), time: 0.905 (0.854), eta: 0:48:32, mem: 16625M
[08/21 10:50:23][INFO] trainer.py:  77: iter: 008600, lr: 0.00010, loss: 0.865198 (1.120223), tok1: 97.500 (90.031), tok5: 99.531 (96.490), time: 1.001 (0.854), eta: 0:48:24, mem: 16625M
[08/21 10:50:31][INFO] trainer.py:  77: iter: 008610, lr: 0.00010, loss: 0.873923 (1.119937), tok1: 97.031 (90.040), tok5: 99.219 (96.493), time: 0.721 (0.854), eta: 0:48:15, mem: 16625M
[08/21 10:50:40][INFO] trainer.py:  77: iter: 008620, lr: 0.00010, loss: 0.870671 (1.119648), tok1: 96.875 (90.048), tok5: 99.375 (96.496), time: 0.916 (0.854), eta: 0:48:07, mem: 16625M
[08/21 10:50:47][INFO] trainer.py:  77: iter: 008630, lr: 0.00010, loss: 0.850807 (1.119336), tok1: 98.281 (90.057), tok5: 99.219 (96.499), time: 0.731 (0.854), eta: 0:47:58, mem: 16625M
[08/21 10:50:57][INFO] trainer.py:  77: iter: 008640, lr: 0.00010, loss: 0.860793 (1.119037), tok1: 97.344 (90.066), tok5: 99.531 (96.503), time: 0.963 (0.854), eta: 0:47:50, mem: 16625M
[08/21 10:51:06][INFO] trainer.py:  77: iter: 008650, lr: 0.00010, loss: 0.874184 (1.118754), tok1: 97.188 (90.074), tok5: 99.531 (96.506), time: 0.924 (0.854), eta: 0:47:41, mem: 16625M
[08/21 10:51:13][INFO] trainer.py:  77: iter: 008660, lr: 0.00010, loss: 0.885077 (1.118484), tok1: 96.887 (90.082), tok5: 99.147 (96.509), time: 0.693 (0.854), eta: 0:47:32, mem: 16625M
[08/21 10:51:23][INFO] trainer.py:  77: iter: 008670, lr: 0.00010, loss: 0.855710 (1.118181), tok1: 97.969 (90.091), tok5: 99.531 (96.513), time: 0.996 (0.854), eta: 0:47:24, mem: 16625M
[08/21 10:51:32][INFO] trainer.py:  77: iter: 008680, lr: 0.00010, loss: 0.870866 (1.117896), tok1: 97.188 (90.099), tok5: 99.062 (96.516), time: 0.930 (0.854), eta: 0:47:16, mem: 16625M
[08/21 10:51:39][INFO] trainer.py:  77: iter: 008690, lr: 0.00010, loss: 0.862376 (1.117602), tok1: 97.344 (90.107), tok5: 99.531 (96.519), time: 0.727 (0.854), eta: 0:47:07, mem: 16625M
[08/21 10:51:49][INFO] trainer.py:  77: iter: 008700, lr: 0.00010, loss: 0.864285 (1.117311), tok1: 97.344 (90.116), tok5: 99.531 (96.523), time: 0.987 (0.854), eta: 0:46:59, mem: 16625M
[08/21 10:51:57][INFO] trainer.py:  77: iter: 008710, lr: 0.00010, loss: 0.876240 (1.117034), tok1: 97.500 (90.124), tok5: 99.219 (96.526), time: 0.726 (0.854), eta: 0:46:50, mem: 16625M
[08/21 10:52:07][INFO] trainer.py:  77: iter: 008720, lr: 0.00010, loss: 0.854910 (1.116733), tok1: 98.125 (90.133), tok5: 99.844 (96.530), time: 0.994 (0.854), eta: 0:46:42, mem: 16625M
[08/21 10:52:15][INFO] trainer.py:  77: iter: 008730, lr: 0.00010, loss: 0.852128 (1.116430), tok1: 98.281 (90.143), tok5: 99.375 (96.533), time: 0.866 (0.854), eta: 0:46:33, mem: 16625M
[08/21 10:52:22][INFO] trainer.py:  77: iter: 008740, lr: 0.00010, loss: 0.845397 (1.116120), tok1: 99.062 (90.153), tok5: 99.688 (96.536), time: 0.679 (0.854), eta: 0:46:24, mem: 16625M
[08/21 10:52:32][INFO] trainer.py:  77: iter: 008750, lr: 0.00010, loss: 0.853737 (1.115820), tok1: 96.719 (90.160), tok5: 99.688 (96.540), time: 1.031 (0.854), eta: 0:46:16, mem: 16625M
[08/21 10:52:41][INFO] trainer.py:  77: iter: 008760, lr: 0.00010, loss: 0.843255 (1.115509), tok1: 98.281 (90.170), tok5: 100.000 (96.544), time: 0.898 (0.854), eta: 0:46:08, mem: 16625M
[08/21 10:52:49][INFO] trainer.py:  77: iter: 008770, lr: 0.00010, loss: 0.851530 (1.115208), tok1: 97.656 (90.178), tok5: 99.688 (96.548), time: 0.723 (0.854), eta: 0:45:59, mem: 16625M
[08/21 10:52:59][INFO] trainer.py:  77: iter: 008780, lr: 0.00010, loss: 0.879837 (1.114940), tok1: 96.562 (90.185), tok5: 99.219 (96.551), time: 1.048 (0.854), eta: 0:45:51, mem: 16625M
[08/21 10:53:06][INFO] trainer.py:  77: iter: 008790, lr: 0.00010, loss: 0.859073 (1.114649), tok1: 97.500 (90.194), tok5: 99.375 (96.554), time: 0.726 (0.854), eta: 0:45:42, mem: 16625M
[08/21 10:53:16][INFO] trainer.py:  77: iter: 008800, lr: 0.00010, loss: 0.836412 (1.114333), tok1: 98.438 (90.203), tok5: 100.000 (96.558), time: 1.020 (0.855), eta: 0:45:34, mem: 16625M
[08/21 10:53:26][INFO] trainer.py:  77: iter: 008810, lr: 0.00010, loss: 0.871546 (1.114057), tok1: 97.356 (90.211), tok5: 99.147 (96.561), time: 0.921 (0.855), eta: 0:45:26, mem: 16625M
[08/21 10:53:33][INFO] trainer.py:  77: iter: 008820, lr: 0.00010, loss: 0.843494 (1.113750), tok1: 98.438 (90.220), tok5: 99.688 (96.564), time: 0.724 (0.854), eta: 0:45:17, mem: 16625M
[08/21 10:53:42][INFO] trainer.py:  77: iter: 008830, lr: 0.00010, loss: 0.846772 (1.113448), tok1: 98.125 (90.229), tok5: 99.688 (96.568), time: 0.945 (0.855), eta: 0:45:08, mem: 16625M
[08/21 10:53:52][INFO] trainer.py:  77: iter: 008840, lr: 0.00010, loss: 0.841192 (1.113140), tok1: 97.656 (90.238), tok5: 99.844 (96.571), time: 0.983 (0.855), eta: 0:45:00, mem: 16625M
[08/21 10:53:59][INFO] trainer.py:  77: iter: 008850, lr: 0.00010, loss: 0.858605 (1.112853), tok1: 97.500 (90.246), tok5: 99.844 (96.575), time: 0.725 (0.855), eta: 0:44:51, mem: 16625M
[08/21 10:54:08][INFO] trainer.py:  77: iter: 008860, lr: 0.00010, loss: 0.864647 (1.112572), tok1: 97.969 (90.255), tok5: 99.844 (96.579), time: 0.856 (0.855), eta: 0:44:43, mem: 16625M
[08/21 10:54:15][INFO] trainer.py:  77: iter: 008870, lr: 0.00010, loss: 0.832887 (1.112257), tok1: 98.281 (90.264), tok5: 100.000 (96.583), time: 0.725 (0.854), eta: 0:44:34, mem: 16625M
[08/21 10:54:25][INFO] trainer.py:  77: iter: 008880, lr: 0.00010, loss: 0.845555 (1.111957), tok1: 98.438 (90.273), tok5: 99.688 (96.586), time: 0.984 (0.855), eta: 0:44:26, mem: 16625M
[08/21 10:54:35][INFO] trainer.py:  77: iter: 008890, lr: 0.00010, loss: 0.883386 (1.111700), tok1: 96.562 (90.280), tok5: 99.219 (96.589), time: 0.980 (0.855), eta: 0:44:18, mem: 16625M
[08/21 10:54:42][INFO] trainer.py:  77: iter: 008900, lr: 0.00010, loss: 0.879804 (1.111439), tok1: 96.875 (90.287), tok5: 98.906 (96.592), time: 0.723 (0.855), eta: 0:44:09, mem: 16625M
[08/21 10:54:52][INFO] trainer.py:  77: iter: 008910, lr: 0.00010, loss: 0.857681 (1.111154), tok1: 97.969 (90.296), tok5: 99.375 (96.595), time: 0.965 (0.855), eta: 0:44:00, mem: 16625M
[08/21 10:55:02][INFO] trainer.py:  77: iter: 008920, lr: 0.00010, loss: 0.862704 (1.110876), tok1: 97.344 (90.304), tok5: 99.062 (96.598), time: 0.980 (0.855), eta: 0:43:52, mem: 16625M
[08/21 10:55:09][INFO] trainer.py:  77: iter: 008930, lr: 0.00010, loss: 0.843369 (1.110576), tok1: 98.438 (90.313), tok5: 99.531 (96.601), time: 0.731 (0.855), eta: 0:43:43, mem: 16625M
[08/21 10:55:19][INFO] trainer.py:  77: iter: 008940, lr: 0.00010, loss: 0.856740 (1.110292), tok1: 97.812 (90.321), tok5: 100.000 (96.605), time: 1.033 (0.855), eta: 0:43:35, mem: 16625M
[08/21 10:55:26][INFO] trainer.py:  77: iter: 008950, lr: 0.00010, loss: 0.875944 (1.110030), tok1: 97.500 (90.330), tok5: 99.219 (96.608), time: 0.728 (0.855), eta: 0:43:26, mem: 16625M
[08/21 10:55:36][INFO] trainer.py:  77: iter: 008960, lr: 0.00010, loss: 0.862028 (1.109754), tok1: 97.981 (90.338), tok5: 99.688 (96.611), time: 0.994 (0.855), eta: 0:43:18, mem: 16625M
[08/21 10:55:47][INFO] trainer.py:  77: iter: 008970, lr: 0.00010, loss: 0.863808 (1.109479), tok1: 97.031 (90.346), tok5: 99.375 (96.614), time: 1.044 (0.855), eta: 0:43:10, mem: 16625M
[08/21 10:55:54][INFO] trainer.py:  77: iter: 008980, lr: 0.00010, loss: 0.839575 (1.109179), tok1: 98.438 (90.355), tok5: 99.531 (96.617), time: 0.727 (0.855), eta: 0:43:01, mem: 16625M
[08/21 10:56:04][INFO] trainer.py:  77: iter: 008990, lr: 0.00010, loss: 0.838525 (1.108878), tok1: 98.750 (90.364), tok5: 100.000 (96.621), time: 0.944 (0.855), eta: 0:42:53, mem: 16625M
[08/21 10:56:13][INFO] trainer.py:  77: iter: 009000, lr: 0.00010, loss: 0.859399 (1.108601), tok1: 97.344 (90.372), tok5: 99.844 (96.625), time: 0.982 (0.855), eta: 0:42:45, mem: 16625M
[08/21 10:56:13][INFO] checkpoint.py:  46: Saving checkpoint to outputs/x3d-s_clipgcn_tensor_cs_70_10_20_zsl_40_15_coco17_182/model_009000.pth
[08/21 10:56:14][INFO] inference.py:  51: Evaluating CLIPGCN_TENSOR dataset(399 video clips):
  0%|          | 0/7 [00:00<?, ?it/s] 14%|█▍        | 1/7 [00:04<00:26,  4.49s/it] 29%|██▊       | 2/7 [00:05<00:11,  2.31s/it] 43%|████▎     | 3/7 [00:05<00:05,  1.35s/it] 57%|█████▋    | 4/7 [00:05<00:02,  1.11it/s] 71%|███████▏  | 5/7 [00:05<00:01,  1.52it/s] 86%|████████▌ | 6/7 [00:06<00:00,  1.97it/s]100%|██████████| 7/7 [00:06<00:00,  1.13it/s]
[08/21 10:56:20][INFO] inference.py:  61: 
total - top1 acc: 86.101 top5 acc: 98.601
0   - A001                 - acc: 70.00
1   - A002                 - acc: 100.00
2   - A003                 - acc: 50.00
3   - A004                 - acc: 60.00
4   - A005                 - acc: 90.00
5   - A006                 - acc: 0.0
6   - A007                 - acc: 50.00
7   - A008                 - acc: 0.0
8   - A009                 - acc: 70.00
9   - A010                 - acc: 90.00
10  - A011                 - acc: 0.0
11  - A012                 - acc: 80.00
12  - A013                 - acc: 0.0
13  - A014                 - acc: 70.00
14  - A015                 - acc: 80.00
15  - A016                 - acc: 90.00
16  - A017                 - acc: 80.00
17  - A018                 - acc: 0.0
18  - A019                 - acc: 0.0
19  - A020                 - acc: 100.00
20  - A021                 - acc: 100.00
21  - A022                 - acc: 0.0
22  - A023                 - acc: 90.00
23  - A024                 - acc: 100.00
24  - A025                 - acc: 0.0
25  - A026                 - acc: 70.00
26  - A027                 - acc: 100.00
27  - A028                 - acc: 90.00
28  - A029                 - acc: 0.0
29  - A030                 - acc: 0.0
30  - A031                 - acc: 0.0
31  - A032                 - acc: 80.00
32  - A033                 - acc: 70.00
33  - A034                 - acc: 90.00
34  - A035                 - acc: 0.0
35  - A036                 - acc: 100.00
36  - A037                 - acc: 70.00
37  - A038                 - acc: 60.00
38  - A039                 - acc: 100.00
39  - A040                 - acc: 80.00
40  - A041                 - acc: 80.00
41  - A042                 - acc: 100.00
42  - A043                 - acc: 100.00
43  - A044                 - acc: 100.00
44  - A045                 - acc: 90.00
45  - A046                 - acc: 90.00
46  - A047                 - acc: 0.0
47  - A048                 - acc: 0.0
48  - A049                 - acc: 90.00
49  - A050                 - acc: 88.89
50  - A051                 - acc: 90.00
51  - A052                 - acc: 100.00
52  - A053                 - acc: 100.00
53  - A054                 - acc: 0.0
54  - A055                 - acc: 100.00

[08/21 10:56:27][INFO] trainer.py:  77: iter: 009010, lr: 0.00010, loss: 0.853877 (1.108318), tok1: 97.812 (90.380), tok5: 99.531 (96.628), time: 1.397 (0.856), eta: 0:42:38, mem: 16625M
[08/21 10:56:35][INFO] trainer.py:  77: iter: 009020, lr: 0.00010, loss: 0.844060 (1.108025), tok1: 97.500 (90.388), tok5: 99.688 (96.631), time: 0.725 (0.856), eta: 0:42:29, mem: 16625M
[08/21 10:56:41][INFO] trainer.py:  77: iter: 009030, lr: 0.00010, loss: 0.854953 (1.107745), tok1: 98.281 (90.397), tok5: 99.531 (96.635), time: 0.688 (0.855), eta: 0:42:20, mem: 16625M
[08/21 10:56:49][INFO] trainer.py:  77: iter: 009040, lr: 0.00010, loss: 0.860442 (1.107471), tok1: 98.125 (90.405), tok5: 99.219 (96.637), time: 0.725 (0.855), eta: 0:42:11, mem: 16625M
[08/21 10:56:56][INFO] trainer.py:  77: iter: 009050, lr: 0.00010, loss: 0.865842 (1.107204), tok1: 97.031 (90.412), tok5: 99.219 (96.640), time: 0.749 (0.855), eta: 0:42:02, mem: 16625M
[08/21 10:57:03][INFO] trainer.py:  77: iter: 009060, lr: 0.00010, loss: 0.844145 (1.106914), tok1: 97.812 (90.421), tok5: 99.844 (96.644), time: 0.725 (0.855), eta: 0:41:53, mem: 16625M
[08/21 10:57:14][INFO] trainer.py:  77: iter: 009070, lr: 0.00010, loss: 0.855946 (1.106637), tok1: 97.188 (90.428), tok5: 99.688 (96.647), time: 1.003 (0.855), eta: 0:41:45, mem: 16625M
[08/21 10:57:25][INFO] trainer.py:  77: iter: 009080, lr: 0.00010, loss: 0.877857 (1.106385), tok1: 97.344 (90.436), tok5: 99.688 (96.651), time: 1.106 (0.855), eta: 0:41:38, mem: 16625M
[08/21 10:57:32][INFO] trainer.py:  77: iter: 009090, lr: 0.00010, loss: 0.835932 (1.106088), tok1: 98.438 (90.444), tok5: 99.844 (96.654), time: 0.724 (0.855), eta: 0:41:29, mem: 16625M
[08/21 10:57:42][INFO] trainer.py:  77: iter: 009100, lr: 0.00010, loss: 0.851601 (1.105808), tok1: 97.969 (90.453), tok5: 99.531 (96.657), time: 0.986 (0.855), eta: 0:41:20, mem: 16625M
[08/21 10:57:49][INFO] trainer.py:  77: iter: 009110, lr: 0.00010, loss: 0.873044 (1.105552), tok1: 97.500 (90.460), tok5: 98.906 (96.660), time: 0.690 (0.855), eta: 0:41:11, mem: 16625M
[08/21 10:57:59][INFO] trainer.py:  77: iter: 009120, lr: 0.00010, loss: 0.850445 (1.105273), tok1: 98.125 (90.469), tok5: 99.688 (96.663), time: 1.036 (0.856), eta: 0:41:03, mem: 16625M
[08/21 10:58:09][INFO] trainer.py:  77: iter: 009130, lr: 0.00010, loss: 0.860746 (1.105005), tok1: 97.812 (90.477), tok5: 99.375 (96.666), time: 0.989 (0.856), eta: 0:40:55, mem: 16625M
[08/21 10:58:16][INFO] trainer.py:  77: iter: 009140, lr: 0.00010, loss: 0.856588 (1.104733), tok1: 97.344 (90.484), tok5: 99.688 (96.669), time: 0.725 (0.856), eta: 0:40:46, mem: 16625M
[08/21 10:58:26][INFO] trainer.py:  77: iter: 009150, lr: 0.00010, loss: 0.861209 (1.104467), tok1: 98.281 (90.493), tok5: 99.531 (96.672), time: 0.973 (0.856), eta: 0:40:38, mem: 16625M
[08/21 10:58:35][INFO] trainer.py:  77: iter: 009160, lr: 0.00010, loss: 0.849510 (1.104189), tok1: 97.656 (90.501), tok5: 99.688 (96.676), time: 0.965 (0.856), eta: 0:40:30, mem: 16625M
[08/21 10:58:43][INFO] trainer.py:  77: iter: 009170, lr: 0.00010, loss: 0.873763 (1.103937), tok1: 97.031 (90.508), tok5: 99.375 (96.679), time: 0.725 (0.856), eta: 0:40:21, mem: 16625M
[08/21 10:58:51][INFO] trainer.py:  77: iter: 009180, lr: 0.00010, loss: 0.852359 (1.103663), tok1: 97.584 (90.516), tok5: 99.531 (96.682), time: 0.854 (0.856), eta: 0:40:12, mem: 16625M
[08/21 10:58:59][INFO] trainer.py:  77: iter: 009190, lr: 0.00010, loss: 0.864857 (1.103403), tok1: 97.344 (90.523), tok5: 99.688 (96.685), time: 0.729 (0.855), eta: 0:40:03, mem: 16625M
[08/21 10:59:08][INFO] trainer.py:  77: iter: 009200, lr: 0.00010, loss: 0.856836 (1.103135), tok1: 97.500 (90.531), tok5: 99.844 (96.688), time: 0.906 (0.856), eta: 0:39:55, mem: 16625M
[08/21 10:59:18][INFO] trainer.py:  77: iter: 009210, lr: 0.00010, loss: 0.855082 (1.102866), tok1: 97.500 (90.538), tok5: 99.844 (96.692), time: 1.000 (0.856), eta: 0:39:47, mem: 16625M
[08/21 10:59:25][INFO] trainer.py:  77: iter: 009220, lr: 0.00010, loss: 0.856847 (1.102599), tok1: 97.656 (90.546), tok5: 99.531 (96.695), time: 0.727 (0.856), eta: 0:39:38, mem: 16625M
[08/21 10:59:34][INFO] trainer.py:  77: iter: 009230, lr: 0.00010, loss: 0.838320 (1.102313), tok1: 98.125 (90.554), tok5: 100.000 (96.699), time: 0.946 (0.856), eta: 0:39:30, mem: 16625M
[08/21 10:59:45][INFO] trainer.py:  77: iter: 009240, lr: 0.00010, loss: 0.857163 (1.102048), tok1: 97.812 (90.562), tok5: 99.531 (96.702), time: 1.028 (0.856), eta: 0:39:22, mem: 16625M
[08/21 10:59:51][INFO] trainer.py:  77: iter: 009250, lr: 0.00010, loss: 0.875891 (1.101803), tok1: 96.502 (90.568), tok5: 99.844 (96.705), time: 0.679 (0.856), eta: 0:39:13, mem: 16625M
[08/21 11:00:01][INFO] trainer.py:  77: iter: 009260, lr: 0.00010, loss: 0.850352 (1.101532), tok1: 97.031 (90.575), tok5: 99.844 (96.708), time: 1.002 (0.856), eta: 0:39:04, mem: 16625M
[08/21 11:00:09][INFO] trainer.py:  77: iter: 009270, lr: 0.00010, loss: 0.834872 (1.101244), tok1: 98.906 (90.584), tok5: 99.531 (96.711), time: 0.722 (0.856), eta: 0:38:55, mem: 16625M
[08/21 11:00:18][INFO] trainer.py:  77: iter: 009280, lr: 0.00010, loss: 0.875927 (1.101001), tok1: 97.500 (90.592), tok5: 98.906 (96.714), time: 0.967 (0.856), eta: 0:38:47, mem: 16625M
[08/21 11:00:28][INFO] trainer.py:  77: iter: 009290, lr: 0.00010, loss: 0.851801 (1.100733), tok1: 97.656 (90.599), tok5: 100.000 (96.717), time: 0.940 (0.856), eta: 0:38:39, mem: 16625M
[08/21 11:00:35][INFO] trainer.py:  77: iter: 009300, lr: 0.00010, loss: 0.868585 (1.100483), tok1: 96.562 (90.606), tok5: 99.531 (96.720), time: 0.732 (0.856), eta: 0:38:30, mem: 16625M
[08/21 11:00:46][INFO] trainer.py:  77: iter: 009310, lr: 0.00010, loss: 0.878402 (1.100245), tok1: 96.562 (90.612), tok5: 98.906 (96.723), time: 1.066 (0.856), eta: 0:38:22, mem: 16625M
[08/21 11:00:56][INFO] trainer.py:  77: iter: 009320, lr: 0.00010, loss: 0.861967 (1.099989), tok1: 97.812 (90.620), tok5: 99.219 (96.725), time: 0.991 (0.856), eta: 0:38:14, mem: 16625M
[08/21 11:01:02][INFO] trainer.py:  77: iter: 009330, lr: 0.00010, loss: 0.842741 (1.099713), tok1: 98.438 (90.628), tok5: 99.844 (96.729), time: 0.678 (0.856), eta: 0:38:05, mem: 16625M
[08/21 11:01:12][INFO] trainer.py:  77: iter: 009340, lr: 0.00010, loss: 0.869524 (1.099467), tok1: 97.500 (90.636), tok5: 99.062 (96.731), time: 1.006 (0.856), eta: 0:37:57, mem: 16625M
[08/21 11:01:20][INFO] trainer.py:  77: iter: 009350, lr: 0.00010, loss: 0.842998 (1.099193), tok1: 98.125 (90.644), tok5: 99.688 (96.734), time: 0.724 (0.856), eta: 0:37:48, mem: 16625M
[08/21 11:01:29][INFO] trainer.py:  77: iter: 009360, lr: 0.00010, loss: 0.839018 (1.098915), tok1: 97.812 (90.651), tok5: 99.531 (96.737), time: 0.960 (0.856), eta: 0:37:39, mem: 16625M
[08/21 11:01:39][INFO] trainer.py:  77: iter: 009370, lr: 0.00010, loss: 0.858744 (1.098658), tok1: 97.188 (90.658), tok5: 99.531 (96.740), time: 0.926 (0.856), eta: 0:37:31, mem: 16625M
[08/21 11:01:46][INFO] trainer.py:  77: iter: 009380, lr: 0.00010, loss: 0.849994 (1.098393), tok1: 97.344 (90.665), tok5: 99.688 (96.744), time: 0.728 (0.856), eta: 0:37:22, mem: 16625M
[08/21 11:01:55][INFO] trainer.py:  77: iter: 009390, lr: 0.00010, loss: 0.829431 (1.098107), tok1: 98.438 (90.674), tok5: 100.000 (96.747), time: 0.883 (0.856), eta: 0:37:14, mem: 16625M
[08/21 11:02:04][INFO] trainer.py:  77: iter: 009400, lr: 0.00010, loss: 0.868238 (1.097862), tok1: 96.875 (90.680), tok5: 99.375 (96.750), time: 0.935 (0.856), eta: 0:37:05, mem: 16625M
[08/21 11:02:11][INFO] trainer.py:  77: iter: 009410, lr: 0.00010, loss: 0.840313 (1.097588), tok1: 98.594 (90.689), tok5: 99.688 (96.753), time: 0.727 (0.856), eta: 0:36:56, mem: 16625M
[08/21 11:02:21][INFO] trainer.py:  77: iter: 009420, lr: 0.00010, loss: 0.837836 (1.097313), tok1: 98.125 (90.697), tok5: 99.844 (96.756), time: 0.938 (0.856), eta: 0:36:48, mem: 16625M
[08/21 11:02:28][INFO] trainer.py:  77: iter: 009430, lr: 0.00010, loss: 0.857882 (1.097059), tok1: 97.812 (90.704), tok5: 99.219 (96.759), time: 0.727 (0.856), eta: 0:36:39, mem: 16625M
[08/21 11:02:37][INFO] trainer.py:  77: iter: 009440, lr: 0.00010, loss: 0.911481 (1.096862), tok1: 95.469 (90.709), tok5: 99.375 (96.762), time: 0.884 (0.856), eta: 0:36:31, mem: 16625M
[08/21 11:02:47][INFO] trainer.py:  77: iter: 009450, lr: 0.00010, loss: 0.860801 (1.096612), tok1: 97.188 (90.716), tok5: 99.219 (96.764), time: 1.004 (0.856), eta: 0:36:23, mem: 16625M
[08/21 11:02:54][INFO] trainer.py:  77: iter: 009460, lr: 0.00010, loss: 0.866439 (1.096369), tok1: 97.188 (90.723), tok5: 99.219 (96.767), time: 0.719 (0.856), eta: 0:36:14, mem: 16625M
[08/21 11:03:03][INFO] trainer.py:  77: iter: 009470, lr: 0.00010, loss: 0.853015 (1.096112), tok1: 97.812 (90.730), tok5: 99.844 (96.770), time: 0.946 (0.856), eta: 0:36:05, mem: 16625M
[08/21 11:03:12][INFO] trainer.py:  77: iter: 009480, lr: 0.00010, loss: 0.859103 (1.095862), tok1: 97.656 (90.738), tok5: 99.375 (96.773), time: 0.892 (0.856), eta: 0:35:57, mem: 16625M
[08/21 11:03:20][INFO] trainer.py:  77: iter: 009490, lr: 0.00010, loss: 0.845243 (1.095598), tok1: 98.281 (90.746), tok5: 99.531 (96.776), time: 0.728 (0.856), eta: 0:35:48, mem: 16625M
[08/21 11:03:29][INFO] trainer.py:  77: iter: 009500, lr: 0.00010, loss: 0.850141 (1.095340), tok1: 97.500 (90.753), tok5: 99.688 (96.779), time: 0.894 (0.856), eta: 0:35:39, mem: 16625M
[08/21 11:03:29][INFO] checkpoint.py:  46: Saving checkpoint to outputs/x3d-s_clipgcn_tensor_cs_70_10_20_zsl_40_15_coco17_182/model_009500.pth
[08/21 11:03:29][INFO] inference.py:  51: Evaluating CLIPGCN_TENSOR dataset(399 video clips):
  0%|          | 0/7 [00:00<?, ?it/s] 14%|█▍        | 1/7 [00:05<00:30,  5.15s/it] 29%|██▊       | 2/7 [00:05<00:11,  2.25s/it] 43%|████▎     | 3/7 [00:05<00:05,  1.32s/it] 57%|█████▋    | 4/7 [00:05<00:02,  1.13it/s] 71%|███████▏  | 5/7 [00:06<00:01,  1.55it/s] 86%|████████▌ | 6/7 [00:06<00:00,  2.00it/s]100%|██████████| 7/7 [00:06<00:00,  1.11it/s]
[08/21 11:03:35][INFO] inference.py:  61: 
total - top1 acc: 86.324 top5 acc: 98.378
0   - A001                 - acc: 70.00
1   - A002                 - acc: 100.00
2   - A003                 - acc: 60.00
3   - A004                 - acc: 60.00
4   - A005                 - acc: 90.00
5   - A006                 - acc: 0.0
6   - A007                 - acc: 60.00
7   - A008                 - acc: 0.0
8   - A009                 - acc: 70.00
9   - A010                 - acc: 90.00
10  - A011                 - acc: 0.0
11  - A012                 - acc: 80.00
12  - A013                 - acc: 0.0
13  - A014                 - acc: 60.00
14  - A015                 - acc: 80.00
15  - A016                 - acc: 90.00
16  - A017                 - acc: 80.00
17  - A018                 - acc: 0.0
18  - A019                 - acc: 0.0
19  - A020                 - acc: 100.00
20  - A021                 - acc: 100.00
21  - A022                 - acc: 0.0
22  - A023                 - acc: 90.00
23  - A024                 - acc: 100.00
24  - A025                 - acc: 0.0
25  - A026                 - acc: 70.00
26  - A027                 - acc: 100.00
27  - A028                 - acc: 90.00
28  - A029                 - acc: 0.0
29  - A030                 - acc: 0.0
30  - A031                 - acc: 0.0
31  - A032                 - acc: 80.00
32  - A033                 - acc: 70.00
33  - A034                 - acc: 90.00
34  - A035                 - acc: 0.0
35  - A036                 - acc: 100.00
36  - A037                 - acc: 70.00
37  - A038                 - acc: 70.00
38  - A039                 - acc: 100.00
39  - A040                 - acc: 80.00
40  - A041                 - acc: 80.00
41  - A042                 - acc: 100.00
42  - A043                 - acc: 100.00
43  - A044                 - acc: 100.00
44  - A045                 - acc: 90.00
45  - A046                 - acc: 90.00
46  - A047                 - acc: 0.0
47  - A048                 - acc: 0.0
48  - A049                 - acc: 90.00
49  - A050                 - acc: 88.89
50  - A051                 - acc: 80.00
51  - A052                 - acc: 100.00
52  - A053                 - acc: 100.00
53  - A054                 - acc: 0.0
54  - A055                 - acc: 100.00

[08/21 11:03:43][INFO] trainer.py:  77: iter: 009510, lr: 0.00010, loss: 0.843510 (1.095075), tok1: 98.281 (90.761), tok5: 99.531 (96.782), time: 1.417 (0.857), eta: 0:35:32, mem: 16625M
[08/21 11:03:50][INFO] trainer.py:  77: iter: 009520, lr: 0.00010, loss: 0.848267 (1.094816), tok1: 97.656 (90.768), tok5: 99.844 (96.785), time: 0.722 (0.856), eta: 0:35:23, mem: 16625M
[08/21 11:03:57][INFO] trainer.py:  77: iter: 009530, lr: 0.00010, loss: 0.858477 (1.094568), tok1: 97.344 (90.775), tok5: 99.844 (96.788), time: 0.723 (0.856), eta: 0:35:15, mem: 16625M
[08/21 11:04:04][INFO] trainer.py:  77: iter: 009540, lr: 0.00010, loss: 0.840124 (1.094301), tok1: 98.594 (90.783), tok5: 99.844 (96.791), time: 0.722 (0.856), eta: 0:35:06, mem: 16625M
[08/21 11:04:11][INFO] trainer.py:  77: iter: 009550, lr: 0.00010, loss: 0.855405 (1.094051), tok1: 97.428 (90.790), tok5: 99.531 (96.794), time: 0.688 (0.856), eta: 0:34:57, mem: 16625M
[08/21 11:04:19][INFO] trainer.py:  77: iter: 009560, lr: 0.00010, loss: 0.858644 (1.093805), tok1: 97.344 (90.797), tok5: 99.688 (96.797), time: 0.726 (0.856), eta: 0:34:48, mem: 16625M
[08/21 11:04:26][INFO] trainer.py:  77: iter: 009570, lr: 0.00010, loss: 0.864958 (1.093565), tok1: 97.656 (90.804), tok5: 99.375 (96.800), time: 0.725 (0.856), eta: 0:34:39, mem: 16625M
[08/21 11:04:37][INFO] trainer.py:  77: iter: 009580, lr: 0.00010, loss: 0.837257 (1.093298), tok1: 98.438 (90.812), tok5: 99.688 (96.803), time: 1.091 (0.856), eta: 0:34:31, mem: 16625M
[08/21 11:04:44][INFO] trainer.py:  77: iter: 009590, lr: 0.00010, loss: 0.865769 (1.093061), tok1: 97.656 (90.819), tok5: 99.531 (96.806), time: 0.722 (0.856), eta: 0:34:22, mem: 16625M
[08/21 11:04:54][INFO] trainer.py:  77: iter: 009600, lr: 0.00010, loss: 0.866630 (1.092825), tok1: 97.969 (90.827), tok5: 99.219 (96.808), time: 0.954 (0.856), eta: 0:34:14, mem: 16625M
[08/21 11:05:02][INFO] trainer.py:  77: iter: 009610, lr: 0.00010, loss: 0.854083 (1.092576), tok1: 97.500 (90.833), tok5: 99.531 (96.811), time: 0.852 (0.856), eta: 0:34:05, mem: 16625M
[08/21 11:05:09][INFO] trainer.py:  77: iter: 009620, lr: 0.00010, loss: 0.837462 (1.092311), tok1: 97.969 (90.841), tok5: 99.844 (96.814), time: 0.679 (0.856), eta: 0:33:56, mem: 16625M
[08/21 11:05:17][INFO] trainer.py:  77: iter: 009630, lr: 0.00010, loss: 0.858328 (1.092068), tok1: 97.656 (90.848), tok5: 99.844 (96.817), time: 0.832 (0.856), eta: 0:33:48, mem: 16625M
[08/21 11:05:25][INFO] trainer.py:  77: iter: 009640, lr: 0.00010, loss: 0.850093 (1.091817), tok1: 97.500 (90.855), tok5: 99.531 (96.820), time: 0.829 (0.856), eta: 0:33:39, mem: 16625M
[08/21 11:05:33][INFO] trainer.py:  77: iter: 009650, lr: 0.00010, loss: 0.868229 (1.091585), tok1: 96.719 (90.861), tok5: 99.375 (96.823), time: 0.723 (0.856), eta: 0:33:30, mem: 16625M
[08/21 11:05:40][INFO] trainer.py:  77: iter: 009660, lr: 0.00010, loss: 0.855931 (1.091341), tok1: 97.500 (90.868), tok5: 99.688 (96.826), time: 0.729 (0.855), eta: 0:33:21, mem: 16625M
[08/21 11:05:47][INFO] trainer.py:  77: iter: 009670, lr: 0.00010, loss: 0.881343 (1.091124), tok1: 96.562 (90.874), tok5: 99.531 (96.829), time: 0.724 (0.855), eta: 0:33:12, mem: 16625M
[08/21 11:05:56][INFO] trainer.py:  77: iter: 009680, lr: 0.00010, loss: 0.848491 (1.090874), tok1: 97.969 (90.881), tok5: 99.531 (96.831), time: 0.845 (0.855), eta: 0:33:04, mem: 16625M
[08/21 11:06:07][INFO] trainer.py:  77: iter: 009690, lr: 0.00010, loss: 0.872257 (1.090648), tok1: 97.031 (90.887), tok5: 99.062 (96.834), time: 1.122 (0.856), eta: 0:32:56, mem: 16625M
[08/21 11:06:14][INFO] trainer.py:  77: iter: 009700, lr: 0.00010, loss: 0.840481 (1.090390), tok1: 97.584 (90.894), tok5: 99.844 (96.837), time: 0.679 (0.855), eta: 0:32:47, mem: 16625M
[08/21 11:06:24][INFO] trainer.py:  77: iter: 009710, lr: 0.00010, loss: 0.859484 (1.090152), tok1: 97.969 (90.902), tok5: 99.531 (96.840), time: 1.032 (0.856), eta: 0:32:39, mem: 16625M
[08/21 11:06:33][INFO] trainer.py:  77: iter: 009720, lr: 0.00010, loss: 0.826830 (1.089881), tok1: 98.750 (90.910), tok5: 99.688 (96.843), time: 0.895 (0.856), eta: 0:32:30, mem: 16625M
[08/21 11:06:40][INFO] trainer.py:  77: iter: 009730, lr: 0.00010, loss: 0.837904 (1.089622), tok1: 98.125 (90.917), tok5: 99.688 (96.845), time: 0.724 (0.855), eta: 0:32:21, mem: 16625M
[08/21 11:06:49][INFO] trainer.py:  77: iter: 009740, lr: 0.00010, loss: 0.857187 (1.089384), tok1: 97.188 (90.923), tok5: 99.531 (96.848), time: 0.928 (0.856), eta: 0:32:13, mem: 16625M
[08/21 11:06:57][INFO] trainer.py:  77: iter: 009750, lr: 0.00010, loss: 0.848887 (1.089137), tok1: 97.812 (90.931), tok5: 99.688 (96.851), time: 0.725 (0.855), eta: 0:32:04, mem: 16625M
[08/21 11:07:06][INFO] trainer.py:  77: iter: 009760, lr: 0.00010, loss: 0.857692 (1.088900), tok1: 97.812 (90.938), tok5: 99.219 (96.854), time: 0.936 (0.855), eta: 0:31:56, mem: 16625M
[08/21 11:07:15][INFO] trainer.py:  77: iter: 009770, lr: 0.00010, loss: 0.841572 (1.088647), tok1: 98.438 (90.945), tok5: 99.688 (96.856), time: 0.893 (0.856), eta: 0:31:47, mem: 16625M
[08/21 11:07:22][INFO] trainer.py:  77: iter: 009780, lr: 0.00010, loss: 0.874587 (1.088428), tok1: 96.406 (90.951), tok5: 99.375 (96.859), time: 0.722 (0.855), eta: 0:31:38, mem: 16625M
[08/21 11:07:32][INFO] trainer.py:  77: iter: 009790, lr: 0.00010, loss: 0.862483 (1.088197), tok1: 97.656 (90.958), tok5: 99.219 (96.861), time: 0.940 (0.855), eta: 0:31:30, mem: 16625M
[08/21 11:07:41][INFO] trainer.py:  77: iter: 009800, lr: 0.00010, loss: 0.843768 (1.087948), tok1: 97.969 (90.965), tok5: 99.688 (96.864), time: 0.892 (0.855), eta: 0:31:22, mem: 16625M
[08/21 11:07:48][INFO] trainer.py:  77: iter: 009810, lr: 0.00010, loss: 0.882020 (1.087738), tok1: 96.719 (90.971), tok5: 99.688 (96.867), time: 0.726 (0.855), eta: 0:31:13, mem: 16625M
[08/21 11:07:58][INFO] trainer.py:  77: iter: 009820, lr: 0.00010, loss: 0.867126 (1.087513), tok1: 97.656 (90.978), tok5: 99.375 (96.870), time: 1.009 (0.856), eta: 0:31:05, mem: 16625M
[08/21 11:08:05][INFO] trainer.py:  77: iter: 009830, lr: 0.00010, loss: 0.856413 (1.087278), tok1: 97.812 (90.985), tok5: 99.375 (96.872), time: 0.722 (0.855), eta: 0:30:56, mem: 16625M
[08/21 11:08:14][INFO] trainer.py:  77: iter: 009840, lr: 0.00010, loss: 0.872339 (1.087060), tok1: 97.500 (90.991), tok5: 99.219 (96.875), time: 0.900 (0.855), eta: 0:30:47, mem: 16625M
[08/21 11:08:23][INFO] trainer.py:  77: iter: 009850, lr: 0.00010, loss: 0.860919 (1.086830), tok1: 97.344 (90.998), tok5: 99.688 (96.878), time: 0.880 (0.855), eta: 0:30:39, mem: 16625M
[08/21 11:08:30][INFO] trainer.py:  77: iter: 009860, lr: 0.00010, loss: 0.844023 (1.086584), tok1: 98.125 (91.005), tok5: 99.531 (96.880), time: 0.721 (0.855), eta: 0:30:30, mem: 16625M
[08/21 11:08:39][INFO] trainer.py:  77: iter: 009870, lr: 0.00010, loss: 0.853993 (1.086348), tok1: 97.656 (91.012), tok5: 99.375 (96.883), time: 0.841 (0.855), eta: 0:30:21, mem: 16625M
[08/21 11:08:49][INFO] trainer.py:  77: iter: 009880, lr: 0.00010, loss: 0.831372 (1.086090), tok1: 99.219 (91.020), tok5: 99.844 (96.886), time: 1.021 (0.855), eta: 0:30:13, mem: 16625M
[08/21 11:08:56][INFO] trainer.py:  77: iter: 009890, lr: 0.00010, loss: 0.853957 (1.085855), tok1: 97.500 (91.026), tok5: 99.844 (96.889), time: 0.724 (0.855), eta: 0:30:04, mem: 16625M
[08/21 11:09:05][INFO] trainer.py:  77: iter: 009900, lr: 0.00010, loss: 0.841295 (1.085608), tok1: 98.594 (91.034), tok5: 99.688 (96.892), time: 0.927 (0.855), eta: 0:29:56, mem: 16625M
[08/21 11:09:12][INFO] trainer.py:  77: iter: 009910, lr: 0.00010, loss: 0.838670 (1.085359), tok1: 98.594 (91.042), tok5: 100.000 (96.895), time: 0.724 (0.855), eta: 0:29:47, mem: 16625M
[08/21 11:09:20][INFO] trainer.py:  77: iter: 009920, lr: 0.00010, loss: 0.847998 (1.085120), tok1: 97.897 (91.049), tok5: 99.688 (96.897), time: 0.743 (0.855), eta: 0:29:38, mem: 16625M
[08/21 11:09:29][INFO] trainer.py:  77: iter: 009930, lr: 0.00010, loss: 0.839498 (1.084873), tok1: 98.125 (91.056), tok5: 99.688 (96.900), time: 0.939 (0.855), eta: 0:29:30, mem: 16625M
[08/21 11:09:36][INFO] trainer.py:  77: iter: 009940, lr: 0.00010, loss: 0.862147 (1.084649), tok1: 97.188 (91.062), tok5: 99.375 (96.903), time: 0.721 (0.855), eta: 0:29:21, mem: 16625M
[08/21 11:09:45][INFO] trainer.py:  77: iter: 009950, lr: 0.00010, loss: 0.897624 (1.084461), tok1: 95.781 (91.067), tok5: 98.750 (96.905), time: 0.837 (0.855), eta: 0:29:12, mem: 16625M
[08/21 11:09:54][INFO] trainer.py:  77: iter: 009960, lr: 0.00010, loss: 0.887054 (1.084262), tok1: 96.406 (91.072), tok5: 99.375 (96.907), time: 0.875 (0.855), eta: 0:29:04, mem: 16625M
[08/21 11:10:01][INFO] trainer.py:  77: iter: 009970, lr: 0.00010, loss: 0.858903 (1.084036), tok1: 97.500 (91.078), tok5: 99.688 (96.910), time: 0.721 (0.855), eta: 0:28:55, mem: 16625M
[08/21 11:10:10][INFO] trainer.py:  77: iter: 009980, lr: 0.00010, loss: 0.848421 (1.083800), tok1: 97.812 (91.085), tok5: 99.688 (96.913), time: 0.927 (0.855), eta: 0:28:47, mem: 16625M
[08/21 11:10:17][INFO] trainer.py:  77: iter: 009990, lr: 0.00010, loss: 0.850721 (1.083567), tok1: 98.209 (91.092), tok5: 99.459 (96.915), time: 0.685 (0.855), eta: 0:28:38, mem: 16625M
[08/21 11:10:26][INFO] trainer.py:  77: iter: 010000, lr: 0.00010, loss: 0.859604 (1.083343), tok1: 97.344 (91.099), tok5: 99.531 (96.918), time: 0.948 (0.855), eta: 0:28:29, mem: 16625M
[08/21 11:10:26][INFO] checkpoint.py:  46: Saving checkpoint to outputs/x3d-s_clipgcn_tensor_cs_70_10_20_zsl_40_15_coco17_182/model_010000.pth
[08/21 11:10:27][INFO] inference.py:  51: Evaluating CLIPGCN_TENSOR dataset(399 video clips):
  0%|          | 0/7 [00:00<?, ?it/s] 14%|█▍        | 1/7 [00:04<00:28,  4.77s/it] 29%|██▊       | 2/7 [00:04<00:10,  2.10s/it] 43%|████▎     | 3/7 [00:05<00:04,  1.24s/it] 57%|█████▋    | 4/7 [00:05<00:02,  1.20it/s] 71%|███████▏  | 5/7 [00:05<00:01,  1.63it/s] 86%|████████▌ | 6/7 [00:05<00:00,  2.09it/s]100%|██████████| 7/7 [00:05<00:00,  1.18it/s]
[08/21 11:10:33][INFO] inference.py:  61: 
total - top1 acc: 86.101 top5 acc: 98.601
0   - A001                 - acc: 80.00
1   - A002                 - acc: 90.00
2   - A003                 - acc: 60.00
3   - A004                 - acc: 60.00
4   - A005                 - acc: 90.00
5   - A006                 - acc: 0.0
6   - A007                 - acc: 50.00
7   - A008                 - acc: 0.0
8   - A009                 - acc: 70.00
9   - A010                 - acc: 90.00
10  - A011                 - acc: 0.0
11  - A012                 - acc: 80.00
12  - A013                 - acc: 0.0
13  - A014                 - acc: 60.00
14  - A015                 - acc: 80.00
15  - A016                 - acc: 90.00
16  - A017                 - acc: 80.00
17  - A018                 - acc: 0.0
18  - A019                 - acc: 0.0
19  - A020                 - acc: 100.00
20  - A021                 - acc: 100.00
21  - A022                 - acc: 0.0
22  - A023                 - acc: 90.00
23  - A024                 - acc: 100.00
24  - A025                 - acc: 0.0
25  - A026                 - acc: 70.00
26  - A027                 - acc: 100.00
27  - A028                 - acc: 90.00
28  - A029                 - acc: 0.0
29  - A030                 - acc: 0.0
30  - A031                 - acc: 0.0
31  - A032                 - acc: 90.00
32  - A033                 - acc: 70.00
33  - A034                 - acc: 90.00
34  - A035                 - acc: 0.0
35  - A036                 - acc: 100.00
36  - A037                 - acc: 70.00
37  - A038                 - acc: 60.00
38  - A039                 - acc: 100.00
39  - A040                 - acc: 80.00
40  - A041                 - acc: 80.00
41  - A042                 - acc: 100.00
42  - A043                 - acc: 100.00
43  - A044                 - acc: 100.00
44  - A045                 - acc: 90.00
45  - A046                 - acc: 90.00
46  - A047                 - acc: 0.0
47  - A048                 - acc: 0.0
48  - A049                 - acc: 90.00
49  - A050                 - acc: 77.78
50  - A051                 - acc: 90.00
51  - A052                 - acc: 100.00
52  - A053                 - acc: 100.00
53  - A054                 - acc: 0.0
54  - A055                 - acc: 100.00

[08/21 11:10:40][INFO] trainer.py:  77: iter: 010010, lr: 0.00010, loss: 0.857662 (1.083117), tok1: 97.031 (91.104), tok5: 99.688 (96.921), time: 1.366 (0.855), eta: 0:28:22, mem: 16625M
[08/21 11:10:47][INFO] trainer.py:  77: iter: 010020, lr: 0.00010, loss: 0.877505 (1.082912), tok1: 97.188 (91.111), tok5: 99.062 (96.923), time: 0.731 (0.855), eta: 0:28:13, mem: 16625M
[08/21 11:10:55][INFO] trainer.py:  77: iter: 010030, lr: 0.00010, loss: 0.849269 (1.082679), tok1: 98.125 (91.118), tok5: 99.688 (96.926), time: 0.744 (0.855), eta: 0:28:04, mem: 16625M
[08/21 11:11:04][INFO] trainer.py:  77: iter: 010040, lr: 0.00010, loss: 0.866737 (1.082464), tok1: 97.188 (91.124), tok5: 99.688 (96.928), time: 0.964 (0.855), eta: 0:27:56, mem: 16625M
[08/21 11:11:12][INFO] trainer.py:  77: iter: 010050, lr: 0.00010, loss: 0.870377 (1.082253), tok1: 97.500 (91.130), tok5: 98.906 (96.930), time: 0.725 (0.855), eta: 0:27:47, mem: 16625M
[08/21 11:11:21][INFO] trainer.py:  77: iter: 010060, lr: 0.00010, loss: 0.850889 (1.082023), tok1: 97.500 (91.136), tok5: 99.531 (96.933), time: 0.905 (0.855), eta: 0:27:39, mem: 16625M
[08/21 11:11:28][INFO] trainer.py:  77: iter: 010070, lr: 0.00010, loss: 0.848900 (1.081792), tok1: 98.125 (91.143), tok5: 100.000 (96.936), time: 0.680 (0.855), eta: 0:27:30, mem: 16625M
[08/21 11:11:37][INFO] trainer.py:  77: iter: 010080, lr: 0.00010, loss: 0.861624 (1.081573), tok1: 96.875 (91.149), tok5: 99.531 (96.938), time: 0.952 (0.855), eta: 0:27:21, mem: 16625M
[08/21 11:11:46][INFO] trainer.py:  77: iter: 010090, lr: 0.00010, loss: 0.867523 (1.081361), tok1: 97.188 (91.155), tok5: 99.219 (96.941), time: 0.923 (0.855), eta: 0:27:13, mem: 16625M
[08/21 11:11:54][INFO] trainer.py:  77: iter: 010100, lr: 0.00010, loss: 0.850752 (1.081133), tok1: 97.812 (91.161), tok5: 99.688 (96.943), time: 0.727 (0.855), eta: 0:27:04, mem: 16625M
[08/21 11:12:03][INFO] trainer.py:  77: iter: 010110, lr: 0.00010, loss: 0.866805 (1.080921), tok1: 97.969 (91.168), tok5: 99.375 (96.946), time: 0.912 (0.855), eta: 0:26:56, mem: 16625M
[08/21 11:12:11][INFO] trainer.py:  77: iter: 010120, lr: 0.00010, loss: 0.840929 (1.080684), tok1: 97.812 (91.175), tok5: 99.531 (96.948), time: 0.872 (0.855), eta: 0:26:47, mem: 16625M
[08/21 11:12:19][INFO] trainer.py:  77: iter: 010130, lr: 0.00010, loss: 0.851628 (1.080458), tok1: 97.812 (91.181), tok5: 99.531 (96.951), time: 0.730 (0.855), eta: 0:26:39, mem: 16625M
[08/21 11:12:27][INFO] trainer.py:  77: iter: 010140, lr: 0.00010, loss: 0.847265 (1.080228), tok1: 97.584 (91.188), tok5: 99.844 (96.954), time: 0.835 (0.855), eta: 0:26:30, mem: 16625M
[08/21 11:12:34][INFO] trainer.py:  77: iter: 010150, lr: 0.00010, loss: 0.856024 (1.080007), tok1: 98.438 (91.195), tok5: 99.062 (96.956), time: 0.724 (0.855), eta: 0:26:21, mem: 16625M
[08/21 11:12:43][INFO] trainer.py:  77: iter: 010160, lr: 0.00010, loss: 0.859869 (1.079790), tok1: 97.969 (91.201), tok5: 99.375 (96.958), time: 0.902 (0.855), eta: 0:26:13, mem: 16625M
[08/21 11:12:53][INFO] trainer.py:  77: iter: 010170, lr: 0.00010, loss: 0.858524 (1.079572), tok1: 97.656 (91.208), tok5: 99.375 (96.961), time: 0.938 (0.855), eta: 0:26:04, mem: 16625M
[08/21 11:13:00][INFO] trainer.py:  77: iter: 010180, lr: 0.00010, loss: 0.868539 (1.079365), tok1: 97.812 (91.214), tok5: 99.375 (96.963), time: 0.737 (0.855), eta: 0:25:56, mem: 16625M
[08/21 11:13:11][INFO] trainer.py:  77: iter: 010190, lr: 0.00010, loss: 0.848366 (1.079139), tok1: 97.812 (91.221), tok5: 99.688 (96.966), time: 1.108 (0.855), eta: 0:25:47, mem: 16625M
[08/21 11:13:21][INFO] trainer.py:  77: iter: 010200, lr: 0.00010, loss: 0.851066 (1.078915), tok1: 98.125 (91.228), tok5: 99.688 (96.968), time: 1.027 (0.855), eta: 0:25:39, mem: 16625M
[08/21 11:13:29][INFO] trainer.py:  77: iter: 010210, lr: 0.00010, loss: 0.857364 (1.078698), tok1: 97.500 (91.234), tok5: 99.375 (96.971), time: 0.728 (0.855), eta: 0:25:30, mem: 16625M
[08/21 11:13:38][INFO] trainer.py:  77: iter: 010220, lr: 0.00010, loss: 0.858676 (1.078483), tok1: 97.272 (91.240), tok5: 99.688 (96.973), time: 0.905 (0.855), eta: 0:25:22, mem: 16625M
[08/21 11:13:45][INFO] trainer.py:  77: iter: 010230, lr: 0.00010, loss: 0.865007 (1.078274), tok1: 97.656 (91.246), tok5: 99.375 (96.976), time: 0.732 (0.855), eta: 0:25:13, mem: 16625M
[08/21 11:13:55][INFO] trainer.py:  77: iter: 010240, lr: 0.00010, loss: 0.844243 (1.078045), tok1: 98.281 (91.253), tok5: 99.531 (96.978), time: 1.004 (0.855), eta: 0:25:05, mem: 16625M
[08/21 11:14:03][INFO] trainer.py:  77: iter: 010250, lr: 0.00010, loss: 0.842970 (1.077816), tok1: 97.812 (91.259), tok5: 99.688 (96.981), time: 0.837 (0.855), eta: 0:24:56, mem: 16625M
[08/21 11:14:11][INFO] trainer.py:  77: iter: 010260, lr: 0.00010, loss: 0.859346 (1.077603), tok1: 97.656 (91.265), tok5: 99.688 (96.983), time: 0.721 (0.855), eta: 0:24:47, mem: 16625M
[08/21 11:14:20][INFO] trainer.py:  77: iter: 010270, lr: 0.00010, loss: 0.871439 (1.077402), tok1: 96.719 (91.271), tok5: 99.375 (96.986), time: 0.899 (0.855), eta: 0:24:39, mem: 16625M
[08/21 11:14:29][INFO] trainer.py:  77: iter: 010280, lr: 0.00010, loss: 0.844855 (1.077176), tok1: 97.969 (91.277), tok5: 99.531 (96.988), time: 0.908 (0.855), eta: 0:24:31, mem: 16625M
[08/21 11:14:36][INFO] trainer.py:  77: iter: 010290, lr: 0.00010, loss: 0.846237 (1.076952), tok1: 97.440 (91.283), tok5: 99.844 (96.991), time: 0.689 (0.855), eta: 0:24:22, mem: 16625M
[08/21 11:14:44][INFO] trainer.py:  77: iter: 010300, lr: 0.00010, loss: 0.856727 (1.076738), tok1: 97.344 (91.289), tok5: 99.375 (96.993), time: 0.846 (0.855), eta: 0:24:13, mem: 16625M
[08/21 11:14:51][INFO] trainer.py:  77: iter: 010310, lr: 0.00010, loss: 0.860675 (1.076528), tok1: 97.031 (91.295), tok5: 99.688 (96.996), time: 0.724 (0.855), eta: 0:24:04, mem: 16625M
[08/21 11:15:01][INFO] trainer.py:  77: iter: 010320, lr: 0.00010, loss: 0.845568 (1.076305), tok1: 98.125 (91.301), tok5: 99.688 (96.999), time: 0.921 (0.855), eta: 0:23:56, mem: 16625M
[08/21 11:15:10][INFO] trainer.py:  77: iter: 010330, lr: 0.00010, loss: 0.859768 (1.076095), tok1: 97.656 (91.307), tok5: 99.531 (97.001), time: 0.932 (0.855), eta: 0:23:48, mem: 16625M
[08/21 11:15:17][INFO] trainer.py:  77: iter: 010340, lr: 0.00010, loss: 0.873952 (1.075899), tok1: 97.031 (91.313), tok5: 99.844 (97.004), time: 0.724 (0.855), eta: 0:23:39, mem: 16625M
[08/21 11:15:26][INFO] trainer.py:  77: iter: 010350, lr: 0.00010, loss: 0.835377 (1.075667), tok1: 98.750 (91.320), tok5: 99.844 (97.007), time: 0.901 (0.855), eta: 0:23:30, mem: 16625M
[08/21 11:15:34][INFO] trainer.py:  77: iter: 010360, lr: 0.00010, loss: 0.849464 (1.075449), tok1: 97.272 (91.326), tok5: 99.531 (97.009), time: 0.815 (0.855), eta: 0:23:22, mem: 16625M
[08/21 11:15:42][INFO] trainer.py:  77: iter: 010370, lr: 0.00010, loss: 0.842764 (1.075224), tok1: 98.750 (91.333), tok5: 99.688 (97.012), time: 0.726 (0.855), eta: 0:23:13, mem: 16625M
[08/21 11:15:50][INFO] trainer.py:  77: iter: 010380, lr: 0.00010, loss: 0.853479 (1.075011), tok1: 97.188 (91.339), tok5: 99.844 (97.014), time: 0.847 (0.855), eta: 0:23:04, mem: 16625M
[08/21 11:15:57][INFO] trainer.py:  77: iter: 010390, lr: 0.00010, loss: 0.848078 (1.074792), tok1: 98.281 (91.345), tok5: 99.531 (97.017), time: 0.726 (0.855), eta: 0:22:56, mem: 16625M
[08/21 11:16:05][INFO] trainer.py:  77: iter: 010400, lr: 0.00001, loss: 0.858948 (1.074585), tok1: 97.812 (91.352), tok5: 99.375 (97.019), time: 0.804 (0.855), eta: 0:22:47, mem: 16625M
[08/21 11:16:15][INFO] trainer.py:  77: iter: 010410, lr: 0.00001, loss: 0.848649 (1.074368), tok1: 97.656 (91.358), tok5: 99.688 (97.022), time: 1.017 (0.855), eta: 0:22:39, mem: 16625M
[08/21 11:16:23][INFO] trainer.py:  77: iter: 010420, lr: 0.00001, loss: 0.863650 (1.074165), tok1: 97.344 (91.363), tok5: 99.375 (97.024), time: 0.725 (0.855), eta: 0:22:30, mem: 16625M
[08/21 11:16:31][INFO] trainer.py:  77: iter: 010430, lr: 0.00001, loss: 0.864888 (1.073965), tok1: 97.031 (91.369), tok5: 99.375 (97.026), time: 0.858 (0.855), eta: 0:22:21, mem: 16625M
[08/21 11:16:41][INFO] trainer.py:  77: iter: 010440, lr: 0.00001, loss: 0.845027 (1.073746), tok1: 98.438 (91.376), tok5: 99.844 (97.029), time: 1.008 (0.855), eta: 0:22:13, mem: 16625M
[08/21 11:16:49][INFO] trainer.py:  77: iter: 010450, lr: 0.00001, loss: 0.837492 (1.073519), tok1: 98.125 (91.382), tok5: 99.688 (97.031), time: 0.726 (0.855), eta: 0:22:04, mem: 16625M
[08/21 11:16:59][INFO] trainer.py:  77: iter: 010460, lr: 0.00001, loss: 0.854509 (1.073310), tok1: 97.031 (91.387), tok5: 99.844 (97.034), time: 1.041 (0.855), eta: 0:21:56, mem: 16625M
[08/21 11:17:06][INFO] trainer.py:  77: iter: 010470, lr: 0.00001, loss: 0.841195 (1.073088), tok1: 98.594 (91.394), tok5: 99.531 (97.036), time: 0.723 (0.855), eta: 0:21:47, mem: 16625M
[08/21 11:17:16][INFO] trainer.py:  77: iter: 010480, lr: 0.00001, loss: 0.854323 (1.072880), tok1: 97.344 (91.400), tok5: 99.375 (97.039), time: 1.003 (0.855), eta: 0:21:39, mem: 16625M
[08/21 11:17:26][INFO] trainer.py:  77: iter: 010490, lr: 0.00001, loss: 0.842062 (1.072660), tok1: 98.281 (91.407), tok5: 99.688 (97.041), time: 0.954 (0.855), eta: 0:21:31, mem: 16625M
[08/21 11:17:33][INFO] trainer.py:  77: iter: 010500, lr: 0.00001, loss: 0.837149 (1.072435), tok1: 98.125 (91.413), tok5: 99.688 (97.044), time: 0.724 (0.855), eta: 0:21:22, mem: 16625M
[08/21 11:17:33][INFO] checkpoint.py:  46: Saving checkpoint to outputs/x3d-s_clipgcn_tensor_cs_70_10_20_zsl_40_15_coco17_182/model_010500.pth
[08/21 11:17:33][INFO] inference.py:  51: Evaluating CLIPGCN_TENSOR dataset(399 video clips):
  0%|          | 0/7 [00:00<?, ?it/s] 14%|█▍        | 1/7 [00:04<00:29,  4.92s/it] 29%|██▊       | 2/7 [00:05<00:11,  2.35s/it] 43%|████▎     | 3/7 [00:05<00:05,  1.38s/it] 57%|█████▋    | 4/7 [00:05<00:02,  1.09it/s] 71%|███████▏  | 5/7 [00:06<00:01,  1.50it/s] 86%|████████▌ | 6/7 [00:06<00:00,  1.94it/s]100%|██████████| 7/7 [00:06<00:00,  1.09it/s]
[08/21 11:17:40][INFO] inference.py:  61: 
total - top1 acc: 86.548 top5 acc: 98.601
0   - A001                 - acc: 80.00
1   - A002                 - acc: 90.00
2   - A003                 - acc: 60.00
3   - A004                 - acc: 60.00
4   - A005                 - acc: 90.00
5   - A006                 - acc: 0.0
6   - A007                 - acc: 50.00
7   - A008                 - acc: 0.0
8   - A009                 - acc: 70.00
9   - A010                 - acc: 90.00
10  - A011                 - acc: 0.0
11  - A012                 - acc: 80.00
12  - A013                 - acc: 0.0
13  - A014                 - acc: 60.00
14  - A015                 - acc: 80.00
15  - A016                 - acc: 90.00
16  - A017                 - acc: 80.00
17  - A018                 - acc: 0.0
18  - A019                 - acc: 0.0
19  - A020                 - acc: 100.00
20  - A021                 - acc: 100.00
21  - A022                 - acc: 0.0
22  - A023                 - acc: 90.00
23  - A024                 - acc: 100.00
24  - A025                 - acc: 0.0
25  - A026                 - acc: 70.00
26  - A027                 - acc: 100.00
27  - A028                 - acc: 90.00
28  - A029                 - acc: 0.0
29  - A030                 - acc: 0.0
30  - A031                 - acc: 0.0
31  - A032                 - acc: 90.00
32  - A033                 - acc: 70.00
33  - A034                 - acc: 90.00
34  - A035                 - acc: 0.0
35  - A036                 - acc: 100.00
36  - A037                 - acc: 70.00
37  - A038                 - acc: 70.00
38  - A039                 - acc: 100.00
39  - A040                 - acc: 80.00
40  - A041                 - acc: 80.00
41  - A042                 - acc: 100.00
42  - A043                 - acc: 100.00
43  - A044                 - acc: 100.00
44  - A045                 - acc: 90.00
45  - A046                 - acc: 90.00
46  - A047                 - acc: 0.0
47  - A048                 - acc: 0.0
48  - A049                 - acc: 90.00
49  - A050                 - acc: 88.89
50  - A051                 - acc: 90.00
51  - A052                 - acc: 100.00
52  - A053                 - acc: 100.00
53  - A054                 - acc: 0.0
54  - A055                 - acc: 100.00

[08/21 11:17:47][INFO] trainer.py:  77: iter: 010510, lr: 0.00001, loss: 0.850808 (1.072224), tok1: 97.656 (91.419), tok5: 99.219 (97.046), time: 1.390 (0.855), eta: 0:21:14, mem: 16625M
[08/21 11:17:54][INFO] trainer.py:  77: iter: 010520, lr: 0.00001, loss: 0.849497 (1.072013), tok1: 98.594 (91.426), tok5: 99.375 (97.048), time: 0.739 (0.855), eta: 0:21:05, mem: 16625M
[08/21 11:18:02][INFO] trainer.py:  77: iter: 010530, lr: 0.00001, loss: 0.876167 (1.071827), tok1: 97.031 (91.431), tok5: 99.219 (97.050), time: 0.731 (0.855), eta: 0:20:57, mem: 16625M
[08/21 11:18:10][INFO] trainer.py:  77: iter: 010540, lr: 0.00001, loss: 0.844394 (1.071611), tok1: 98.125 (91.437), tok5: 99.375 (97.052), time: 0.858 (0.855), eta: 0:20:48, mem: 16625M
[08/21 11:18:18][INFO] trainer.py:  77: iter: 010550, lr: 0.00001, loss: 0.849382 (1.071400), tok1: 97.656 (91.443), tok5: 99.844 (97.055), time: 0.731 (0.855), eta: 0:20:39, mem: 16625M
[08/21 11:18:29][INFO] trainer.py:  77: iter: 010560, lr: 0.00001, loss: 0.868086 (1.071208), tok1: 97.344 (91.449), tok5: 99.531 (97.057), time: 1.121 (0.855), eta: 0:20:31, mem: 16625M
[08/21 11:18:38][INFO] trainer.py:  77: iter: 010570, lr: 0.00001, loss: 0.867638 (1.071015), tok1: 97.344 (91.454), tok5: 99.531 (97.060), time: 0.896 (0.855), eta: 0:20:23, mem: 16625M
[08/21 11:18:45][INFO] trainer.py:  77: iter: 010580, lr: 0.00001, loss: 0.852264 (1.070808), tok1: 97.656 (91.460), tok5: 100.000 (97.062), time: 0.730 (0.855), eta: 0:20:14, mem: 16625M
[08/21 11:18:55][INFO] trainer.py:  77: iter: 010590, lr: 0.00001, loss: 0.836340 (1.070587), tok1: 99.062 (91.467), tok5: 99.844 (97.065), time: 0.971 (0.855), eta: 0:20:06, mem: 16625M
[08/21 11:19:05][INFO] trainer.py:  77: iter: 010600, lr: 0.00001, loss: 0.844477 (1.070374), tok1: 98.281 (91.474), tok5: 99.531 (97.067), time: 0.976 (0.855), eta: 0:19:57, mem: 16625M
[08/21 11:19:12][INFO] trainer.py:  77: iter: 010610, lr: 0.00001, loss: 0.848054 (1.070164), tok1: 97.188 (91.479), tok5: 99.688 (97.070), time: 0.726 (0.855), eta: 0:19:48, mem: 16625M
[08/21 11:19:21][INFO] trainer.py:  77: iter: 010620, lr: 0.00001, loss: 0.852863 (1.069960), tok1: 97.500 (91.485), tok5: 99.688 (97.072), time: 0.905 (0.855), eta: 0:19:40, mem: 16625M
[08/21 11:19:28][INFO] trainer.py:  77: iter: 010630, lr: 0.00001, loss: 0.843379 (1.069746), tok1: 98.125 (91.491), tok5: 99.688 (97.075), time: 0.721 (0.855), eta: 0:19:31, mem: 16625M
[08/21 11:19:36][INFO] trainer.py:  77: iter: 010640, lr: 0.00001, loss: 0.841894 (1.069532), tok1: 98.125 (91.497), tok5: 99.688 (97.077), time: 0.755 (0.855), eta: 0:19:23, mem: 16625M
[08/21 11:19:46][INFO] trainer.py:  77: iter: 010650, lr: 0.00001, loss: 0.859352 (1.069335), tok1: 97.500 (91.503), tok5: 99.375 (97.079), time: 1.035 (0.855), eta: 0:19:14, mem: 16625M
[08/21 11:19:53][INFO] trainer.py:  77: iter: 010660, lr: 0.00001, loss: 0.845509 (1.069125), tok1: 98.053 (91.509), tok5: 99.459 (97.082), time: 0.703 (0.855), eta: 0:19:05, mem: 16625M
[08/21 11:20:03][INFO] trainer.py:  77: iter: 010670, lr: 0.00001, loss: 0.862413 (1.068931), tok1: 97.344 (91.515), tok5: 99.844 (97.084), time: 0.959 (0.855), eta: 0:18:57, mem: 16625M
[08/21 11:20:11][INFO] trainer.py:  77: iter: 010680, lr: 0.00001, loss: 0.846714 (1.068723), tok1: 97.812 (91.521), tok5: 99.688 (97.087), time: 0.840 (0.855), eta: 0:18:48, mem: 16625M
[08/21 11:20:18][INFO] trainer.py:  77: iter: 010690, lr: 0.00001, loss: 0.839477 (1.068509), tok1: 97.969 (91.527), tok5: 99.844 (97.089), time: 0.730 (0.855), eta: 0:18:40, mem: 16625M
[08/21 11:20:28][INFO] trainer.py:  77: iter: 010700, lr: 0.00001, loss: 0.868468 (1.068322), tok1: 96.875 (91.532), tok5: 99.375 (97.091), time: 0.990 (0.855), eta: 0:18:31, mem: 16625M
[08/21 11:20:35][INFO] trainer.py:  77: iter: 010710, lr: 0.00001, loss: 0.839321 (1.068108), tok1: 98.906 (91.539), tok5: 99.688 (97.094), time: 0.726 (0.855), eta: 0:18:23, mem: 16625M
[08/21 11:20:45][INFO] trainer.py:  77: iter: 010720, lr: 0.00001, loss: 0.857226 (1.067911), tok1: 97.188 (91.544), tok5: 99.531 (97.096), time: 0.913 (0.855), eta: 0:18:14, mem: 16625M
[08/21 11:20:53][INFO] trainer.py:  77: iter: 010730, lr: 0.00001, loss: 0.861035 (1.067718), tok1: 96.719 (91.549), tok5: 99.844 (97.099), time: 0.814 (0.855), eta: 0:18:06, mem: 16625M
[08/21 11:21:00][INFO] trainer.py:  77: iter: 010740, lr: 0.00001, loss: 0.861928 (1.067527), tok1: 98.125 (91.555), tok5: 99.062 (97.100), time: 0.729 (0.855), eta: 0:17:57, mem: 16625M
[08/21 11:21:11][INFO] trainer.py:  77: iter: 010750, lr: 0.00001, loss: 0.856060 (1.067330), tok1: 97.812 (91.561), tok5: 99.062 (97.102), time: 1.071 (0.855), eta: 0:17:49, mem: 16625M
[08/21 11:21:20][INFO] trainer.py:  77: iter: 010760, lr: 0.00001, loss: 0.843531 (1.067122), tok1: 98.438 (91.567), tok5: 99.844 (97.105), time: 0.924 (0.855), eta: 0:17:40, mem: 16625M
[08/21 11:21:27][INFO] trainer.py:  77: iter: 010770, lr: 0.00001, loss: 0.864381 (1.066934), tok1: 97.188 (91.572), tok5: 99.688 (97.107), time: 0.732 (0.855), eta: 0:17:31, mem: 16625M
[08/21 11:21:37][INFO] trainer.py:  77: iter: 010780, lr: 0.00001, loss: 0.842402 (1.066726), tok1: 98.125 (91.578), tok5: 99.844 (97.110), time: 0.955 (0.855), eta: 0:17:23, mem: 16625M
[08/21 11:21:44][INFO] trainer.py:  77: iter: 010790, lr: 0.00001, loss: 0.872893 (1.066546), tok1: 97.031 (91.583), tok5: 99.531 (97.112), time: 0.722 (0.855), eta: 0:17:14, mem: 16625M
[08/21 11:21:54][INFO] trainer.py:  77: iter: 010800, lr: 0.00001, loss: 0.845625 (1.066341), tok1: 98.125 (91.589), tok5: 99.688 (97.114), time: 1.000 (0.855), eta: 0:17:06, mem: 16625M
[08/21 11:22:03][INFO] trainer.py:  77: iter: 010810, lr: 0.00001, loss: 0.880956 (1.066170), tok1: 97.188 (91.595), tok5: 99.062 (97.116), time: 0.920 (0.855), eta: 0:16:57, mem: 16625M
[08/21 11:22:11][INFO] trainer.py:  77: iter: 010820, lr: 0.00001, loss: 0.842612 (1.065963), tok1: 98.125 (91.601), tok5: 99.844 (97.119), time: 0.734 (0.855), eta: 0:16:49, mem: 16625M
[08/21 11:22:20][INFO] trainer.py:  77: iter: 010830, lr: 0.00001, loss: 0.852408 (1.065766), tok1: 97.500 (91.606), tok5: 99.688 (97.121), time: 0.942 (0.855), eta: 0:16:40, mem: 16625M
[08/21 11:22:30][INFO] trainer.py:  77: iter: 010840, lr: 0.00001, loss: 0.865613 (1.065581), tok1: 97.812 (91.612), tok5: 99.688 (97.123), time: 0.966 (0.855), eta: 0:16:32, mem: 16625M
[08/21 11:22:37][INFO] trainer.py:  77: iter: 010850, lr: 0.00001, loss: 0.859430 (1.065391), tok1: 97.656 (91.617), tok5: 99.688 (97.126), time: 0.723 (0.855), eta: 0:16:23, mem: 16625M
[08/21 11:22:46][INFO] trainer.py:  77: iter: 010860, lr: 0.00001, loss: 0.868438 (1.065210), tok1: 97.188 (91.622), tok5: 99.531 (97.128), time: 0.900 (0.855), eta: 0:16:15, mem: 16625M
[08/21 11:22:53][INFO] trainer.py:  77: iter: 010870, lr: 0.00001, loss: 0.866831 (1.065028), tok1: 97.500 (91.628), tok5: 99.375 (97.130), time: 0.723 (0.855), eta: 0:16:06, mem: 16625M
[08/21 11:23:01][INFO] trainer.py:  77: iter: 010880, lr: 0.00001, loss: 0.855816 (1.064835), tok1: 97.428 (91.633), tok5: 99.531 (97.132), time: 0.798 (0.855), eta: 0:15:57, mem: 16625M
[08/21 11:23:11][INFO] trainer.py:  77: iter: 010890, lr: 0.00001, loss: 0.861584 (1.064649), tok1: 97.656 (91.639), tok5: 99.062 (97.134), time: 1.023 (0.855), eta: 0:15:49, mem: 16625M
[08/21 11:23:19][INFO] trainer.py:  77: iter: 010900, lr: 0.00001, loss: 0.848669 (1.064450), tok1: 97.812 (91.644), tok5: 99.844 (97.136), time: 0.724 (0.855), eta: 0:15:40, mem: 16625M
[08/21 11:23:27][INFO] trainer.py:  77: iter: 010910, lr: 0.00001, loss: 0.851888 (1.064256), tok1: 97.344 (91.650), tok5: 99.844 (97.139), time: 0.848 (0.855), eta: 0:15:32, mem: 16625M
[08/21 11:23:36][INFO] trainer.py:  77: iter: 010920, lr: 0.00001, loss: 0.815450 (1.064028), tok1: 99.219 (91.657), tok5: 100.000 (97.142), time: 0.892 (0.855), eta: 0:15:23, mem: 16625M
[08/21 11:23:43][INFO] trainer.py:  77: iter: 010930, lr: 0.00001, loss: 0.848439 (1.063831), tok1: 97.500 (91.662), tok5: 99.531 (97.144), time: 0.721 (0.855), eta: 0:15:14, mem: 16625M
[08/21 11:23:51][INFO] trainer.py:  77: iter: 010940, lr: 0.00001, loss: 0.864742 (1.063649), tok1: 97.188 (91.667), tok5: 99.531 (97.146), time: 0.786 (0.855), eta: 0:15:06, mem: 16625M
[08/21 11:23:58][INFO] trainer.py:  77: iter: 010950, lr: 0.00001, loss: 0.881444 (1.063482), tok1: 96.719 (91.672), tok5: 98.750 (97.147), time: 0.724 (0.855), eta: 0:14:57, mem: 16625M
[08/21 11:24:07][INFO] trainer.py:  77: iter: 010960, lr: 0.00001, loss: 0.852098 (1.063289), tok1: 97.272 (91.677), tok5: 99.688 (97.150), time: 0.858 (0.855), eta: 0:14:49, mem: 16625M
[08/21 11:24:15][INFO] trainer.py:  77: iter: 010970, lr: 0.00001, loss: 0.830487 (1.063077), tok1: 98.594 (91.683), tok5: 99.688 (97.152), time: 0.817 (0.855), eta: 0:14:40, mem: 16625M
[08/21 11:24:22][INFO] trainer.py:  77: iter: 010980, lr: 0.00001, loss: 0.858590 (1.062891), tok1: 97.344 (91.688), tok5: 99.531 (97.154), time: 0.731 (0.855), eta: 0:14:31, mem: 16625M
[08/21 11:24:30][INFO] trainer.py:  77: iter: 010990, lr: 0.00001, loss: 0.853701 (1.062701), tok1: 98.125 (91.694), tok5: 99.062 (97.156), time: 0.741 (0.855), eta: 0:14:23, mem: 16625M
[08/21 11:24:39][INFO] trainer.py:  77: iter: 011000, lr: 0.00001, loss: 0.866560 (1.062522), tok1: 97.188 (91.699), tok5: 99.375 (97.158), time: 0.899 (0.855), eta: 0:14:14, mem: 16625M
[08/21 11:24:39][INFO] checkpoint.py:  46: Saving checkpoint to outputs/x3d-s_clipgcn_tensor_cs_70_10_20_zsl_40_15_coco17_182/model_011000.pth
[08/21 11:24:39][INFO] inference.py:  51: Evaluating CLIPGCN_TENSOR dataset(399 video clips):
  0%|          | 0/7 [00:00<?, ?it/s] 14%|█▍        | 1/7 [00:04<00:25,  4.31s/it] 29%|██▊       | 2/7 [00:05<00:11,  2.36s/it] 43%|████▎     | 3/7 [00:05<00:05,  1.38s/it] 57%|█████▋    | 4/7 [00:05<00:02,  1.09it/s] 71%|███████▏  | 5/7 [00:05<00:01,  1.50it/s] 86%|████████▌ | 6/7 [00:06<00:00,  1.94it/s]100%|██████████| 7/7 [00:06<00:00,  1.12it/s]
[08/21 11:24:45][INFO] inference.py:  61: 
total - top1 acc: 86.548 top5 acc: 98.601
0   - A001                 - acc: 70.00
1   - A002                 - acc: 90.00
2   - A003                 - acc: 60.00
3   - A004                 - acc: 60.00
4   - A005                 - acc: 90.00
5   - A006                 - acc: 0.0
6   - A007                 - acc: 50.00
7   - A008                 - acc: 0.0
8   - A009                 - acc: 70.00
9   - A010                 - acc: 90.00
10  - A011                 - acc: 0.0
11  - A012                 - acc: 80.00
12  - A013                 - acc: 0.0
13  - A014                 - acc: 60.00
14  - A015                 - acc: 80.00
15  - A016                 - acc: 90.00
16  - A017                 - acc: 80.00
17  - A018                 - acc: 0.0
18  - A019                 - acc: 0.0
19  - A020                 - acc: 100.00
20  - A021                 - acc: 100.00
21  - A022                 - acc: 0.0
22  - A023                 - acc: 90.00
23  - A024                 - acc: 100.00
24  - A025                 - acc: 0.0
25  - A026                 - acc: 70.00
26  - A027                 - acc: 100.00
27  - A028                 - acc: 90.00
28  - A029                 - acc: 0.0
29  - A030                 - acc: 0.0
30  - A031                 - acc: 0.0
31  - A032                 - acc: 90.00
32  - A033                 - acc: 80.00
33  - A034                 - acc: 90.00
34  - A035                 - acc: 0.0
35  - A036                 - acc: 100.00
36  - A037                 - acc: 70.00
37  - A038                 - acc: 70.00
38  - A039                 - acc: 100.00
39  - A040                 - acc: 80.00
40  - A041                 - acc: 80.00
41  - A042                 - acc: 100.00
42  - A043                 - acc: 100.00
43  - A044                 - acc: 100.00
44  - A045                 - acc: 90.00
45  - A046                 - acc: 90.00
46  - A047                 - acc: 0.0
47  - A048                 - acc: 0.0
48  - A049                 - acc: 90.00
49  - A050                 - acc: 88.89
50  - A051                 - acc: 90.00
51  - A052                 - acc: 100.00
52  - A053                 - acc: 100.00
53  - A054                 - acc: 0.0
54  - A055                 - acc: 100.00

[08/21 11:24:53][INFO] trainer.py:  77: iter: 011010, lr: 0.00001, loss: 0.849756 (1.062329), tok1: 97.969 (91.705), tok5: 99.688 (97.160), time: 1.397 (0.855), eta: 0:14:06, mem: 16625M
[08/21 11:25:00][INFO] trainer.py:  77: iter: 011020, lr: 0.00001, loss: 0.859220 (1.062145), tok1: 98.281 (91.711), tok5: 99.375 (97.162), time: 0.720 (0.855), eta: 0:13:57, mem: 16625M
[08/21 11:25:07][INFO] trainer.py:  77: iter: 011030, lr: 0.00001, loss: 0.849226 (1.061952), tok1: 97.668 (91.716), tok5: 100.000 (97.165), time: 0.685 (0.855), eta: 0:13:49, mem: 16625M
[08/21 11:25:14][INFO] trainer.py:  77: iter: 011040, lr: 0.00001, loss: 0.854300 (1.061764), tok1: 97.812 (91.722), tok5: 99.219 (97.167), time: 0.727 (0.855), eta: 0:13:40, mem: 16625M
[08/21 11:25:21][INFO] trainer.py:  77: iter: 011050, lr: 0.00001, loss: 0.853750 (1.061575), tok1: 97.656 (91.727), tok5: 99.375 (97.169), time: 0.728 (0.855), eta: 0:13:31, mem: 16625M
[08/21 11:25:29][INFO] trainer.py:  77: iter: 011060, lr: 0.00001, loss: 0.866431 (1.061399), tok1: 97.812 (91.732), tok5: 99.062 (97.170), time: 0.727 (0.855), eta: 0:13:23, mem: 16625M
[08/21 11:25:38][INFO] trainer.py:  77: iter: 011070, lr: 0.00001, loss: 0.881116 (1.061236), tok1: 96.875 (91.737), tok5: 99.219 (97.172), time: 0.990 (0.855), eta: 0:13:14, mem: 16625M
[08/21 11:25:48][INFO] trainer.py:  77: iter: 011080, lr: 0.00001, loss: 0.857079 (1.061052), tok1: 98.125 (91.743), tok5: 99.219 (97.174), time: 0.938 (0.855), eta: 0:13:06, mem: 16625M
[08/21 11:25:55][INFO] trainer.py:  77: iter: 011090, lr: 0.00001, loss: 0.842597 (1.060855), tok1: 98.281 (91.749), tok5: 99.375 (97.176), time: 0.726 (0.855), eta: 0:12:57, mem: 16625M
[08/21 11:26:03][INFO] trainer.py:  77: iter: 011100, lr: 0.00001, loss: 0.850895 (1.060666), tok1: 97.812 (91.754), tok5: 99.844 (97.178), time: 0.789 (0.855), eta: 0:12:49, mem: 16625M
[08/21 11:26:10][INFO] trainer.py:  77: iter: 011110, lr: 0.00001, loss: 0.881464 (1.060504), tok1: 96.875 (91.759), tok5: 99.219 (97.180), time: 0.722 (0.855), eta: 0:12:40, mem: 16625M
[08/21 11:26:18][INFO] trainer.py:  77: iter: 011120, lr: 0.00001, loss: 0.862295 (1.060326), tok1: 97.656 (91.764), tok5: 99.375 (97.182), time: 0.778 (0.854), eta: 0:12:31, mem: 16625M
[08/21 11:26:25][INFO] trainer.py:  77: iter: 011130, lr: 0.00001, loss: 0.850992 (1.060138), tok1: 97.031 (91.769), tok5: 99.375 (97.184), time: 0.745 (0.854), eta: 0:12:23, mem: 16625M
[08/21 11:26:33][INFO] trainer.py:  77: iter: 011140, lr: 0.00001, loss: 0.846497 (1.059946), tok1: 97.656 (91.774), tok5: 99.688 (97.187), time: 0.730 (0.854), eta: 0:12:14, mem: 16625M
[08/21 11:26:43][INFO] trainer.py:  77: iter: 011150, lr: 0.00001, loss: 0.868091 (1.059774), tok1: 97.188 (91.779), tok5: 99.688 (97.189), time: 1.056 (0.854), eta: 0:12:06, mem: 16625M
[08/21 11:26:55][INFO] trainer.py:  77: iter: 011160, lr: 0.00001, loss: 0.886472 (1.059619), tok1: 95.625 (91.782), tok5: 99.219 (97.191), time: 1.119 (0.855), eta: 0:11:57, mem: 16625M
[08/21 11:27:02][INFO] trainer.py:  77: iter: 011170, lr: 0.00001, loss: 0.852947 (1.059434), tok1: 97.500 (91.788), tok5: 100.000 (97.193), time: 0.723 (0.855), eta: 0:11:49, mem: 16625M
[08/21 11:27:11][INFO] trainer.py:  77: iter: 011180, lr: 0.00001, loss: 0.886259 (1.059279), tok1: 95.793 (91.791), tok5: 99.531 (97.195), time: 0.905 (0.855), eta: 0:11:40, mem: 16625M
[08/21 11:27:18][INFO] trainer.py:  77: iter: 011190, lr: 0.00001, loss: 0.855260 (1.059097), tok1: 97.188 (91.796), tok5: 99.531 (97.197), time: 0.729 (0.854), eta: 0:11:32, mem: 16625M
[08/21 11:27:28][INFO] trainer.py:  77: iter: 011200, lr: 0.00001, loss: 0.864379 (1.058923), tok1: 97.344 (91.801), tok5: 99.219 (97.199), time: 1.023 (0.855), eta: 0:11:23, mem: 16625M
[08/21 11:27:37][INFO] trainer.py:  77: iter: 011210, lr: 0.00001, loss: 0.852957 (1.058739), tok1: 98.281 (91.807), tok5: 99.688 (97.201), time: 0.919 (0.855), eta: 0:11:15, mem: 16625M
[08/21 11:27:45][INFO] trainer.py:  77: iter: 011220, lr: 0.00001, loss: 0.840384 (1.058544), tok1: 98.438 (91.813), tok5: 99.844 (97.204), time: 0.729 (0.855), eta: 0:11:06, mem: 16625M
[08/21 11:27:54][INFO] trainer.py:  77: iter: 011230, lr: 0.00001, loss: 0.853501 (1.058362), tok1: 97.812 (91.818), tok5: 99.219 (97.205), time: 0.909 (0.855), eta: 0:10:58, mem: 16625M
[08/21 11:28:03][INFO] trainer.py:  77: iter: 011240, lr: 0.00001, loss: 0.869761 (1.058194), tok1: 97.188 (91.823), tok5: 99.531 (97.208), time: 0.922 (0.855), eta: 0:10:49, mem: 16625M
[08/21 11:28:10][INFO] trainer.py:  77: iter: 011250, lr: 0.00001, loss: 0.885444 (1.058040), tok1: 96.887 (91.827), tok5: 99.375 (97.209), time: 0.682 (0.855), eta: 0:10:40, mem: 16625M
[08/21 11:28:19][INFO] trainer.py:  77: iter: 011260, lr: 0.00001, loss: 0.834810 (1.057842), tok1: 98.750 (91.833), tok5: 99.844 (97.212), time: 0.922 (0.855), eta: 0:10:32, mem: 16625M
[08/21 11:28:26][INFO] trainer.py:  77: iter: 011270, lr: 0.00001, loss: 0.858295 (1.057665), tok1: 98.125 (91.839), tok5: 99.219 (97.214), time: 0.725 (0.854), eta: 0:10:23, mem: 16625M
[08/21 11:28:35][INFO] trainer.py:  77: iter: 011280, lr: 0.00001, loss: 0.876626 (1.057505), tok1: 96.875 (91.843), tok5: 99.375 (97.215), time: 0.906 (0.854), eta: 0:10:15, mem: 16625M
[08/21 11:28:45][INFO] trainer.py:  77: iter: 011290, lr: 0.00001, loss: 0.876154 (1.057344), tok1: 96.406 (91.847), tok5: 99.375 (97.217), time: 0.969 (0.855), eta: 0:10:06, mem: 16625M
[08/21 11:28:52][INFO] trainer.py:  77: iter: 011300, lr: 0.00001, loss: 0.862866 (1.057172), tok1: 97.031 (91.852), tok5: 99.531 (97.219), time: 0.731 (0.854), eta: 0:09:58, mem: 16625M
[08/21 11:29:01][INFO] trainer.py:  77: iter: 011310, lr: 0.00001, loss: 0.850516 (1.056989), tok1: 97.188 (91.857), tok5: 99.375 (97.221), time: 0.808 (0.854), eta: 0:09:49, mem: 16625M
[08/21 11:29:10][INFO] trainer.py:  77: iter: 011320, lr: 0.00001, loss: 0.840014 (1.056797), tok1: 97.969 (91.862), tok5: 99.844 (97.224), time: 0.927 (0.855), eta: 0:09:41, mem: 16625M
[08/21 11:29:17][INFO] trainer.py:  77: iter: 011330, lr: 0.00001, loss: 0.850302 (1.056615), tok1: 98.125 (91.868), tok5: 99.531 (97.226), time: 0.680 (0.854), eta: 0:09:32, mem: 16625M
[08/21 11:29:24][INFO] trainer.py:  77: iter: 011340, lr: 0.00001, loss: 0.858857 (1.056441), tok1: 98.438 (91.873), tok5: 99.375 (97.228), time: 0.765 (0.854), eta: 0:09:23, mem: 16625M
[08/21 11:29:31][INFO] trainer.py:  77: iter: 011350, lr: 0.00001, loss: 0.856801 (1.056265), tok1: 97.656 (91.879), tok5: 100.000 (97.230), time: 0.726 (0.854), eta: 0:09:15, mem: 16625M
[08/21 11:29:42][INFO] trainer.py:  77: iter: 011360, lr: 0.00001, loss: 0.851798 (1.056085), tok1: 97.656 (91.884), tok5: 99.219 (97.232), time: 1.029 (0.854), eta: 0:09:06, mem: 16625M
[08/21 11:29:51][INFO] trainer.py:  77: iter: 011370, lr: 0.00001, loss: 0.858674 (1.055911), tok1: 97.812 (91.889), tok5: 99.688 (97.234), time: 0.904 (0.854), eta: 0:08:58, mem: 16625M
[08/21 11:29:58][INFO] trainer.py:  77: iter: 011380, lr: 0.00001, loss: 0.875928 (1.055753), tok1: 97.344 (91.894), tok5: 99.531 (97.236), time: 0.736 (0.854), eta: 0:08:49, mem: 16625M
[08/21 11:30:08][INFO] trainer.py:  77: iter: 011390, lr: 0.00001, loss: 0.854188 (1.055576), tok1: 97.656 (91.899), tok5: 99.531 (97.238), time: 1.012 (0.854), eta: 0:08:41, mem: 16625M
[08/21 11:30:17][INFO] trainer.py:  77: iter: 011400, lr: 0.00001, loss: 0.846650 (1.055393), tok1: 97.897 (91.904), tok5: 99.375 (97.240), time: 0.902 (0.854), eta: 0:08:32, mem: 16625M
[08/21 11:30:25][INFO] trainer.py:  77: iter: 011410, lr: 0.00001, loss: 0.846353 (1.055210), tok1: 98.281 (91.910), tok5: 99.844 (97.242), time: 0.727 (0.854), eta: 0:08:24, mem: 16625M
[08/21 11:30:33][INFO] trainer.py:  77: iter: 011420, lr: 0.00001, loss: 0.849276 (1.055029), tok1: 97.969 (91.915), tok5: 99.375 (97.244), time: 0.848 (0.854), eta: 0:08:15, mem: 16625M
[08/21 11:30:40][INFO] trainer.py:  77: iter: 011430, lr: 0.00001, loss: 0.851919 (1.054852), tok1: 97.969 (91.920), tok5: 99.688 (97.246), time: 0.727 (0.854), eta: 0:08:06, mem: 16625M
[08/21 11:30:48][INFO] trainer.py:  77: iter: 011440, lr: 0.00001, loss: 0.854191 (1.054676), tok1: 97.812 (91.925), tok5: 99.219 (97.248), time: 0.755 (0.854), eta: 0:07:58, mem: 16625M
[08/21 11:30:56][INFO] trainer.py:  77: iter: 011450, lr: 0.00001, loss: 0.867760 (1.054513), tok1: 96.562 (91.929), tok5: 99.531 (97.250), time: 0.831 (0.854), eta: 0:07:49, mem: 16625M
[08/21 11:31:04][INFO] trainer.py:  77: iter: 011460, lr: 0.00001, loss: 0.847519 (1.054332), tok1: 97.500 (91.934), tok5: 99.688 (97.252), time: 0.732 (0.854), eta: 0:07:41, mem: 16625M
[08/21 11:31:11][INFO] trainer.py:  77: iter: 011470, lr: 0.00001, loss: 0.859309 (1.054162), tok1: 97.356 (91.939), tok5: 99.303 (97.254), time: 0.782 (0.854), eta: 0:07:32, mem: 16625M
[08/21 11:31:23][INFO] trainer.py:  77: iter: 011480, lr: 0.00001, loss: 0.848928 (1.053984), tok1: 97.969 (91.944), tok5: 99.844 (97.256), time: 1.131 (0.854), eta: 0:07:24, mem: 16625M
[08/21 11:31:30][INFO] trainer.py:  77: iter: 011490, lr: 0.00001, loss: 0.871201 (1.053825), tok1: 96.875 (91.948), tok5: 99.688 (97.258), time: 0.721 (0.854), eta: 0:07:15, mem: 16625M
[08/21 11:31:37][INFO] trainer.py:  77: iter: 011500, lr: 0.00001, loss: 0.861366 (1.053657), tok1: 97.031 (91.953), tok5: 99.688 (97.260), time: 0.754 (0.854), eta: 0:07:06, mem: 16625M
[08/21 11:31:37][INFO] checkpoint.py:  46: Saving checkpoint to outputs/x3d-s_clipgcn_tensor_cs_70_10_20_zsl_40_15_coco17_182/model_011500.pth
[08/21 11:31:38][INFO] inference.py:  51: Evaluating CLIPGCN_TENSOR dataset(399 video clips):
  0%|          | 0/7 [00:00<?, ?it/s] 14%|█▍        | 1/7 [00:04<00:26,  4.39s/it] 29%|██▊       | 2/7 [00:05<00:12,  2.41s/it] 43%|████▎     | 3/7 [00:05<00:05,  1.41s/it] 57%|█████▋    | 4/7 [00:05<00:02,  1.07it/s] 71%|███████▏  | 5/7 [00:06<00:01,  1.47it/s] 86%|████████▌ | 6/7 [00:06<00:00,  1.92it/s]100%|██████████| 7/7 [00:06<00:00,  1.10it/s]
[08/21 11:31:44][INFO] inference.py:  61: 
total - top1 acc: 86.324 top5 acc: 98.824
0   - A001                 - acc: 80.00
1   - A002                 - acc: 90.00
2   - A003                 - acc: 60.00
3   - A004                 - acc: 60.00
4   - A005                 - acc: 90.00
5   - A006                 - acc: 0.0
6   - A007                 - acc: 50.00
7   - A008                 - acc: 0.0
8   - A009                 - acc: 70.00
9   - A010                 - acc: 90.00
10  - A011                 - acc: 0.0
11  - A012                 - acc: 80.00
12  - A013                 - acc: 0.0
13  - A014                 - acc: 60.00
14  - A015                 - acc: 80.00
15  - A016                 - acc: 90.00
16  - A017                 - acc: 80.00
17  - A018                 - acc: 0.0
18  - A019                 - acc: 0.0
19  - A020                 - acc: 100.00
20  - A021                 - acc: 100.00
21  - A022                 - acc: 0.0
22  - A023                 - acc: 90.00
23  - A024                 - acc: 100.00
24  - A025                 - acc: 0.0
25  - A026                 - acc: 70.00
26  - A027                 - acc: 100.00
27  - A028                 - acc: 90.00
28  - A029                 - acc: 0.0
29  - A030                 - acc: 0.0
30  - A031                 - acc: 0.0
31  - A032                 - acc: 80.00
32  - A033                 - acc: 80.00
33  - A034                 - acc: 90.00
34  - A035                 - acc: 0.0
35  - A036                 - acc: 100.00
36  - A037                 - acc: 70.00
37  - A038                 - acc: 60.00
38  - A039                 - acc: 100.00
39  - A040                 - acc: 80.00
40  - A041                 - acc: 80.00
41  - A042                 - acc: 100.00
42  - A043                 - acc: 100.00
43  - A044                 - acc: 100.00
44  - A045                 - acc: 90.00
45  - A046                 - acc: 90.00
46  - A047                 - acc: 0.0
47  - A048                 - acc: 0.0
48  - A049                 - acc: 90.00
49  - A050                 - acc: 88.89
50  - A051                 - acc: 90.00
51  - A052                 - acc: 100.00
52  - A053                 - acc: 100.00
53  - A054                 - acc: 0.0
54  - A055                 - acc: 100.00

[08/21 11:31:52][INFO] trainer.py:  77: iter: 011510, lr: 0.00001, loss: 0.843203 (1.053474), tok1: 97.969 (91.958), tok5: 99.688 (97.262), time: 1.424 (0.854), eta: 0:06:58, mem: 16625M
[08/21 11:31:59][INFO] trainer.py:  77: iter: 011520, lr: 0.00001, loss: 0.842148 (1.053291), tok1: 98.125 (91.963), tok5: 99.844 (97.265), time: 0.726 (0.854), eta: 0:06:50, mem: 16625M
[08/21 11:32:06][INFO] trainer.py:  77: iter: 011530, lr: 0.00001, loss: 0.828419 (1.053096), tok1: 98.750 (91.969), tok5: 99.844 (97.267), time: 0.722 (0.854), eta: 0:06:41, mem: 16625M
[08/21 11:32:13][INFO] trainer.py:  77: iter: 011540, lr: 0.00001, loss: 0.827509 (1.052900), tok1: 98.594 (91.975), tok5: 100.000 (97.269), time: 0.721 (0.854), eta: 0:06:32, mem: 16625M
[08/21 11:32:20][INFO] trainer.py:  77: iter: 011550, lr: 0.00001, loss: 0.847245 (1.052722), tok1: 97.981 (91.980), tok5: 99.459 (97.271), time: 0.677 (0.854), eta: 0:06:24, mem: 16625M
[08/21 11:32:27][INFO] trainer.py:  77: iter: 011560, lr: 0.00001, loss: 0.823463 (1.052524), tok1: 98.906 (91.986), tok5: 100.000 (97.273), time: 0.715 (0.854), eta: 0:06:15, mem: 16625M
[08/21 11:32:34][INFO] trainer.py:  77: iter: 011570, lr: 0.00001, loss: 0.849208 (1.052348), tok1: 97.812 (91.991), tok5: 99.844 (97.276), time: 0.715 (0.854), eta: 0:06:07, mem: 16625M
[08/21 11:32:42][INFO] trainer.py:  77: iter: 011580, lr: 0.00001, loss: 0.834389 (1.052160), tok1: 98.594 (91.997), tok5: 99.844 (97.278), time: 0.716 (0.854), eta: 0:05:58, mem: 16625M
[08/21 11:32:49][INFO] trainer.py:  77: iter: 011590, lr: 0.00001, loss: 0.852015 (1.051987), tok1: 96.250 (92.001), tok5: 100.000 (97.280), time: 0.718 (0.853), eta: 0:05:49, mem: 16625M
[08/21 11:32:56][INFO] trainer.py:  77: iter: 011600, lr: 0.00001, loss: 0.882982 (1.051842), tok1: 96.562 (92.005), tok5: 98.750 (97.282), time: 0.721 (0.853), eta: 0:05:41, mem: 16625M
[08/21 11:33:03][INFO] trainer.py:  77: iter: 011610, lr: 0.00001, loss: 0.828037 (1.051649), tok1: 99.219 (92.011), tok5: 99.844 (97.284), time: 0.719 (0.853), eta: 0:05:32, mem: 16625M
[08/21 11:33:10][INFO] trainer.py:  77: iter: 011620, lr: 0.00001, loss: 0.840011 (1.051467), tok1: 98.594 (92.017), tok5: 99.688 (97.286), time: 0.677 (0.853), eta: 0:05:24, mem: 16625M
[08/21 11:33:17][INFO] trainer.py:  77: iter: 011630, lr: 0.00001, loss: 0.858733 (1.051301), tok1: 97.656 (92.021), tok5: 99.375 (97.288), time: 0.716 (0.853), eta: 0:05:15, mem: 16625M
[08/21 11:33:24][INFO] trainer.py:  77: iter: 011640, lr: 0.00001, loss: 0.860707 (1.051137), tok1: 97.812 (92.026), tok5: 99.688 (97.290), time: 0.715 (0.853), eta: 0:05:07, mem: 16625M
[08/21 11:33:31][INFO] trainer.py:  77: iter: 011650, lr: 0.00001, loss: 0.870782 (1.050983), tok1: 97.344 (92.031), tok5: 99.219 (97.291), time: 0.715 (0.853), eta: 0:04:58, mem: 16625M
[08/21 11:33:39][INFO] trainer.py:  77: iter: 011660, lr: 0.00001, loss: 0.865567 (1.050823), tok1: 97.500 (92.036), tok5: 99.219 (97.293), time: 0.716 (0.853), eta: 0:04:49, mem: 16625M
[08/21 11:33:46][INFO] trainer.py:  77: iter: 011670, lr: 0.00001, loss: 0.823537 (1.050629), tok1: 98.594 (92.041), tok5: 100.000 (97.295), time: 0.718 (0.853), eta: 0:04:41, mem: 16625M
[08/21 11:33:53][INFO] trainer.py:  77: iter: 011680, lr: 0.00001, loss: 0.877976 (1.050481), tok1: 97.344 (92.046), tok5: 99.375 (97.297), time: 0.716 (0.852), eta: 0:04:32, mem: 16625M
[08/21 11:34:00][INFO] trainer.py:  77: iter: 011690, lr: 0.00001, loss: 0.861832 (1.050320), tok1: 97.969 (92.051), tok5: 99.062 (97.299), time: 0.718 (0.852), eta: 0:04:24, mem: 16625M
[08/21 11:34:07][INFO] trainer.py:  77: iter: 011700, lr: 0.00001, loss: 0.870308 (1.050166), tok1: 96.719 (92.055), tok5: 99.688 (97.301), time: 0.675 (0.852), eta: 0:04:15, mem: 16625M
[08/21 11:34:14][INFO] trainer.py:  77: iter: 011710, lr: 0.00001, loss: 0.829484 (1.049977), tok1: 98.750 (92.061), tok5: 99.844 (97.303), time: 0.716 (0.852), eta: 0:04:07, mem: 16625M
[08/21 11:34:21][INFO] trainer.py:  77: iter: 011720, lr: 0.00001, loss: 0.867086 (1.049821), tok1: 97.344 (92.065), tok5: 99.219 (97.304), time: 0.718 (0.852), eta: 0:03:58, mem: 16625M
[08/21 11:34:28][INFO] trainer.py:  77: iter: 011730, lr: 0.00001, loss: 0.859834 (1.049659), tok1: 97.656 (92.070), tok5: 99.219 (97.306), time: 0.719 (0.852), eta: 0:03:49, mem: 16625M
[08/21 11:34:35][INFO] trainer.py:  77: iter: 011740, lr: 0.00001, loss: 0.865088 (1.049502), tok1: 97.812 (92.075), tok5: 99.531 (97.308), time: 0.719 (0.852), eta: 0:03:41, mem: 16625M
[08/21 11:34:43][INFO] trainer.py:  77: iter: 011750, lr: 0.00001, loss: 0.867432 (1.049347), tok1: 97.188 (92.079), tok5: 99.219 (97.310), time: 0.718 (0.852), eta: 0:03:32, mem: 16625M
[08/21 11:34:50][INFO] trainer.py:  77: iter: 011760, lr: 0.00001, loss: 0.858155 (1.049184), tok1: 97.969 (92.084), tok5: 99.531 (97.311), time: 0.717 (0.851), eta: 0:03:24, mem: 16625M
[08/21 11:34:57][INFO] trainer.py:  77: iter: 011770, lr: 0.00001, loss: 0.824503 (1.048994), tok1: 98.678 (92.090), tok5: 100.000 (97.314), time: 0.676 (0.851), eta: 0:03:15, mem: 16625M
[08/21 11:35:04][INFO] trainer.py:  77: iter: 011780, lr: 0.00001, loss: 0.835136 (1.048812), tok1: 98.438 (92.095), tok5: 99.688 (97.316), time: 0.718 (0.851), eta: 0:03:07, mem: 16625M
[08/21 11:35:11][INFO] trainer.py:  77: iter: 011790, lr: 0.00001, loss: 0.860063 (1.048652), tok1: 97.656 (92.100), tok5: 99.219 (97.317), time: 0.715 (0.851), eta: 0:02:58, mem: 16625M
[08/21 11:35:18][INFO] trainer.py:  77: iter: 011800, lr: 0.00001, loss: 0.840308 (1.048475), tok1: 98.750 (92.105), tok5: 99.844 (97.320), time: 0.717 (0.851), eta: 0:02:50, mem: 16625M
[08/21 11:35:25][INFO] trainer.py:  77: iter: 011810, lr: 0.00001, loss: 0.850048 (1.048307), tok1: 97.812 (92.110), tok5: 99.531 (97.321), time: 0.716 (0.851), eta: 0:02:41, mem: 16625M
[08/21 11:35:32][INFO] trainer.py:  77: iter: 011820, lr: 0.00001, loss: 0.862692 (1.048150), tok1: 97.188 (92.115), tok5: 99.375 (97.323), time: 0.717 (0.851), eta: 0:02:33, mem: 16625M
[08/21 11:35:40][INFO] trainer.py:  77: iter: 011830, lr: 0.00001, loss: 0.848983 (1.047982), tok1: 97.969 (92.119), tok5: 99.688 (97.325), time: 0.717 (0.851), eta: 0:02:24, mem: 16625M
[08/21 11:35:46][INFO] trainer.py:  77: iter: 011840, lr: 0.00001, loss: 0.870544 (1.047832), tok1: 96.827 (92.123), tok5: 98.762 (97.326), time: 0.673 (0.850), eta: 0:02:16, mem: 16625M
[08/21 11:35:54][INFO] trainer.py:  77: iter: 011850, lr: 0.00001, loss: 0.861896 (1.047675), tok1: 97.656 (92.128), tok5: 98.906 (97.328), time: 0.719 (0.850), eta: 0:02:07, mem: 16625M
[08/21 11:36:01][INFO] trainer.py:  77: iter: 011860, lr: 0.00001, loss: 0.847959 (1.047507), tok1: 98.125 (92.133), tok5: 99.688 (97.330), time: 0.719 (0.850), eta: 0:01:59, mem: 16625M
[08/21 11:36:08][INFO] trainer.py:  77: iter: 011870, lr: 0.00001, loss: 0.853255 (1.047343), tok1: 98.438 (92.139), tok5: 99.531 (97.332), time: 0.717 (0.850), eta: 0:01:50, mem: 16625M
[08/21 11:36:15][INFO] trainer.py:  77: iter: 011880, lr: 0.00001, loss: 0.865482 (1.047190), tok1: 96.875 (92.142), tok5: 98.906 (97.333), time: 0.716 (0.850), eta: 0:01:42, mem: 16625M
[08/21 11:36:22][INFO] trainer.py:  77: iter: 011890, lr: 0.00001, loss: 0.850017 (1.047024), tok1: 97.812 (92.147), tok5: 99.688 (97.335), time: 0.716 (0.850), eta: 0:01:33, mem: 16625M
[08/21 11:36:29][INFO] trainer.py:  77: iter: 011900, lr: 0.00001, loss: 0.855951 (1.046864), tok1: 97.500 (92.152), tok5: 99.688 (97.337), time: 0.718 (0.850), eta: 0:01:24, mem: 16625M
[08/21 11:36:37][INFO] trainer.py:  77: iter: 011910, lr: 0.00001, loss: 0.843703 (1.046693), tok1: 98.438 (92.157), tok5: 99.688 (97.339), time: 0.718 (0.850), eta: 0:01:16, mem: 16625M
[08/21 11:36:43][INFO] trainer.py:  77: iter: 011920, lr: 0.00001, loss: 0.841187 (1.046521), tok1: 98.209 (92.162), tok5: 99.688 (97.341), time: 0.676 (0.850), eta: 0:01:07, mem: 16625M
[08/21 11:36:51][INFO] trainer.py:  77: iter: 011930, lr: 0.00001, loss: 0.841453 (1.046349), tok1: 98.438 (92.167), tok5: 99.531 (97.343), time: 0.721 (0.849), eta: 0:00:59, mem: 16625M
[08/21 11:36:58][INFO] trainer.py:  77: iter: 011940, lr: 0.00001, loss: 0.856417 (1.046190), tok1: 97.188 (92.172), tok5: 99.844 (97.345), time: 0.719 (0.849), eta: 0:00:50, mem: 16625M
[08/21 11:37:05][INFO] trainer.py:  77: iter: 011950, lr: 0.00001, loss: 0.843173 (1.046020), tok1: 97.812 (92.176), tok5: 99.531 (97.347), time: 0.715 (0.849), eta: 0:00:42, mem: 16625M
[08/21 11:37:12][INFO] trainer.py:  77: iter: 011960, lr: 0.00001, loss: 0.844395 (1.045851), tok1: 97.969 (92.181), tok5: 99.219 (97.348), time: 0.716 (0.849), eta: 0:00:33, mem: 16625M
[08/21 11:37:19][INFO] trainer.py:  77: iter: 011970, lr: 0.00001, loss: 0.869930 (1.045704), tok1: 97.031 (92.185), tok5: 99.375 (97.350), time: 0.713 (0.849), eta: 0:00:25, mem: 16625M
[08/21 11:37:26][INFO] trainer.py:  77: iter: 011980, lr: 0.00001, loss: 0.841262 (1.045534), tok1: 97.969 (92.190), tok5: 100.000 (97.352), time: 0.714 (0.849), eta: 0:00:16, mem: 16625M
[08/21 11:37:33][INFO] trainer.py:  77: iter: 011990, lr: 0.00001, loss: 0.871041 (1.045388), tok1: 96.887 (92.194), tok5: 99.531 (97.354), time: 0.672 (0.849), eta: 0:00:08, mem: 16625M
[08/21 11:37:40][INFO] trainer.py:  77: iter: 012000, lr: 0.00001, loss: 0.839584 (1.045217), tok1: 97.969 (92.199), tok5: 99.688 (97.356), time: 0.714 (0.849), eta: 0:00:00, mem: 16625M
[08/21 11:37:40][INFO] checkpoint.py:  46: Saving checkpoint to outputs/x3d-s_clipgcn_tensor_cs_70_10_20_zsl_40_15_coco17_182/model_012000.pth
[08/21 11:37:40][INFO] trainer.py: 112: Start final evaluating...
[08/21 11:37:40][INFO] inference.py:  51: Evaluating CLIPGCN_TENSOR dataset(399 video clips):
  0%|          | 0/7 [00:00<?, ?it/s] 14%|█▍        | 1/7 [00:03<00:20,  3.45s/it] 29%|██▊       | 2/7 [00:03<00:07,  1.55s/it] 43%|████▎     | 3/7 [00:03<00:03,  1.06it/s] 57%|█████▋    | 4/7 [00:04<00:01,  1.53it/s] 71%|███████▏  | 5/7 [00:04<00:00,  2.02it/s] 86%|████████▌ | 6/7 [00:04<00:00,  2.50it/s]100%|██████████| 7/7 [00:04<00:00,  1.53it/s]
[08/21 11:37:45][INFO] inference.py:  61: 
total - top1 acc: 85.655 top5 acc: 98.824
0   - A001                 - acc: 70.00
1   - A002                 - acc: 100.00
2   - A003                 - acc: 60.00
3   - A004                 - acc: 60.00
4   - A005                 - acc: 90.00
5   - A006                 - acc: 0.0
6   - A007                 - acc: 50.00
7   - A008                 - acc: 0.0
8   - A009                 - acc: 70.00
9   - A010                 - acc: 90.00
10  - A011                 - acc: 0.0
11  - A012                 - acc: 80.00
12  - A013                 - acc: 0.0
13  - A014                 - acc: 60.00
14  - A015                 - acc: 80.00
15  - A016                 - acc: 90.00
16  - A017                 - acc: 80.00
17  - A018                 - acc: 0.0
18  - A019                 - acc: 0.0
19  - A020                 - acc: 100.00
20  - A021                 - acc: 100.00
21  - A022                 - acc: 0.0
22  - A023                 - acc: 90.00
23  - A024                 - acc: 100.00
24  - A025                 - acc: 0.0
25  - A026                 - acc: 70.00
26  - A027                 - acc: 100.00
27  - A028                 - acc: 80.00
28  - A029                 - acc: 0.0
29  - A030                 - acc: 0.0
30  - A031                 - acc: 0.0
31  - A032                 - acc: 80.00
32  - A033                 - acc: 70.00
33  - A034                 - acc: 90.00
34  - A035                 - acc: 0.0
35  - A036                 - acc: 100.00
36  - A037                 - acc: 70.00
37  - A038                 - acc: 60.00
38  - A039                 - acc: 100.00
39  - A040                 - acc: 80.00
40  - A041                 - acc: 80.00
41  - A042                 - acc: 100.00
42  - A043                 - acc: 100.00
43  - A044                 - acc: 100.00
44  - A045                 - acc: 90.00
45  - A046                 - acc: 90.00
46  - A047                 - acc: 0.0
47  - A048                 - acc: 0.0
48  - A049                 - acc: 90.00
49  - A050                 - acc: 77.78
50  - A051                 - acc: 90.00
51  - A052                 - acc: 100.00
52  - A053                 - acc: 100.00
53  - A054                 - acc: 0.0
54  - A055                 - acc: 100.00

[08/21 11:37:45][INFO] checkpoint.py:  46: Saving checkpoint to outputs/x3d-s_clipgcn_tensor_cs_70_10_20_zsl_40_15_coco17_182/model_final.pth
[08/21 11:37:45][INFO] trainer.py: 124: Total training time: 2:49:48 (0.8490 s / it)
