[08/21 08:47:21][INFO] train.py:  84: Namespace(config_file='configs/x3d-s_clipgcn_tensor_cross_subject_70_10_20_zsl_50_5_182.yaml', log_step=None, save_step=None, eval_step=None, resume=False, use_tensorboard=True, gpus=-1, nodes=-1, nr=-1, init_method='tcp://localhost:39131', opts=['OUTPUT_DIR', 'outputs/x3d-s_clipgcn_tensor_cs_70_10_20_zsl_45_10_coco17_182', 'DATASETS.TRAIN.DATA_DIR', 'data/clipgcn_tensor_cs_70_10_20_zsl_45_10_coco17', 'DATASETS.TRAIN.ANNOTATION_DIR', 'data/clipgcn_tensor_cs_70_10_20_zsl_45_10_coco17', 'DATASETS.TEST.DATA_DIR', 'data/clipgcn_tensor_cs_70_10_20_zsl_45_10_coco17', 'DATASETS.TEST.ANNOTATION_DIR', 'data/clipgcn_tensor_cs_70_10_20_zsl_45_10_coco17', 'TEST.CHECKPOINT', 'outputs/x3d-s_clipgcn_tensor_cs_70_10_20_zsl_45_10_coco17_182/model_final.pth', 'TEST.OUTPUT_DIR', 'outputs/x3d-s_clipgcn_tensor_cs_70_10_20_zsl_45_10_coco17_182/test'])
[08/21 08:47:55][INFO] train.py:  86: Environment info:
----------------------  ------------------------------------------------------------------------------------
sys.platform            linux
Python                  3.10.19 (main, Oct 21 2025, 16:43:05) [GCC 11.2.0]
numpy                   1.26.4
PyTorch                 2.5.1+cu118 @/root/miniconda3/envs/clipgcn/lib/python3.10/site-packages/torch
PyTorch debug build     False
GPU available           True
GPU 0                   Tesla V100-PCIE-32GB
CUDA_HOME               None
Pillow                  12.0.0
torchvision             0.20.1+cu118 @/root/miniconda3/envs/clipgcn/lib/python3.10/site-packages/torchvision
torchvision arch flags  /root/miniconda3/envs/clipgcn/lib/python3.10/site-packages/torchvision/_C.so
cv2                     4.13.0
----------------------  ------------------------------------------------------------------------------------
PyTorch built with:
  - GCC 9.3
  - C++ Version: 201703
  - Intel(R) oneAPI Math Kernel Library Version 2024.2-Product Build 20240605 for Intel(R) 64 architecture applications
  - Intel(R) MKL-DNN v3.5.3 (Git Hash 66f0cb9eb66affd2da3bf5f8d897376f04aae6af)
  - OpenMP 201511 (a.k.a. OpenMP 4.5)
  - LAPACK is enabled (usually provided by MKL)
  - NNPACK is enabled
  - CPU capability usage: AVX2
  - CUDA Runtime 11.8
  - NVCC architecture flags: -gencode;arch=compute_50,code=sm_50;-gencode;arch=compute_60,code=sm_60;-gencode;arch=compute_70,code=sm_70;-gencode;arch=compute_75,code=sm_75;-gencode;arch=compute_80,code=sm_80;-gencode;arch=compute_86,code=sm_86;-gencode;arch=compute_37,code=sm_37;-gencode;arch=compute_90,code=sm_90
  - CuDNN 90.1
  - Magma 2.6.1
  - Build settings: BLAS_INFO=mkl, BUILD_TYPE=Release, CUDA_VERSION=11.8, CUDNN_VERSION=9.1.0, CXX_COMPILER=/opt/rh/devtoolset-9/root/usr/bin/c++, CXX_FLAGS= -D_GLIBCXX_USE_CXX11_ABI=0 -fabi-version=11 -fvisibility-inlines-hidden -DUSE_PTHREADPOOL -DNDEBUG -DUSE_KINETO -DLIBKINETO_NOROCTRACER -DLIBKINETO_NOXPUPTI=ON -DUSE_FBGEMM -DUSE_PYTORCH_QNNPACK -DUSE_XNNPACK -DSYMBOLICATE_MOBILE_DEBUG_HANDLE -O2 -fPIC -Wall -Wextra -Werror=return-type -Werror=non-virtual-dtor -Werror=bool-operation -Wnarrowing -Wno-missing-field-initializers -Wno-type-limits -Wno-array-bounds -Wno-unknown-pragmas -Wno-unused-parameter -Wno-strict-overflow -Wno-strict-aliasing -Wno-stringop-overflow -Wsuggest-override -Wno-psabi -Wno-error=old-style-cast -Wno-missing-braces -fdiagnostics-color=always -faligned-new -Wno-unused-but-set-variable -Wno-maybe-uninitialized -fno-math-errno -fno-trapping-math -Werror=format -Wno-stringop-overflow, LAPACK_INFO=mkl, PERF_WITH_AVX=1, PERF_WITH_AVX2=1, TORCH_VERSION=2.5.1, USE_CUDA=ON, USE_CUDNN=ON, USE_CUSPARSELT=1, USE_EXCEPTION_PTR=1, USE_GFLAGS=OFF, USE_GLOG=OFF, USE_GLOO=ON, USE_MKL=ON, USE_MKLDNN=ON, USE_MPI=OFF, USE_NCCL=1, USE_NNPACK=ON, USE_OPENMP=ON, USE_ROCM=OFF, USE_ROCM_KERNEL_ASSERT=OFF, 

[08/21 08:47:55][INFO] train.py:  87: Loaded configuration file configs/x3d-s_clipgcn_tensor_cross_subject_70_10_20_zsl_50_5_182.yaml
[08/21 08:47:55][INFO] train.py:  91: 
NUM_GPUS: 1
NUM_NODES: 1
RANK_ID: 0
DIST_BACKEND: "nccl"
RNG_SEED: 1
OUTPUT_DIR: 'outputs/x3d-s_clipgcn_tensor_cs_70_10_20_zsl_50_5_182'
TRAIN:
  MAX_ITER: 12000
  LOG_STEP: 10
  SAVE_STEP: 500
  EVAL_STEP: 500
  RESUME: False
  USE_TENSORBOARD: True
  MIXED_PRECISION: True
TEST:
  CHECKPOINT: 'outputs/x3d-s_clipgcn_tensor_cs_70_10_20_zsl_50_5_182/model_final.pth'
  OUTPUT_DIR: 'outputs/x3d-s_clipgcn_tensor_cs_70_10_20_zsl_50_5_182/test'
  SPLIT: 'test'
DATASETS:
  MODALITY: 'RGB'
  TYPE: 'TensorClip'
  SAMPLE_STRATEGY: 'DenseSample'
  CLIP_LEN: 1
  FRAME_INTERVAL: 6
  NUM_CLIPS: 13
  NUM_SAMPLE_POSITIONS: 1
  TRAIN:
    NAME: 'CLIPGCN_TENSOR'
    DATA_DIR: 'data/clipgcn_tensor_cs_70_10_20_zsl_50_5'
    ANNOTATION_DIR: 'data/clipgcn_tensor_cs_70_10_20_zsl_50_5'
    SPLIT: 1
  TEST:
    NAME: 'CLIPGCN_TENSOR'
    DATA_DIR: 'data/clipgcn_tensor_cs_70_10_20_zsl_50_5'
    ANNOTATION_DIR: 'data/clipgcn_tensor_cs_70_10_20_zsl_50_5'
    SPLIT: 1
    SPLIT_NAME: 'val'
TRANSFORM:
  MEAN: (0.485, 0.456, 0.406)
  STD: (0.229, 0.224, 0.225)
  TRAIN:
    SCALE_JITTER: (182, 228)
    RANDOM_HORIZONTAL_FLIP: True
    COLOR_JITTER: (0.1, 0.1, 0.1, 0.1)
    RANDOM_ROTATION: 10
    RANDOM_CROP: True
    CENTER_CROP: False
    TRAIN_CROP_SIZE: 182
    RANDOM_ERASING: True
    TENSOR_AUGMENTATION: True
    TENSOR_CROP_SCALE: (0.70, 1.0)
    TENSOR_CROP_RATIO: (0.85, 1.15)
    TENSOR_ERASING_PROB: 0.25
    TENSOR_NOISE_STD: 0.01
    TENSOR_RESIZE_SIZE: 182
  TEST:
    SHORTER_SIDE: 182
    CENTER_CROP: True
    THREE_CROP: False
    TEST_CROP_SIZE: 182
    TENSOR_RESIZE_SIZE: 182
DATALOADER:
  TRAIN_BATCH_SIZE: 64
  TEST_BATCH_SIZE: 64
  NUM_WORKERS: 16
  PERSISTENT_WORKERS: True
  PREFETCH_FACTOR: 4
MODEL:
  NAME: 'X3D_S'
  PRETRAINED: 'pretrained/x3d_s.pyth'
  SYNC_BN: False
  CONV_LAYER: 'Conv3d'
  POOL_LAYER: 'MaxPool3d'
  NORM_LAYER: 'BatchNorm3d'
  ACT_LAYER: 'ReLU'
  BACKBONE:
    NAME: 'X3D'
    IN_CHANNELS: 3
    PARTIAL_BN: False
    TORCHVISION_PRETRAINED: False
    ZERO_INIT_RESIDUAL: True
    BASE_CHANNEL: 24
    CONV1_KERNEL: (3, 3, 3)
    CONV1_STRIDE: (1, 2, 2)
    CONV1_PADDING: (1, 1, 1)
    WITH_POOL1: False
    WITH_POOL2: False
    STAGE_BLOCKS: (3, 5, 11, 7)
    RES_PLANES: (54, 108, 216, 432)
    EXPANSION: 0.445
    SPATIAL_STRIDES: (2, 2, 2, 2)
    INFLATES: (1,1,1,1)
    INFLATE_STYLE: '3x3x3'
  HEAD:
    NAME: 'X3DHead'
    FEATURE_DIMS: 192
    DROPOUT: 0.5
    NUM_CLASSES: 55
    CONV5_CHANNELS: 432
    POOL5_KERNEL: (13, 5, 5)
  RECOGNIZER:
    NAME: 'OfficialX3DRecognizer'
  CONSENSU:
    NAME: 'AvgConsensus'
  CRITERION:
    NAME: 'CrossEntropyLoss'
    LABEL_SMOOTHING: 0.1
OPTIMIZER:
  NAME: 'SGD'
  LR: 1e-3
  WEIGHT_DECAY: 1e-4
  SGD:
    MOMENTUM: 0.9
LR_SCHEDULER:
  NAME: 'MultiStepLR'
  IS_WARMUP: True
  GAMMA: 0.1
  MULTISTEP_LR:
    MILESTONES: [ 6000, 10000 ]
  WARMUP:
    ITERATION: 400
    MULTIPLIER: 1.0

[08/21 08:47:55][INFO] train.py:  92: Running with config:
DATALOADER:
  NUM_WORKERS: 16
  PERSISTENT_WORKERS: true
  PREFETCH_FACTOR: 4
  TEST_BATCH_SIZE: 64
  TRAIN_BATCH_SIZE: 64
DATASETS:
  CLIP_LEN: 1
  DECODING_BACKEND: pyav
  ENABLE_MULTI_THREAD_DECODE: false
  FRAME_INTERVAL: 6
  MODALITY: RGB
  NUM_CLIPS: 13
  NUM_SAMPLE_POSITIONS: 1
  SAMPLE_STRATEGY: DenseSample
  TEST:
    ANNOTATION_DIR: data/clipgcn_tensor_cs_70_10_20_zsl_45_10_coco17
    DATA_DIR: data/clipgcn_tensor_cs_70_10_20_zsl_45_10_coco17
    NAME: CLIPGCN_TENSOR
    SPLIT: 1
    SPLIT_NAME: val
  TRAIN:
    ANNOTATION_DIR: data/clipgcn_tensor_cs_70_10_20_zsl_45_10_coco17
    DATA_DIR: data/clipgcn_tensor_cs_70_10_20_zsl_45_10_coco17
    NAME: CLIPGCN_TENSOR
    SPLIT: 1
  TYPE: TensorClip
DIST_BACKEND: nccl
LR_SCHEDULER:
  COSINE_ANNEALING_LR:
    MINIMAL_LR: 0.0003
  GAMMA: 0.1
  IS_WARMUP: true
  MULTISTEP_LR:
    MILESTONES:
    - 6000
    - 10000
  NAME: MultiStepLR
  STEP_LR:
    STEP_SIZE: 10000
  WARMUP:
    ITERATION: 400
    MULTIPLIER: 1.0
MODEL:
  ACT_LAYER: ReLU
  BACKBONE:
    BASE_CHANNEL: 24
    CONV1_KERNEL:
    - 3
    - 3
    - 3
    CONV1_PADDING:
    - 1
    - 1
    - 1
    CONV1_STRIDE:
    - 1
    - 2
    - 2
    EXPANSION: 0.445
    INFLATES:
    - 1
    - 1
    - 1
    - 1
    INFLATE_STYLE: 3x3x3
    IN_CHANNELS: 3
    NAME: X3D
    PARTIAL_BN: false
    POOL1_KERNEL:
    - 3
    - 3
    - 3
    POOL1_STRIDE:
    - 2
    - 2
    - 2
    POOL2_KERNEL:
    - 3
    - 1
    - 1
    POOL2_STRIDE:
    - 2
    - 1
    - 1
    RES_PLANES:
    - 54
    - 108
    - 216
    - 432
    SPATIAL_STRIDES:
    - 2
    - 2
    - 2
    - 2
    STAGE_BLOCKS:
    - 3
    - 5
    - 11
    - 7
    TORCHVISION_PRETRAINED: false
    WITH_POOL1: false
    WITH_POOL2: false
    ZERO_INIT_RESIDUAL: true
  CONSENSU:
    NAME: AvgConsensus
  CONV_LAYER: Conv3d
  CRITERION:
    LABEL_SMOOTHING: 0.1
    NAME: CrossEntropyLoss
  HEAD:
    CONV5_CHANNELS: 432
    DROPOUT: 0.5
    FEATURE_DIMS: 192
    NAME: X3DHead
    NUM_CLASSES: 55
    POOL5_KERNEL:
    - 13
    - 5
    - 5
  NAME: X3D_S
  NORM_LAYER: BatchNorm3d
  POOL_LAYER: MaxPool3d
  PRETRAINED: pretrained/x3d_s.pyth
  RECOGNIZER:
    NAME: OfficialX3DRecognizer
  SYNC_BN: false
NUM_GPUS: 1
NUM_NODES: 1
OPTIMIZER:
  LR: 0.001
  NAME: SGD
  SGD:
    MOMENTUM: 0.9
  WEIGHT_DECAY: 0.0001
OUTPUT_DIR: outputs/x3d-s_clipgcn_tensor_cs_70_10_20_zsl_45_10_coco17_182
RANK_ID: 0
RNG_SEED: 1
TEST:
  CHECKPOINT: outputs/x3d-s_clipgcn_tensor_cs_70_10_20_zsl_45_10_coco17_182/model_final.pth
  OUTPUT_DIR: outputs/x3d-s_clipgcn_tensor_cs_70_10_20_zsl_45_10_coco17_182/test
  SPLIT: test
TRAIN:
  EVAL_STEP: 500
  LOG_STEP: 10
  MAX_ITER: 12000
  MIXED_PRECISION: true
  RESUME: false
  SAVE_STEP: 500
  USE_TENSORBOARD: true
TRANSFORM:
  MEAN:
  - 0.485
  - 0.456
  - 0.406
  STD:
  - 0.229
  - 0.224
  - 0.225
  TEST:
    CENTER_CROP: true
    SHORTER_SIDE: 182
    TENSOR_RESIZE_SIZE: 182
    TEST_CROP_SIZE: 182
    THREE_CROP: false
  TRAIN:
    CENTER_CROP: false
    COLOR_JITTER:
    - 0.1
    - 0.1
    - 0.1
    - 0.1
    RANDOM_CROP: true
    RANDOM_ERASING: true
    RANDOM_HORIZONTAL_FLIP: true
    RANDOM_ROTATION: 10
    SCALE_JITTER:
    - 182
    - 228
    TENSOR_AUGMENTATION: true
    TENSOR_CROP_RATIO:
    - 0.85
    - 1.15
    TENSOR_CROP_SCALE:
    - 0.7
    - 1.0
    TENSOR_ERASING_PROB: 0.25
    TENSOR_NOISE_STD: 0.01
    TENSOR_RESIZE_SIZE: 182
    TRAIN_CROP_SIZE: 182
VISUALIZATION:
  BUFFER_SIZE: 0
  CLIP_VIS_SIZE: 10
  COLORMAP: Pastel2
  COMMON_CLASS_NAMES:
  - watch (a person)
  - talk to (e.g., self, a person, a group)
  - listen to (a person)
  - touch (an object)
  - carry/hold (an object)
  - walk
  - sit
  - lie/sleep
  - bend/bow (at the waist)
  COMMON_CLASS_THRES: 0.7
  DISPLAY_HEIGHT: 0
  DISPLAY_WIDTH: 0
  ENABLE: false
  INPUT_FORMAT: BGR
  INPUT_VIDEO: ''
  LABEL_FILE_PATH: ''
  NUM_CLIPS_SKIP: 0
  NUM_VIS_INSTANCES: 2
  OUTPUT_FILE: ''
  OUTPUT_FPS: -1
  SLOWMO: 1
  THREAD_ENABLE: false
  UNCOMMON_CLASS_THRES: 0.3
  VIS_MODE: thres
  WEBCAM: -1

[08/21 08:47:55][INFO] train.py:  43: init start
[08/21 08:47:56][INFO] build.py:  34: load pretrained: pretrained/x3d_s.pyth
[08/21 08:47:56][INFO] checkpoint.py:  60: Loading checkpoint from pretrained/x3d_s.pyth
/workspace/X3D/tsn/util/checkpoint.py:133: FutureWarning: You are using `torch.load` with `weights_only=False` (the current default value), which uses the default pickle module implicitly. It is possible to construct malicious pickle data which will execute arbitrary code during unpickling (See https://github.com/pytorch/pytorch/blob/main/SECURITY.md#untrusted-models for more details). In a future release, the default value for `weights_only` will be flipped to `True`. This limits the functions that could be executed during unpickling. Arbitrary objects will no longer be allowed to be loaded via this mode unless they are explicitly allowlisted by the user via `torch.serialization.add_safe_globals`. We recommend you start setting `weights_only=True` for any use case where you don't have full control of the loaded file. Please open an issue on GitHub for any issues related to this experimental feature.
  return torch.load(f, map_location=map_location)
[08/21 08:47:56][INFO] checkpoint.py:  91: Skipped 2 incompatible checkpoint tensors: head.projection.weight, head.projection.bias
[08/21 08:47:56][INFO] checkpoint.py:  95: Missing 2 model tensors after checkpoint load: head.projection.weight, head.projection.bias
[08/21 08:47:56][INFO] build.py:  37: finish loading model weights
[08/21 08:47:56][INFO] train.py:  72: init end
/workspace/X3D/tsn/engine/trainer.py:35: FutureWarning: `torch.cuda.amp.GradScaler(args...)` is deprecated. Please use `torch.amp.GradScaler('cuda', args...)` instead.
  scaler = torch.cuda.amp.GradScaler(enabled=use_amp)
[08/21 08:47:57][INFO] trainer.py:  42: Start training ...
/workspace/X3D/tsn/engine/trainer.py:54: FutureWarning: `torch.cuda.amp.autocast(args...)` is deprecated. Please use `torch.amp.autocast('cuda', args...)` instead.
  with torch.cuda.amp.autocast(enabled=use_amp):
[08/21 08:48:34][INFO] trainer.py:  77: iter: 000010, lr: 0.00003, loss: 4.025500 (4.025500), tok1: 1.406 (1.406), tok5: 8.906 (8.906), time: 3.751 (3.751), eta: 12:29:40, mem: 16625M
[08/21 08:48:41][INFO] trainer.py:  77: iter: 000020, lr: 0.00005, loss: 4.022841 (4.024170), tok1: 2.188 (1.797), tok5: 10.000 (9.453), time: 0.722 (2.237), eta: 7:26:37, mem: 16625M
[08/21 08:48:49][INFO] trainer.py:  77: iter: 000030, lr: 0.00008, loss: 4.028955 (4.025765), tok1: 2.188 (1.927), tok5: 8.750 (9.219), time: 0.721 (1.732), eta: 5:45:27, mem: 16625M
[08/21 08:48:56][INFO] trainer.py:  77: iter: 000040, lr: 0.00010, loss: 4.018427 (4.023930), tok1: 2.031 (1.953), tok5: 9.531 (9.297), time: 0.721 (1.479), eta: 4:54:47, mem: 16625M
[08/21 08:49:06][INFO] trainer.py:  77: iter: 000050, lr: 0.00013, loss: 4.012602 (4.021665), tok1: 3.281 (2.219), tok5: 10.156 (9.469), time: 1.029 (1.389), eta: 4:36:38, mem: 16625M
[08/21 08:49:13][INFO] trainer.py:  77: iter: 000060, lr: 0.00015, loss: 3.996218 (4.017424), tok1: 2.500 (2.266), tok5: 11.250 (9.766), time: 0.723 (1.278), eta: 4:14:18, mem: 16625M
[08/21 08:49:27][INFO] trainer.py:  77: iter: 000070, lr: 0.00018, loss: 3.995001 (4.014220), tok1: 1.562 (2.165), tok5: 9.375 (9.710), time: 1.319 (1.284), eta: 4:15:15, mem: 16625M
[08/21 08:49:34][INFO] trainer.py:  77: iter: 000080, lr: 0.00020, loss: 3.993257 (4.011600), tok1: 2.344 (2.188), tok5: 12.500 (10.059), time: 0.725 (1.214), eta: 4:01:11, mem: 16625M
[08/21 08:49:48][INFO] trainer.py:  77: iter: 000090, lr: 0.00023, loss: 3.975323 (4.007569), tok1: 2.572 (2.230), tok5: 13.028 (10.389), time: 1.458 (1.241), eta: 4:06:22, mem: 16625M
[08/21 08:50:01][INFO] trainer.py:  77: iter: 000100, lr: 0.00025, loss: 3.973246 (4.004137), tok1: 3.750 (2.382), tok5: 14.375 (10.787), time: 1.224 (1.239), eta: 4:05:49, mem: 16625M
[08/21 08:50:09][INFO] trainer.py:  77: iter: 000110, lr: 0.00028, loss: 3.965067 (4.000585), tok1: 3.594 (2.492), tok5: 14.375 (11.113), time: 0.816 (1.201), eta: 3:57:59, mem: 16625M
[08/21 08:50:19][INFO] trainer.py:  77: iter: 000120, lr: 0.00030, loss: 3.939337 (3.995481), tok1: 2.969 (2.532), tok5: 17.344 (11.633), time: 1.069 (1.190), eta: 3:55:36, mem: 16625M
[08/21 08:50:31][INFO] trainer.py:  77: iter: 000130, lr: 0.00033, loss: 3.915832 (3.989354), tok1: 3.906 (2.638), tok5: 20.781 (12.336), time: 1.105 (1.183), eta: 3:54:07, mem: 16625M
[08/21 08:50:38][INFO] trainer.py:  77: iter: 000140, lr: 0.00035, loss: 3.901548 (3.983082), tok1: 5.781 (2.862), tok5: 24.219 (13.185), time: 0.723 (1.151), eta: 3:47:25, mem: 16625M
[08/21 08:50:47][INFO] trainer.py:  77: iter: 000150, lr: 0.00038, loss: 3.884914 (3.976538), tok1: 6.562 (3.109), tok5: 24.844 (13.962), time: 0.974 (1.139), eta: 3:44:53, mem: 16625M
[08/21 08:50:55][INFO] trainer.py:  77: iter: 000160, lr: 0.00040, loss: 3.865538 (3.969600), tok1: 9.375 (3.501), tok5: 30.469 (14.994), time: 0.724 (1.113), eta: 3:39:35, mem: 16625M
[08/21 08:51:05][INFO] trainer.py:  77: iter: 000170, lr: 0.00043, loss: 3.844817 (3.962260), tok1: 9.987 (3.882), tok5: 29.139 (15.826), time: 1.029 (1.108), eta: 3:38:26, mem: 16625M
[08/21 08:51:16][INFO] trainer.py:  77: iter: 000180, lr: 0.00045, loss: 3.814675 (3.954061), tok1: 11.875 (4.326), tok5: 38.750 (17.100), time: 1.064 (1.105), eta: 3:37:46, mem: 16625M
[08/21 08:51:23][INFO] trainer.py:  77: iter: 000190, lr: 0.00048, loss: 3.798893 (3.945894), tok1: 15.625 (4.921), tok5: 39.531 (18.280), time: 0.725 (1.085), eta: 3:33:38, mem: 16625M
[08/21 08:51:36][INFO] trainer.py:  77: iter: 000200, lr: 0.00050, loss: 3.773270 (3.937263), tok1: 16.875 (5.519), tok5: 42.344 (19.483), time: 1.305 (1.096), eta: 3:35:37, mem: 16625M
[08/21 08:51:45][INFO] trainer.py:  77: iter: 000210, lr: 0.00053, loss: 3.753981 (3.928535), tok1: 16.406 (6.037), tok5: 45.625 (20.728), time: 0.908 (1.087), eta: 3:33:40, mem: 16625M
[08/21 08:51:52][INFO] trainer.py:  77: iter: 000220, lr: 0.00055, loss: 3.728760 (3.919455), tok1: 18.906 (6.622), tok5: 49.219 (22.023), time: 0.736 (1.071), eta: 3:30:21, mem: 16625M
[08/21 08:52:04][INFO] trainer.py:  77: iter: 000230, lr: 0.00058, loss: 3.698365 (3.909842), tok1: 21.406 (7.265), tok5: 50.156 (23.246), time: 1.197 (1.077), eta: 3:31:14, mem: 16625M
[08/21 08:52:13][INFO] trainer.py:  77: iter: 000240, lr: 0.00060, loss: 3.668660 (3.899793), tok1: 20.938 (7.834), tok5: 50.000 (24.361), time: 0.881 (1.069), eta: 3:29:28, mem: 16625M
[08/21 08:52:20][INFO] trainer.py:  77: iter: 000250, lr: 0.00063, loss: 3.632773 (3.889112), tok1: 23.184 (8.448), tok5: 55.718 (25.615), time: 0.700 (1.054), eta: 3:26:24, mem: 16625M
[08/21 08:52:31][INFO] trainer.py:  77: iter: 000260, lr: 0.00065, loss: 3.598843 (3.877948), tok1: 25.781 (9.115), tok5: 60.469 (26.956), time: 1.109 (1.056), eta: 3:26:38, mem: 16625M
[08/21 08:52:40][INFO] trainer.py:  77: iter: 000270, lr: 0.00068, loss: 3.530303 (3.865072), tok1: 31.094 (9.929), tok5: 64.688 (28.353), time: 0.867 (1.049), eta: 3:25:05, mem: 16625M
[08/21 08:52:48][INFO] trainer.py:  77: iter: 000280, lr: 0.00070, loss: 3.514781 (3.852562), tok1: 28.750 (10.601), tok5: 62.031 (29.556), time: 0.853 (1.042), eta: 3:23:33, mem: 16625M
[08/21 08:52:58][INFO] trainer.py:  77: iter: 000290, lr: 0.00073, loss: 3.471331 (3.839416), tok1: 27.344 (11.179), tok5: 60.312 (30.617), time: 0.937 (1.038), eta: 3:22:40, mem: 16625M
[08/21 08:53:05][INFO] trainer.py:  77: iter: 000300, lr: 0.00075, loss: 3.425634 (3.825623), tok1: 29.219 (11.780), tok5: 65.312 (31.773), time: 0.721 (1.028), eta: 3:20:25, mem: 16625M
[08/21 08:53:15][INFO] trainer.py:  77: iter: 000310, lr: 0.00078, loss: 3.376347 (3.811130), tok1: 32.031 (12.433), tok5: 71.562 (33.057), time: 0.993 (1.027), eta: 3:20:02, mem: 16625M
[08/21 08:53:22][INFO] trainer.py:  77: iter: 000320, lr: 0.00080, loss: 3.268272 (3.794166), tok1: 38.125 (13.236), tok5: 73.281 (34.314), time: 0.723 (1.017), eta: 3:18:01, mem: 16625M
[08/21 08:53:30][INFO] trainer.py:  77: iter: 000330, lr: 0.00083, loss: 3.241558 (3.777420), tok1: 37.812 (13.981), tok5: 75.156 (35.551), time: 0.804 (1.011), eta: 3:16:35, mem: 16625M
[08/21 08:53:40][INFO] trainer.py:  77: iter: 000340, lr: 0.00085, loss: 3.147314 (3.758888), tok1: 38.868 (14.713), tok5: 75.693 (36.732), time: 1.021 (1.011), eta: 3:16:28, mem: 16625M
[08/21 08:53:48][INFO] trainer.py:  77: iter: 000350, lr: 0.00088, loss: 3.101854 (3.740115), tok1: 39.531 (15.422), tok5: 76.562 (37.870), time: 0.766 (1.004), eta: 3:14:57, mem: 16625M
[08/21 08:53:58][INFO] trainer.py:  77: iter: 000360, lr: 0.00090, loss: 2.984644 (3.719130), tok1: 44.219 (16.222), tok5: 79.844 (39.036), time: 0.968 (1.003), eta: 3:14:35, mem: 16625M
[08/21 08:54:07][INFO] trainer.py:  77: iter: 000370, lr: 0.00093, loss: 2.923679 (3.697631), tok1: 44.531 (16.987), tok5: 79.062 (40.118), time: 0.961 (1.002), eta: 3:14:12, mem: 16625M
[08/21 08:54:15][INFO] trainer.py:  77: iter: 000380, lr: 0.00095, loss: 2.839044 (3.675037), tok1: 44.219 (17.704), tok5: 78.594 (41.130), time: 0.721 (0.995), eta: 3:12:36, mem: 16625M
[08/21 08:54:26][INFO] trainer.py:  77: iter: 000390, lr: 0.00098, loss: 2.790078 (3.652346), tok1: 43.125 (18.355), tok5: 81.875 (42.175), time: 1.094 (0.997), eta: 3:12:55, mem: 16625M
[08/21 08:54:33][INFO] trainer.py:  77: iter: 000400, lr: 0.00100, loss: 2.686172 (3.628191), tok1: 45.156 (19.025), tok5: 82.969 (43.195), time: 0.725 (0.990), eta: 3:11:26, mem: 16625M
[08/21 08:54:41][INFO] trainer.py:  77: iter: 000410, lr: 0.00100, loss: 2.582908 (3.602697), tok1: 49.688 (19.773), tok5: 86.875 (44.260), time: 0.777 (0.985), eta: 3:10:16, mem: 16625M
[08/21 08:54:50][INFO] trainer.py:  77: iter: 000420, lr: 0.00100, loss: 2.474667 (3.575839), tok1: 52.821 (20.560), tok5: 85.097 (45.233), time: 0.992 (0.985), eta: 3:10:08, mem: 16625M
[08/21 08:54:58][INFO] trainer.py:  77: iter: 000430, lr: 0.00100, loss: 2.478692 (3.550324), tok1: 52.031 (21.292), tok5: 84.531 (46.146), time: 0.720 (0.979), eta: 3:08:47, mem: 16625M
[08/21 08:55:07][INFO] trainer.py:  77: iter: 000440, lr: 0.00100, loss: 2.364442 (3.523372), tok1: 55.625 (22.072), tok5: 88.281 (47.104), time: 0.932 (0.978), eta: 3:08:25, mem: 16625M
[08/21 08:55:15][INFO] trainer.py:  77: iter: 000450, lr: 0.00100, loss: 2.300002 (3.496186), tok1: 55.312 (22.811), tok5: 87.500 (48.002), time: 0.771 (0.973), eta: 3:07:22, mem: 16625M
[08/21 08:55:22][INFO] trainer.py:  77: iter: 000460, lr: 0.00100, loss: 2.278892 (3.469723), tok1: 57.500 (23.565), tok5: 89.219 (48.898), time: 0.721 (0.968), eta: 3:06:09, mem: 16625M
[08/21 08:55:30][INFO] trainer.py:  77: iter: 000470, lr: 0.00100, loss: 2.196895 (3.442641), tok1: 57.031 (24.277), tok5: 88.438 (49.739), time: 0.804 (0.964), eta: 3:05:19, mem: 16625M
[08/21 08:55:37][INFO] trainer.py:  77: iter: 000480, lr: 0.00100, loss: 2.191260 (3.416571), tok1: 55.938 (24.937), tok5: 89.531 (50.568), time: 0.754 (0.960), eta: 3:04:19, mem: 16625M
[08/21 08:55:48][INFO] trainer.py:  77: iter: 000490, lr: 0.00100, loss: 2.098461 (3.389671), tok1: 57.969 (25.611), tok5: 90.781 (51.389), time: 1.017 (0.961), eta: 3:04:22, mem: 16625M
[08/21 08:55:55][INFO] trainer.py:  77: iter: 000500, lr: 0.00100, loss: 2.049297 (3.362863), tok1: 61.516 (26.329), tok5: 90.325 (52.167), time: 0.688 (0.956), eta: 3:03:10, mem: 16625M
[08/21 08:55:55][INFO] checkpoint.py:  46: Saving checkpoint to outputs/x3d-s_clipgcn_tensor_cs_70_10_20_zsl_45_10_coco17_182/model_000500.pth
[08/21 08:55:55][INFO] inference.py:  51: Evaluating CLIPGCN_TENSOR dataset(449 video clips):
  0%|          | 0/8 [00:00<?, ?it/s] 12%|█▎        | 1/8 [00:06<00:48,  6.96s/it] 25%|██▌       | 2/8 [00:08<00:22,  3.74s/it] 38%|███▊      | 3/8 [00:09<00:13,  2.65s/it] 50%|█████     | 4/8 [00:10<00:06,  1.69s/it] 62%|██████▎   | 5/8 [00:10<00:04,  1.38s/it] 75%|███████▌  | 6/8 [00:11<00:01,  1.01it/s] 88%|████████▊ | 7/8 [00:11<00:00,  1.36it/s]100%|██████████| 8/8 [00:11<00:00,  1.86it/s]100%|██████████| 8/8 [00:11<00:00,  1.43s/it]
[08/21 08:56:06][INFO] inference.py:  61: 
total - top1 acc: 67.383 top5 acc: 92.969
0   - A001                 - acc: 10.00
1   - A002                 - acc: 60.00
2   - A003                 - acc: 20.00
3   - A004                 - acc: 50.00
4   - A005                 - acc: 0.0
5   - A006                 - acc: 90.00
6   - A007                 - acc: 0.0
7   - A008                 - acc: 0.0
8   - A009                 - acc: 0.0
9   - A010                 - acc: 90.00
10  - A011                 - acc: 70.00
11  - A012                 - acc: 80.00
12  - A013                 - acc: 0.0
13  - A014                 - acc: 60.00
14  - A015                 - acc: 0.0
15  - A016                 - acc: 70.00
16  - A017                 - acc: 60.00
17  - A018                 - acc: 70.00
18  - A019                 - acc: 0.0
19  - A020                 - acc: 0.0
20  - A021                 - acc: 40.00
21  - A022                 - acc: 90.00
22  - A023                 - acc: 90.00
23  - A024                 - acc: 100.00
24  - A025                 - acc: 80.00
25  - A026                 - acc: 60.00
26  - A027                 - acc: 90.00
27  - A028                 - acc: 20.00
28  - A029                 - acc: 50.00
29  - A030                 - acc: 50.00
30  - A031                 - acc: 60.00
31  - A032                 - acc: 50.00
32  - A033                 - acc: 90.00
33  - A034                 - acc: 60.00
34  - A035                 - acc: 0.0
35  - A036                 - acc: 20.00
36  - A037                 - acc: 60.00
37  - A038                 - acc: 10.00
38  - A039                 - acc: 60.00
39  - A040                 - acc: 80.00
40  - A041                 - acc: 60.00
41  - A042                 - acc: 100.00
42  - A043                 - acc: 30.00
43  - A044                 - acc: 80.00
44  - A045                 - acc: 70.00
45  - A046                 - acc: 90.00
46  - A047                 - acc: 100.00
47  - A048                 - acc: 0.0
48  - A049                 - acc: 70.00
49  - A050                 - acc: 33.33
50  - A051                 - acc: 0.0
51  - A052                 - acc: 100.00
52  - A053                 - acc: 100.00
53  - A054                 - acc: 0.0
54  - A055                 - acc: 100.00

[08/21 08:56:14][INFO] trainer.py:  77: iter: 000510, lr: 0.00100, loss: 2.009092 (3.336319), tok1: 62.656 (27.041), tok5: 91.875 (52.946), time: 1.927 (0.975), eta: 3:06:39, mem: 16625M
[08/21 08:56:21][INFO] trainer.py:  77: iter: 000520, lr: 0.00100, loss: 2.025748 (3.311116), tok1: 60.469 (27.684), tok5: 90.469 (53.668), time: 0.724 (0.970), eta: 3:05:34, mem: 16625M
[08/21 08:56:28][INFO] trainer.py:  77: iter: 000530, lr: 0.00100, loss: 1.867801 (3.283883), tok1: 68.125 (28.447), tok5: 93.750 (54.424), time: 0.724 (0.965), eta: 3:04:31, mem: 16625M
[08/21 08:56:36][INFO] trainer.py:  77: iter: 000540, lr: 0.00100, loss: 1.981805 (3.259771), tok1: 58.438 (29.003), tok5: 89.688 (55.077), time: 0.726 (0.961), eta: 3:03:31, mem: 16625M
[08/21 08:56:43][INFO] trainer.py:  77: iter: 000550, lr: 0.00100, loss: 1.936676 (3.235714), tok1: 64.375 (29.646), tok5: 91.875 (55.746), time: 0.721 (0.956), eta: 3:02:31, mem: 16625M
[08/21 08:56:50][INFO] trainer.py:  77: iter: 000560, lr: 0.00100, loss: 1.880082 (3.211507), tok1: 62.969 (30.241), tok5: 92.344 (56.400), time: 0.729 (0.952), eta: 3:01:35, mem: 16625M
[08/21 08:56:57][INFO] trainer.py:  77: iter: 000570, lr: 0.00100, loss: 1.828876 (3.187250), tok1: 68.125 (30.905), tok5: 94.219 (57.063), time: 0.725 (0.948), eta: 3:00:40, mem: 16625M
[08/21 08:57:05][INFO] trainer.py:  77: iter: 000580, lr: 0.00100, loss: 1.843300 (3.164078), tok1: 66.406 (31.517), tok5: 93.438 (57.690), time: 0.735 (0.945), eta: 2:59:49, mem: 16625M
[08/21 08:57:12][INFO] trainer.py:  77: iter: 000590, lr: 0.00100, loss: 1.786412 (3.140728), tok1: 66.943 (32.118), tok5: 95.469 (58.330), time: 0.693 (0.940), eta: 2:58:51, mem: 16625M
[08/21 08:57:19][INFO] trainer.py:  77: iter: 000600, lr: 0.00100, loss: 1.781398 (3.118073), tok1: 68.750 (32.728), tok5: 93.906 (58.923), time: 0.723 (0.937), eta: 2:58:00, mem: 16625M
[08/21 08:57:26][INFO] trainer.py:  77: iter: 000610, lr: 0.00100, loss: 1.797627 (3.096426), tok1: 65.781 (33.270), tok5: 94.219 (59.502), time: 0.724 (0.933), eta: 2:57:11, mem: 16625M
[08/21 08:57:33][INFO] trainer.py:  77: iter: 000620, lr: 0.00100, loss: 1.762791 (3.074916), tok1: 68.281 (33.835), tok5: 95.469 (60.082), time: 0.723 (0.930), eta: 2:56:23, mem: 16625M
[08/21 08:57:41][INFO] trainer.py:  77: iter: 000630, lr: 0.00100, loss: 1.761834 (3.054073), tok1: 68.281 (34.382), tok5: 94.688 (60.631), time: 0.803 (0.928), eta: 2:55:50, mem: 16625M
[08/21 08:57:49][INFO] trainer.py:  77: iter: 000640, lr: 0.00100, loss: 1.726111 (3.033324), tok1: 70.938 (34.953), tok5: 94.219 (61.156), time: 0.734 (0.925), eta: 2:55:07, mem: 16625M
[08/21 08:57:57][INFO] trainer.py:  77: iter: 000650, lr: 0.00100, loss: 1.719934 (3.013118), tok1: 68.438 (35.468), tok5: 95.625 (61.687), time: 0.852 (0.924), eta: 2:54:45, mem: 16625M
[08/21 08:58:05][INFO] trainer.py:  77: iter: 000660, lr: 0.00100, loss: 1.647486 (2.992426), tok1: 70.469 (35.998), tok5: 94.688 (62.187), time: 0.813 (0.922), eta: 2:54:16, mem: 16625M
[08/21 08:58:13][INFO] trainer.py:  77: iter: 000670, lr: 0.00100, loss: 1.694655 (2.973057), tok1: 68.915 (36.490), tok5: 95.156 (62.679), time: 0.762 (0.920), eta: 2:53:40, mem: 16625M
[08/21 08:58:23][INFO] trainer.py:  77: iter: 000680, lr: 0.00100, loss: 1.654421 (2.953665), tok1: 71.406 (37.003), tok5: 96.406 (63.175), time: 1.039 (0.921), eta: 2:53:51, mem: 16625M
[08/21 08:58:32][INFO] trainer.py:  77: iter: 000690, lr: 0.00100, loss: 1.622489 (2.934373), tok1: 73.438 (37.531), tok5: 96.875 (63.663), time: 0.900 (0.921), eta: 2:53:38, mem: 16625M
[08/21 08:58:40][INFO] trainer.py:  77: iter: 000700, lr: 0.00100, loss: 1.694156 (2.916655), tok1: 66.719 (37.948), tok5: 95.312 (64.115), time: 0.724 (0.918), eta: 2:52:57, mem: 16625M
[08/21 08:58:49][INFO] trainer.py:  77: iter: 000710, lr: 0.00100, loss: 1.642720 (2.898712), tok1: 72.812 (38.439), tok5: 94.219 (64.539), time: 0.997 (0.919), eta: 2:53:00, mem: 16625M
[08/21 08:58:57][INFO] trainer.py:  77: iter: 000720, lr: 0.00100, loss: 1.633754 (2.881144), tok1: 71.719 (38.901), tok5: 96.094 (64.977), time: 0.727 (0.917), eta: 2:52:21, mem: 16625M
[08/21 08:59:07][INFO] trainer.py:  77: iter: 000730, lr: 0.00100, loss: 1.661298 (2.864433), tok1: 68.906 (39.312), tok5: 94.844 (65.387), time: 0.987 (0.918), eta: 2:52:23, mem: 16625M
[08/21 08:59:17][INFO] trainer.py:  77: iter: 000740, lr: 0.00100, loss: 1.582915 (2.847116), tok1: 72.969 (39.767), tok5: 96.094 (65.802), time: 0.995 (0.919), eta: 2:52:25, mem: 16625M
[08/21 08:59:23][INFO] trainer.py:  77: iter: 000750, lr: 0.00100, loss: 1.596627 (2.830442), tok1: 73.163 (40.213), tok5: 95.511 (66.198), time: 0.690 (0.916), eta: 2:51:42, mem: 16625M
[08/21 08:59:33][INFO] trainer.py:  77: iter: 000760, lr: 0.00100, loss: 1.533385 (2.813376), tok1: 74.375 (40.662), tok5: 96.875 (66.601), time: 0.948 (0.916), eta: 2:51:37, mem: 16625M
[08/21 08:59:42][INFO] trainer.py:  77: iter: 000770, lr: 0.00100, loss: 1.565797 (2.797173), tok1: 74.062 (41.096), tok5: 96.406 (66.988), time: 0.939 (0.916), eta: 2:51:32, mem: 16625M
[08/21 08:59:50][INFO] trainer.py:  77: iter: 000780, lr: 0.00100, loss: 1.569587 (2.781435), tok1: 73.906 (41.516), tok5: 94.375 (67.339), time: 0.721 (0.914), eta: 2:50:54, mem: 16625M
[08/21 09:00:00][INFO] trainer.py:  77: iter: 000790, lr: 0.00100, loss: 1.605074 (2.766545), tok1: 71.875 (41.901), tok5: 94.844 (67.688), time: 1.075 (0.916), eta: 2:51:08, mem: 16625M
[08/21 09:00:08][INFO] trainer.py:  77: iter: 000800, lr: 0.00100, loss: 1.535781 (2.751160), tok1: 72.969 (42.289), tok5: 97.969 (68.066), time: 0.721 (0.914), eta: 2:50:32, mem: 16625M
[08/21 09:00:18][INFO] trainer.py:  77: iter: 000810, lr: 0.00100, loss: 1.491331 (2.735607), tok1: 77.031 (42.718), tok5: 97.344 (68.428), time: 1.093 (0.916), eta: 2:50:47, mem: 16625M
[08/21 09:00:27][INFO] trainer.py:  77: iter: 000820, lr: 0.00100, loss: 1.541703 (2.721047), tok1: 74.375 (43.104), tok5: 97.031 (68.776), time: 0.884 (0.915), eta: 2:50:34, mem: 16625M
[08/21 09:00:34][INFO] trainer.py:  77: iter: 000830, lr: 0.00100, loss: 1.542992 (2.706853), tok1: 75.422 (43.493), tok5: 96.491 (69.110), time: 0.694 (0.913), eta: 2:49:55, mem: 16625M
[08/21 09:00:44][INFO] trainer.py:  77: iter: 000840, lr: 0.00100, loss: 1.507185 (2.692572), tok1: 73.594 (43.852), tok5: 97.500 (69.448), time: 0.980 (0.914), eta: 2:49:54, mem: 16625M
[08/21 09:00:54][INFO] trainer.py:  77: iter: 000850, lr: 0.00100, loss: 1.508750 (2.678644), tok1: 75.625 (44.226), tok5: 96.719 (69.769), time: 1.041 (0.915), eta: 2:50:02, mem: 16625M
[08/21 09:01:02][INFO] trainer.py:  77: iter: 000860, lr: 0.00100, loss: 1.503194 (2.664976), tok1: 74.219 (44.574), tok5: 96.875 (70.084), time: 0.721 (0.913), eta: 2:49:28, mem: 16625M
[08/21 09:01:11][INFO] trainer.py:  77: iter: 000870, lr: 0.00100, loss: 1.490763 (2.651480), tok1: 74.062 (44.913), tok5: 97.656 (70.401), time: 0.958 (0.913), eta: 2:49:24, mem: 16625M
[08/21 09:01:18][INFO] trainer.py:  77: iter: 000880, lr: 0.00100, loss: 1.499778 (2.638392), tok1: 75.938 (45.266), tok5: 96.719 (70.700), time: 0.720 (0.911), eta: 2:48:51, mem: 16625M
[08/21 09:01:28][INFO] trainer.py:  77: iter: 000890, lr: 0.00100, loss: 1.457984 (2.625129), tok1: 79.219 (45.647), tok5: 97.344 (71.000), time: 0.989 (0.912), eta: 2:48:51, mem: 16625M
[08/21 09:01:38][INFO] trainer.py:  77: iter: 000900, lr: 0.00100, loss: 1.501069 (2.612639), tok1: 77.344 (45.999), tok5: 96.406 (71.282), time: 0.960 (0.912), eta: 2:48:48, mem: 16625M
[08/21 09:01:45][INFO] trainer.py:  77: iter: 000910, lr: 0.00100, loss: 1.456545 (2.599935), tok1: 77.031 (46.340), tok5: 97.188 (71.567), time: 0.722 (0.910), eta: 2:48:16, mem: 16625M
[08/21 09:01:57][INFO] trainer.py:  77: iter: 000920, lr: 0.00100, loss: 1.454879 (2.587489), tok1: 78.433 (46.689), tok5: 97.230 (71.846), time: 1.149 (0.913), eta: 2:48:36, mem: 16625M
[08/21 09:02:05][INFO] trainer.py:  77: iter: 000930, lr: 0.00100, loss: 1.460220 (2.575368), tok1: 76.875 (47.014), tok5: 97.031 (72.116), time: 0.878 (0.913), eta: 2:48:22, mem: 16625M
[08/21 09:02:13][INFO] trainer.py:  77: iter: 000940, lr: 0.00100, loss: 1.441341 (2.563304), tok1: 77.031 (47.333), tok5: 97.812 (72.390), time: 0.723 (0.911), eta: 2:47:51, mem: 16625M
[08/21 09:02:22][INFO] trainer.py:  77: iter: 000950, lr: 0.00100, loss: 1.404045 (2.551101), tok1: 78.594 (47.662), tok5: 96.719 (72.646), time: 0.980 (0.911), eta: 2:47:50, mem: 16625M
[08/21 09:02:30][INFO] trainer.py:  77: iter: 000960, lr: 0.00100, loss: 1.455677 (2.539690), tok1: 77.812 (47.976), tok5: 97.500 (72.905), time: 0.729 (0.909), eta: 2:47:20, mem: 16625M
[08/21 09:02:41][INFO] trainer.py:  77: iter: 000970, lr: 0.00100, loss: 1.397095 (2.527911), tok1: 79.375 (48.300), tok5: 97.500 (73.158), time: 1.091 (0.911), eta: 2:47:31, mem: 16625M
[08/21 09:02:51][INFO] trainer.py:  77: iter: 000980, lr: 0.00100, loss: 1.465266 (2.517067), tok1: 75.312 (48.576), tok5: 96.719 (73.399), time: 1.014 (0.912), eta: 2:47:34, mem: 16625M
[08/21 09:02:58][INFO] trainer.py:  77: iter: 000990, lr: 0.00100, loss: 1.390815 (2.505691), tok1: 79.844 (48.892), tok5: 98.750 (73.655), time: 0.719 (0.910), eta: 2:47:03, mem: 16625M
[08/21 09:03:07][INFO] trainer.py:  77: iter: 001000, lr: 0.00100, loss: 1.468852 (2.495323), tok1: 77.753 (49.180), tok5: 96.761 (73.886), time: 0.868 (0.910), eta: 2:46:49, mem: 16625M
[08/21 09:03:07][INFO] checkpoint.py:  46: Saving checkpoint to outputs/x3d-s_clipgcn_tensor_cs_70_10_20_zsl_45_10_coco17_182/model_001000.pth
[08/21 09:03:07][INFO] inference.py:  51: Evaluating CLIPGCN_TENSOR dataset(449 video clips):
  0%|          | 0/8 [00:00<?, ?it/s] 12%|█▎        | 1/8 [00:07<00:50,  7.26s/it] 25%|██▌       | 2/8 [00:07<00:19,  3.19s/it] 38%|███▊      | 3/8 [00:07<00:09,  1.83s/it] 50%|█████     | 4/8 [00:08<00:04,  1.19s/it] 62%|██████▎   | 5/8 [00:08<00:02,  1.19it/s] 75%|███████▌  | 6/8 [00:08<00:01,  1.59it/s] 88%|████████▊ | 7/8 [00:08<00:00,  2.01it/s]100%|██████████| 8/8 [00:08<00:00,  1.09s/it]
[08/21 09:03:16][INFO] inference.py:  61: 
total - top1 acc: 67.188 top5 acc: 98.242
0   - A001                 - acc: 30.00
1   - A002                 - acc: 50.00
2   - A003                 - acc: 40.00
3   - A004                 - acc: 40.00
4   - A005                 - acc: 0.0
5   - A006                 - acc: 90.00
6   - A007                 - acc: 0.0
7   - A008                 - acc: 0.0
8   - A009                 - acc: 0.0
9   - A010                 - acc: 80.00
10  - A011                 - acc: 30.00
11  - A012                 - acc: 80.00
12  - A013                 - acc: 0.0
13  - A014                 - acc: 100.00
14  - A015                 - acc: 0.0
15  - A016                 - acc: 100.00
16  - A017                 - acc: 60.00
17  - A018                 - acc: 90.00
18  - A019                 - acc: 0.0
19  - A020                 - acc: 0.0
20  - A021                 - acc: 90.00
21  - A022                 - acc: 100.00
22  - A023                 - acc: 90.00
23  - A024                 - acc: 100.00
24  - A025                 - acc: 100.00
25  - A026                 - acc: 90.00
26  - A027                 - acc: 90.00
27  - A028                 - acc: 70.00
28  - A029                 - acc: 80.00
29  - A030                 - acc: 50.00
30  - A031                 - acc: 90.00
31  - A032                 - acc: 50.00
32  - A033                 - acc: 80.00
33  - A034                 - acc: 60.00
34  - A035                 - acc: 0.0
35  - A036                 - acc: 70.00
36  - A037                 - acc: 60.00
37  - A038                 - acc: 30.00
38  - A039                 - acc: 100.00
39  - A040                 - acc: 90.00
40  - A041                 - acc: 80.00
41  - A042                 - acc: 100.00
42  - A043                 - acc: 80.00
43  - A044                 - acc: 90.00
44  - A045                 - acc: 80.00
45  - A046                 - acc: 90.00
46  - A047                 - acc: 100.00
47  - A048                 - acc: 0.0
48  - A049                 - acc: 60.00
49  - A050                 - acc: 77.78
50  - A051                 - acc: 60.00
51  - A052                 - acc: 100.00
52  - A053                 - acc: 100.00
53  - A054                 - acc: 90.00
54  - A055                 - acc: 60.00

[08/21 09:03:23][INFO] trainer.py:  77: iter: 001010, lr: 0.00100, loss: 1.480435 (2.485274), tok1: 75.781 (49.444), tok5: 96.406 (74.109), time: 1.669 (0.917), eta: 2:48:03, mem: 16625M
[08/21 09:03:31][INFO] trainer.py:  77: iter: 001020, lr: 0.00100, loss: 1.409486 (2.474727), tok1: 78.594 (49.729), tok5: 97.031 (74.334), time: 0.735 (0.916), eta: 2:47:34, mem: 16625M
[08/21 09:03:38][INFO] trainer.py:  77: iter: 001030, lr: 0.00100, loss: 1.405746 (2.464349), tok1: 78.750 (50.011), tok5: 97.188 (74.555), time: 0.736 (0.914), eta: 2:47:06, mem: 16625M
[08/21 09:03:45][INFO] trainer.py:  77: iter: 001040, lr: 0.00100, loss: 1.375518 (2.453879), tok1: 80.000 (50.299), tok5: 97.656 (74.778), time: 0.730 (0.912), eta: 2:46:37, mem: 16625M
[08/21 09:03:54][INFO] trainer.py:  77: iter: 001050, lr: 0.00100, loss: 1.427085 (2.444101), tok1: 76.875 (50.553), tok5: 97.500 (74.994), time: 0.817 (0.911), eta: 2:46:18, mem: 16625M
[08/21 09:04:04][INFO] trainer.py:  77: iter: 001060, lr: 0.00100, loss: 1.382633 (2.434087), tok1: 79.219 (50.823), tok5: 97.344 (75.205), time: 1.021 (0.912), eta: 2:46:20, mem: 16625M
[08/21 09:04:11][INFO] trainer.py:  77: iter: 001070, lr: 0.00100, loss: 1.345509 (2.423913), tok1: 81.250 (51.107), tok5: 98.125 (75.419), time: 0.726 (0.911), eta: 2:45:52, mem: 16625M
[08/21 09:04:21][INFO] trainer.py:  77: iter: 001080, lr: 0.00100, loss: 1.418240 (2.414601), tok1: 79.244 (51.368), tok5: 96.533 (75.615), time: 1.000 (0.911), eta: 2:45:52, mem: 16625M
[08/21 09:04:31][INFO] trainer.py:  77: iter: 001090, lr: 0.00100, loss: 1.338069 (2.404725), tok1: 81.719 (51.646), tok5: 98.750 (75.827), time: 1.049 (0.913), eta: 2:45:57, mem: 16625M
[08/21 09:04:39][INFO] trainer.py:  77: iter: 001100, lr: 0.00100, loss: 1.321606 (2.394878), tok1: 83.750 (51.938), tok5: 97.344 (76.022), time: 0.721 (0.911), eta: 2:45:29, mem: 16625M
[08/21 09:04:48][INFO] trainer.py:  77: iter: 001110, lr: 0.00100, loss: 1.358198 (2.385539), tok1: 81.250 (52.202), tok5: 97.969 (76.220), time: 0.955 (0.911), eta: 2:45:24, mem: 16625M
[08/21 09:04:55][INFO] trainer.py:  77: iter: 001120, lr: 0.00100, loss: 1.375001 (2.376516), tok1: 79.688 (52.448), tok5: 98.438 (76.418), time: 0.725 (0.910), eta: 2:44:57, mem: 16625M
[08/21 09:05:04][INFO] trainer.py:  77: iter: 001130, lr: 0.00100, loss: 1.362901 (2.367546), tok1: 78.750 (52.680), tok5: 97.500 (76.605), time: 0.896 (0.910), eta: 2:44:46, mem: 16625M
[08/21 09:05:14][INFO] trainer.py:  77: iter: 001140, lr: 0.00100, loss: 1.384448 (2.358922), tok1: 79.844 (52.919), tok5: 97.969 (76.792), time: 0.962 (0.910), eta: 2:44:42, mem: 16625M
[08/21 09:05:21][INFO] trainer.py:  77: iter: 001150, lr: 0.00100, loss: 1.369141 (2.350316), tok1: 79.531 (53.150), tok5: 97.812 (76.975), time: 0.724 (0.908), eta: 2:44:15, mem: 16625M
[08/21 09:05:31][INFO] trainer.py:  77: iter: 001160, lr: 0.00100, loss: 1.358860 (2.341769), tok1: 81.094 (53.391), tok5: 98.281 (77.159), time: 0.992 (0.909), eta: 2:44:14, mem: 16625M
[08/21 09:05:40][INFO] trainer.py:  77: iter: 001170, lr: 0.00100, loss: 1.364688 (2.333417), tok1: 79.329 (53.613), tok5: 97.698 (77.334), time: 0.880 (0.909), eta: 2:44:02, mem: 16625M
[08/21 09:05:47][INFO] trainer.py:  77: iter: 001180, lr: 0.00100, loss: 1.288249 (2.324560), tok1: 82.812 (53.860), tok5: 99.219 (77.520), time: 0.722 (0.907), eta: 2:43:36, mem: 16625M
[08/21 09:05:56][INFO] trainer.py:  77: iter: 001190, lr: 0.00100, loss: 1.388616 (2.316695), tok1: 77.812 (54.061), tok5: 97.344 (77.686), time: 0.927 (0.907), eta: 2:43:29, mem: 16625M
[08/21 09:06:04][INFO] trainer.py:  77: iter: 001200, lr: 0.00100, loss: 1.342653 (2.308578), tok1: 80.469 (54.281), tok5: 97.969 (77.856), time: 0.721 (0.906), eta: 2:43:03, mem: 16625M
[08/21 09:06:13][INFO] trainer.py:  77: iter: 001210, lr: 0.00100, loss: 1.345606 (2.300620), tok1: 83.125 (54.520), tok5: 96.719 (78.011), time: 0.917 (0.906), eta: 2:42:55, mem: 16625M
[08/21 09:06:22][INFO] trainer.py:  77: iter: 001220, lr: 0.00100, loss: 1.361071 (2.292918), tok1: 79.531 (54.725), tok5: 97.500 (78.171), time: 0.950 (0.906), eta: 2:42:50, mem: 16625M
[08/21 09:06:30][INFO] trainer.py:  77: iter: 001230, lr: 0.00100, loss: 1.347961 (2.285236), tok1: 81.094 (54.939), tok5: 97.500 (78.328), time: 0.720 (0.905), eta: 2:42:24, mem: 16625M
[08/21 09:06:39][INFO] trainer.py:  77: iter: 001240, lr: 0.00100, loss: 1.289229 (2.277203), tok1: 82.344 (55.160), tok5: 98.438 (78.490), time: 0.906 (0.905), eta: 2:42:15, mem: 16625M
[08/21 09:06:48][INFO] trainer.py:  77: iter: 001250, lr: 0.00100, loss: 1.344912 (2.269745), tok1: 80.380 (55.362), tok5: 97.584 (78.643), time: 0.939 (0.905), eta: 2:42:09, mem: 16625M
[08/21 09:06:55][INFO] trainer.py:  77: iter: 001260, lr: 0.00100, loss: 1.330644 (2.262292), tok1: 80.000 (55.558), tok5: 97.969 (78.797), time: 0.721 (0.904), eta: 2:41:44, mem: 16625M
[08/21 09:07:04][INFO] trainer.py:  77: iter: 001270, lr: 0.00100, loss: 1.282211 (2.254575), tok1: 84.219 (55.783), tok5: 98.438 (78.951), time: 0.908 (0.904), eta: 2:41:36, mem: 16625M
[08/21 09:07:12][INFO] trainer.py:  77: iter: 001280, lr: 0.00100, loss: 1.287512 (2.247020), tok1: 84.062 (56.004), tok5: 97.656 (79.097), time: 0.722 (0.902), eta: 2:41:11, mem: 16625M
[08/21 09:07:20][INFO] trainer.py:  77: iter: 001290, lr: 0.00100, loss: 1.330909 (2.239918), tok1: 82.500 (56.210), tok5: 97.500 (79.240), time: 0.811 (0.902), eta: 2:40:55, mem: 16625M
[08/21 09:07:27][INFO] trainer.py:  77: iter: 001300, lr: 0.00100, loss: 1.341195 (2.233005), tok1: 80.312 (56.395), tok5: 98.125 (79.385), time: 0.761 (0.900), eta: 2:40:34, mem: 16625M
[08/21 09:07:34][INFO] trainer.py:  77: iter: 001310, lr: 0.00100, loss: 1.275298 (2.225694), tok1: 85.469 (56.617), tok5: 98.438 (79.531), time: 0.723 (0.899), eta: 2:40:11, mem: 16625M
[08/21 09:07:43][INFO] trainer.py:  77: iter: 001320, lr: 0.00100, loss: 1.322369 (2.218851), tok1: 83.125 (56.818), tok5: 97.969 (79.670), time: 0.808 (0.898), eta: 2:39:54, mem: 16625M
[08/21 09:07:50][INFO] trainer.py:  77: iter: 001330, lr: 0.00100, loss: 1.322350 (2.212110), tok1: 82.255 (57.009), tok5: 98.125 (79.809), time: 0.761 (0.897), eta: 2:39:34, mem: 16625M
[08/21 09:07:57][INFO] trainer.py:  77: iter: 001340, lr: 0.00100, loss: 1.272266 (2.205096), tok1: 85.469 (57.221), tok5: 98.594 (79.949), time: 0.723 (0.896), eta: 2:39:12, mem: 16625M
[08/21 09:08:09][INFO] trainer.py:  77: iter: 001350, lr: 0.00100, loss: 1.286808 (2.198294), tok1: 85.625 (57.432), tok5: 98.438 (80.086), time: 1.117 (0.898), eta: 2:39:20, mem: 16625M
[08/21 09:08:16][INFO] trainer.py:  77: iter: 001360, lr: 0.00100, loss: 1.255103 (2.191359), tok1: 85.781 (57.640), tok5: 98.750 (80.224), time: 0.720 (0.896), eta: 2:38:57, mem: 16625M
[08/21 09:08:24][INFO] trainer.py:  77: iter: 001370, lr: 0.00100, loss: 1.319301 (2.184993), tok1: 82.500 (57.822), tok5: 97.656 (80.351), time: 0.803 (0.896), eta: 2:38:41, mem: 16625M
[08/21 09:08:32][INFO] trainer.py:  77: iter: 001380, lr: 0.00100, loss: 1.318315 (2.178713), tok1: 81.250 (57.991), tok5: 97.344 (80.474), time: 0.795 (0.895), eta: 2:38:24, mem: 16625M
[08/21 09:08:39][INFO] trainer.py:  77: iter: 001390, lr: 0.00100, loss: 1.280687 (2.172253), tok1: 82.031 (58.164), tok5: 98.750 (80.605), time: 0.728 (0.894), eta: 2:38:03, mem: 16625M
[08/21 09:08:47][INFO] trainer.py:  77: iter: 001400, lr: 0.00100, loss: 1.284518 (2.165912), tok1: 83.125 (58.343), tok5: 98.906 (80.736), time: 0.817 (0.893), eta: 2:37:48, mem: 16625M
[08/21 09:08:54][INFO] trainer.py:  77: iter: 001410, lr: 0.00100, loss: 1.252145 (2.159431), tok1: 84.062 (58.525), tok5: 97.656 (80.856), time: 0.720 (0.892), eta: 2:37:26, mem: 16625M
[08/21 09:09:01][INFO] trainer.py:  77: iter: 001420, lr: 0.00100, loss: 1.261018 (2.153104), tok1: 84.586 (58.709), tok5: 98.906 (80.983), time: 0.691 (0.891), eta: 2:37:02, mem: 16625M
[08/21 09:09:09][INFO] trainer.py:  77: iter: 001430, lr: 0.00100, loss: 1.230976 (2.146656), tok1: 85.156 (58.894), tok5: 98.906 (81.109), time: 0.806 (0.890), eta: 2:36:47, mem: 16625M
[08/21 09:09:17][INFO] trainer.py:  77: iter: 001440, lr: 0.00100, loss: 1.282353 (2.140654), tok1: 81.719 (59.052), tok5: 98.906 (81.232), time: 0.727 (0.889), eta: 2:36:26, mem: 16625M
[08/21 09:09:24][INFO] trainer.py:  77: iter: 001450, lr: 0.00100, loss: 1.231741 (2.134385), tok1: 85.156 (59.232), tok5: 99.375 (81.357), time: 0.776 (0.888), eta: 2:36:09, mem: 16625M
[08/21 09:09:34][INFO] trainer.py:  77: iter: 001460, lr: 0.00100, loss: 1.250933 (2.128334), tok1: 85.000 (59.409), tok5: 98.750 (81.476), time: 0.985 (0.889), eta: 2:36:07, mem: 16625M
[08/21 09:09:41][INFO] trainer.py:  77: iter: 001470, lr: 0.00100, loss: 1.259417 (2.122423), tok1: 85.156 (59.584), tok5: 98.281 (81.591), time: 0.722 (0.888), eta: 2:35:46, mem: 16625M
[08/21 09:09:51][INFO] trainer.py:  77: iter: 001480, lr: 0.00100, loss: 1.240733 (2.116466), tok1: 84.688 (59.753), tok5: 98.750 (81.707), time: 0.960 (0.888), eta: 2:35:42, mem: 16625M
[08/21 09:10:00][INFO] trainer.py:  77: iter: 001490, lr: 0.00100, loss: 1.244714 (2.110615), tok1: 83.438 (59.912), tok5: 98.906 (81.822), time: 0.918 (0.888), eta: 2:35:36, mem: 16625M
[08/21 09:10:07][INFO] trainer.py:  77: iter: 001500, lr: 0.00100, loss: 1.256047 (2.104918), tok1: 84.785 (60.078), tok5: 98.323 (81.932), time: 0.693 (0.887), eta: 2:35:13, mem: 16625M
[08/21 09:10:07][INFO] checkpoint.py:  46: Saving checkpoint to outputs/x3d-s_clipgcn_tensor_cs_70_10_20_zsl_45_10_coco17_182/model_001500.pth
[08/21 09:10:07][INFO] inference.py:  51: Evaluating CLIPGCN_TENSOR dataset(449 video clips):
  0%|          | 0/8 [00:00<?, ?it/s] 12%|█▎        | 1/8 [00:04<00:31,  4.50s/it] 25%|██▌       | 2/8 [00:05<00:15,  2.65s/it] 38%|███▊      | 3/8 [00:06<00:07,  1.54s/it] 50%|█████     | 4/8 [00:06<00:04,  1.02s/it] 62%|██████▎   | 5/8 [00:06<00:02,  1.37it/s] 75%|███████▌  | 6/8 [00:06<00:01,  1.80it/s] 88%|████████▊ | 7/8 [00:06<00:00,  2.25it/s]100%|██████████| 8/8 [00:06<00:00,  1.15it/s]
[08/21 09:10:14][INFO] inference.py:  61: 
total - top1 acc: 72.852 top5 acc: 98.438
0   - A001                 - acc: 60.00
1   - A002                 - acc: 70.00
2   - A003                 - acc: 40.00
3   - A004                 - acc: 40.00
4   - A005                 - acc: 0.0
5   - A006                 - acc: 90.00
6   - A007                 - acc: 0.0
7   - A008                 - acc: 0.0
8   - A009                 - acc: 0.0
9   - A010                 - acc: 90.00
10  - A011                 - acc: 70.00
11  - A012                 - acc: 80.00
12  - A013                 - acc: 0.0
13  - A014                 - acc: 100.00
14  - A015                 - acc: 0.0
15  - A016                 - acc: 90.00
16  - A017                 - acc: 70.00
17  - A018                 - acc: 100.00
18  - A019                 - acc: 0.0
19  - A020                 - acc: 0.0
20  - A021                 - acc: 100.00
21  - A022                 - acc: 100.00
22  - A023                 - acc: 90.00
23  - A024                 - acc: 100.00
24  - A025                 - acc: 90.00
25  - A026                 - acc: 90.00
26  - A027                 - acc: 90.00
27  - A028                 - acc: 90.00
28  - A029                 - acc: 90.00
29  - A030                 - acc: 60.00
30  - A031                 - acc: 100.00
31  - A032                 - acc: 80.00
32  - A033                 - acc: 80.00
33  - A034                 - acc: 80.00
34  - A035                 - acc: 0.0
35  - A036                 - acc: 50.00
36  - A037                 - acc: 60.00
37  - A038                 - acc: 30.00
38  - A039                 - acc: 100.00
39  - A040                 - acc: 100.00
40  - A041                 - acc: 80.00
41  - A042                 - acc: 100.00
42  - A043                 - acc: 90.00
43  - A044                 - acc: 100.00
44  - A045                 - acc: 90.00
45  - A046                 - acc: 90.00
46  - A047                 - acc: 100.00
47  - A048                 - acc: 0.0
48  - A049                 - acc: 80.00
49  - A050                 - acc: 88.89
50  - A051                 - acc: 70.00
51  - A052                 - acc: 100.00
52  - A053                 - acc: 100.00
53  - A054                 - acc: 90.00
54  - A055                 - acc: 80.00

[08/21 09:10:22][INFO] trainer.py:  77: iter: 001510, lr: 0.00100, loss: 1.253228 (2.099278), tok1: 84.062 (60.237), tok5: 98.750 (82.043), time: 1.480 (0.891), eta: 2:35:45, mem: 16625M
[08/21 09:10:29][INFO] trainer.py:  77: iter: 001520, lr: 0.00100, loss: 1.228143 (2.093547), tok1: 85.156 (60.401), tok5: 98.750 (82.153), time: 0.721 (0.890), eta: 2:35:25, mem: 16625M
[08/21 09:10:36][INFO] trainer.py:  77: iter: 001530, lr: 0.00100, loss: 1.236587 (2.087946), tok1: 84.531 (60.559), tok5: 99.219 (82.265), time: 0.722 (0.889), eta: 2:35:04, mem: 16625M
[08/21 09:10:45][INFO] trainer.py:  77: iter: 001540, lr: 0.00100, loss: 1.242486 (2.082456), tok1: 85.312 (60.719), tok5: 98.125 (82.368), time: 0.819 (0.888), eta: 2:34:51, mem: 16625M
[08/21 09:10:52][INFO] trainer.py:  77: iter: 001550, lr: 0.00100, loss: 1.234086 (2.076982), tok1: 86.875 (60.888), tok5: 98.906 (82.475), time: 0.719 (0.887), eta: 2:34:30, mem: 16625M
[08/21 09:11:03][INFO] trainer.py:  77: iter: 001560, lr: 0.00100, loss: 1.195696 (2.071333), tok1: 86.875 (61.055), tok5: 99.062 (82.581), time: 1.112 (0.889), eta: 2:34:37, mem: 16625M
[08/21 09:11:13][INFO] trainer.py:  77: iter: 001570, lr: 0.00100, loss: 1.244478 (2.066066), tok1: 83.281 (61.196), tok5: 99.219 (82.687), time: 0.960 (0.889), eta: 2:34:32, mem: 16625M
[08/21 09:11:19][INFO] trainer.py:  77: iter: 001580, lr: 0.00100, loss: 1.250407 (2.060904), tok1: 84.827 (61.346), tok5: 97.698 (82.782), time: 0.690 (0.888), eta: 2:34:10, mem: 16625M
[08/21 09:11:29][INFO] trainer.py:  77: iter: 001590, lr: 0.00100, loss: 1.208092 (2.055540), tok1: 87.031 (61.507), tok5: 98.906 (82.883), time: 0.996 (0.888), eta: 2:34:09, mem: 16625M
[08/21 09:11:37][INFO] trainer.py:  77: iter: 001600, lr: 0.00100, loss: 1.207787 (2.050242), tok1: 84.844 (61.653), tok5: 98.594 (82.982), time: 0.722 (0.887), eta: 2:33:49, mem: 16625M
[08/21 09:11:46][INFO] trainer.py:  77: iter: 001610, lr: 0.00100, loss: 1.265294 (2.045366), tok1: 83.125 (61.787), tok5: 99.375 (83.083), time: 0.919 (0.888), eta: 2:33:42, mem: 16625M
[08/21 09:11:54][INFO] trainer.py:  77: iter: 001620, lr: 0.00100, loss: 1.195176 (2.040118), tok1: 87.812 (61.947), tok5: 98.750 (83.180), time: 0.859 (0.887), eta: 2:33:31, mem: 16625M
[08/21 09:12:02][INFO] trainer.py:  77: iter: 001630, lr: 0.00100, loss: 1.223722 (2.035110), tok1: 86.250 (62.096), tok5: 98.750 (83.276), time: 0.721 (0.886), eta: 2:33:12, mem: 16625M
[08/21 09:12:11][INFO] trainer.py:  77: iter: 001640, lr: 0.00100, loss: 1.225718 (2.030174), tok1: 86.250 (62.244), tok5: 99.062 (83.372), time: 0.900 (0.887), eta: 2:33:04, mem: 16625M
[08/21 09:12:18][INFO] trainer.py:  77: iter: 001650, lr: 0.00100, loss: 1.192790 (2.025099), tok1: 87.500 (62.397), tok5: 98.906 (83.466), time: 0.724 (0.886), eta: 2:32:45, mem: 16625M
[08/21 09:12:25][INFO] trainer.py:  77: iter: 001660, lr: 0.00100, loss: 1.213729 (2.020212), tok1: 85.667 (62.537), tok5: 98.906 (83.559), time: 0.693 (0.884), eta: 2:32:24, mem: 16625M
[08/21 09:12:34][INFO] trainer.py:  77: iter: 001670, lr: 0.00100, loss: 1.191689 (2.015250), tok1: 86.562 (62.681), tok5: 98.906 (83.651), time: 0.962 (0.885), eta: 2:32:20, mem: 16625M
[08/21 09:12:42][INFO] trainer.py:  77: iter: 001680, lr: 0.00100, loss: 1.230587 (2.010580), tok1: 87.188 (62.827), tok5: 98.281 (83.738), time: 0.721 (0.884), eta: 2:32:01, mem: 16625M
[08/21 09:12:50][INFO] trainer.py:  77: iter: 001690, lr: 0.00100, loss: 1.225398 (2.005934), tok1: 83.906 (62.951), tok5: 99.062 (83.829), time: 0.815 (0.883), eta: 2:31:48, mem: 16625M
[08/21 09:12:57][INFO] trainer.py:  77: iter: 001700, lr: 0.00100, loss: 1.179927 (2.001075), tok1: 87.031 (63.093), tok5: 98.750 (83.916), time: 0.767 (0.883), eta: 2:31:32, mem: 16625M
[08/21 09:13:05][INFO] trainer.py:  77: iter: 001710, lr: 0.00100, loss: 1.170649 (1.996219), tok1: 87.812 (63.238), tok5: 98.906 (84.004), time: 0.720 (0.882), eta: 2:31:13, mem: 16625M
[08/21 09:13:13][INFO] trainer.py:  77: iter: 001720, lr: 0.00100, loss: 1.185713 (1.991506), tok1: 86.562 (63.373), tok5: 98.438 (84.088), time: 0.862 (0.882), eta: 2:31:03, mem: 16625M
[08/21 09:13:23][INFO] trainer.py:  77: iter: 001730, lr: 0.00100, loss: 1.192239 (1.986886), tok1: 87.500 (63.513), tok5: 98.438 (84.171), time: 0.989 (0.882), eta: 2:31:01, mem: 16625M
[08/21 09:13:30][INFO] trainer.py:  77: iter: 001740, lr: 0.00100, loss: 1.190825 (1.982311), tok1: 85.469 (63.639), tok5: 99.219 (84.257), time: 0.720 (0.881), eta: 2:30:43, mem: 16625M
[08/21 09:13:40][INFO] trainer.py:  77: iter: 001750, lr: 0.00100, loss: 1.198957 (1.977835), tok1: 86.731 (63.771), tok5: 98.594 (84.339), time: 0.998 (0.882), eta: 2:30:41, mem: 16625M
[08/21 09:13:47][INFO] trainer.py:  77: iter: 001760, lr: 0.00100, loss: 1.176656 (1.973283), tok1: 87.969 (63.908), tok5: 98.281 (84.419), time: 0.721 (0.881), eta: 2:30:22, mem: 16625M
[08/21 09:13:57][INFO] trainer.py:  77: iter: 001770, lr: 0.00100, loss: 1.211062 (1.968976), tok1: 86.406 (64.035), tok5: 98.438 (84.498), time: 0.931 (0.881), eta: 2:30:17, mem: 16625M
[08/21 09:14:06][INFO] trainer.py:  77: iter: 001780, lr: 0.00100, loss: 1.152315 (1.964388), tok1: 89.844 (64.180), tok5: 99.062 (84.580), time: 0.916 (0.882), eta: 2:30:10, mem: 16625M
[08/21 09:14:13][INFO] trainer.py:  77: iter: 001790, lr: 0.00100, loss: 1.178692 (1.959999), tok1: 87.500 (64.311), tok5: 98.906 (84.660), time: 0.721 (0.881), eta: 2:29:52, mem: 16625M
[08/21 09:14:22][INFO] trainer.py:  77: iter: 001800, lr: 0.00100, loss: 1.191657 (1.955730), tok1: 86.719 (64.435), tok5: 98.750 (84.738), time: 0.881 (0.881), eta: 2:29:43, mem: 16625M
[08/21 09:14:31][INFO] trainer.py:  77: iter: 001810, lr: 0.00100, loss: 1.161515 (1.951343), tok1: 88.281 (64.567), tok5: 99.062 (84.817), time: 0.902 (0.881), eta: 2:29:35, mem: 16625M
[08/21 09:14:38][INFO] trainer.py:  77: iter: 001820, lr: 0.00100, loss: 1.184628 (1.947130), tok1: 86.719 (64.689), tok5: 98.125 (84.890), time: 0.719 (0.880), eta: 2:29:17, mem: 16625M
[08/21 09:14:45][INFO] trainer.py:  77: iter: 001830, lr: 0.00100, loss: 1.164803 (1.942855), tok1: 89.303 (64.823), tok5: 99.219 (84.969), time: 0.692 (0.879), eta: 2:28:58, mem: 16625M
[08/21 09:14:52][INFO] trainer.py:  77: iter: 001840, lr: 0.00100, loss: 1.140539 (1.938494), tok1: 88.594 (64.952), tok5: 99.375 (85.047), time: 0.719 (0.878), eta: 2:28:41, mem: 16625M
[08/21 09:14:59][INFO] trainer.py:  77: iter: 001850, lr: 0.00100, loss: 1.152299 (1.934245), tok1: 89.375 (65.084), tok5: 99.219 (85.123), time: 0.719 (0.877), eta: 2:28:23, mem: 16625M
[08/21 09:15:08][INFO] trainer.py:  77: iter: 001860, lr: 0.00100, loss: 1.158110 (1.930072), tok1: 89.375 (65.215), tok5: 98.125 (85.193), time: 0.866 (0.877), eta: 2:28:14, mem: 16625M
[08/21 09:15:15][INFO] trainer.py:  77: iter: 001870, lr: 0.00100, loss: 1.179711 (1.926059), tok1: 88.281 (65.338), tok5: 98.281 (85.263), time: 0.720 (0.876), eta: 2:27:56, mem: 16625M
[08/21 09:15:25][INFO] trainer.py:  77: iter: 001880, lr: 0.00100, loss: 1.173503 (1.922056), tok1: 87.188 (65.454), tok5: 98.750 (85.335), time: 0.973 (0.877), eta: 2:27:53, mem: 16625M
[08/21 09:15:34][INFO] trainer.py:  77: iter: 001890, lr: 0.00100, loss: 1.158837 (1.918018), tok1: 87.812 (65.573), tok5: 98.750 (85.406), time: 0.934 (0.877), eta: 2:27:47, mem: 16625M
[08/21 09:15:42][INFO] trainer.py:  77: iter: 001900, lr: 0.00100, loss: 1.150149 (1.913977), tok1: 88.438 (65.693), tok5: 99.219 (85.479), time: 0.719 (0.876), eta: 2:27:30, mem: 16625M
[08/21 09:15:50][INFO] trainer.py:  77: iter: 001910, lr: 0.00100, loss: 1.200508 (1.910241), tok1: 86.546 (65.802), tok5: 98.281 (85.546), time: 0.855 (0.876), eta: 2:27:20, mem: 16625M
[08/21 09:15:57][INFO] trainer.py:  77: iter: 001920, lr: 0.00100, loss: 1.132944 (1.906193), tok1: 89.062 (65.923), tok5: 99.219 (85.617), time: 0.722 (0.875), eta: 2:27:03, mem: 16625M
[08/21 09:16:07][INFO] trainer.py:  77: iter: 001930, lr: 0.00100, loss: 1.200194 (1.902535), tok1: 87.031 (66.033), tok5: 98.594 (85.684), time: 0.941 (0.876), eta: 2:26:58, mem: 16625M
[08/21 09:16:14][INFO] trainer.py:  77: iter: 001940, lr: 0.00100, loss: 1.131555 (1.898561), tok1: 88.906 (66.151), tok5: 99.062 (85.753), time: 0.745 (0.875), eta: 2:26:42, mem: 16625M
[08/21 09:16:21][INFO] trainer.py:  77: iter: 001950, lr: 0.00100, loss: 1.125378 (1.894596), tok1: 90.469 (66.275), tok5: 99.375 (85.823), time: 0.723 (0.874), eta: 2:26:26, mem: 16625M
[08/21 09:16:29][INFO] trainer.py:  77: iter: 001960, lr: 0.00100, loss: 1.134796 (1.890719), tok1: 89.844 (66.396), tok5: 98.906 (85.890), time: 0.774 (0.874), eta: 2:26:12, mem: 16625M
[08/21 09:16:39][INFO] trainer.py:  77: iter: 001970, lr: 0.00100, loss: 1.181100 (1.887117), tok1: 87.188 (66.501), tok5: 98.281 (85.953), time: 0.949 (0.874), eta: 2:26:07, mem: 16625M
[08/21 09:16:46][INFO] trainer.py:  77: iter: 001980, lr: 0.00100, loss: 1.154389 (1.883416), tok1: 88.750 (66.614), tok5: 98.594 (86.016), time: 0.720 (0.873), eta: 2:25:50, mem: 16625M
[08/21 09:16:55][INFO] trainer.py:  77: iter: 001990, lr: 0.00100, loss: 1.103586 (1.879498), tok1: 90.312 (66.733), tok5: 99.531 (86.084), time: 0.925 (0.874), eta: 2:25:44, mem: 16625M
[08/21 09:17:02][INFO] trainer.py:  77: iter: 002000, lr: 0.00100, loss: 1.181525 (1.876008), tok1: 86.149 (66.830), tok5: 98.636 (86.147), time: 0.694 (0.873), eta: 2:25:27, mem: 16625M
[08/21 09:17:02][INFO] checkpoint.py:  46: Saving checkpoint to outputs/x3d-s_clipgcn_tensor_cs_70_10_20_zsl_45_10_coco17_182/model_002000.pth
[08/21 09:17:02][INFO] inference.py:  51: Evaluating CLIPGCN_TENSOR dataset(449 video clips):
  0%|          | 0/8 [00:00<?, ?it/s] 12%|█▎        | 1/8 [00:04<00:31,  4.45s/it] 25%|██▌       | 2/8 [00:05<00:13,  2.33s/it] 38%|███▊      | 3/8 [00:05<00:07,  1.51s/it] 50%|█████     | 4/8 [00:06<00:04,  1.00s/it] 62%|██████▎   | 5/8 [00:06<00:02,  1.39it/s] 75%|███████▌  | 6/8 [00:06<00:01,  1.82it/s] 88%|████████▊ | 7/8 [00:06<00:00,  2.27it/s]100%|██████████| 8/8 [00:06<00:00,  1.19it/s]
[08/21 09:17:09][INFO] inference.py:  61: 
total - top1 acc: 73.828 top5 acc: 99.023
0   - A001                 - acc: 60.00
1   - A002                 - acc: 70.00
2   - A003                 - acc: 50.00
3   - A004                 - acc: 50.00
4   - A005                 - acc: 0.0
5   - A006                 - acc: 100.00
6   - A007                 - acc: 0.0
7   - A008                 - acc: 0.0
8   - A009                 - acc: 0.0
9   - A010                 - acc: 90.00
10  - A011                 - acc: 90.00
11  - A012                 - acc: 80.00
12  - A013                 - acc: 0.0
13  - A014                 - acc: 80.00
14  - A015                 - acc: 0.0
15  - A016                 - acc: 100.00
16  - A017                 - acc: 70.00
17  - A018                 - acc: 100.00
18  - A019                 - acc: 0.0
19  - A020                 - acc: 0.0
20  - A021                 - acc: 100.00
21  - A022                 - acc: 90.00
22  - A023                 - acc: 90.00
23  - A024                 - acc: 100.00
24  - A025                 - acc: 80.00
25  - A026                 - acc: 80.00
26  - A027                 - acc: 90.00
27  - A028                 - acc: 90.00
28  - A029                 - acc: 90.00
29  - A030                 - acc: 60.00
30  - A031                 - acc: 100.00
31  - A032                 - acc: 80.00
32  - A033                 - acc: 80.00
33  - A034                 - acc: 80.00
34  - A035                 - acc: 0.0
35  - A036                 - acc: 70.00
36  - A037                 - acc: 60.00
37  - A038                 - acc: 40.00
38  - A039                 - acc: 100.00
39  - A040                 - acc: 100.00
40  - A041                 - acc: 90.00
41  - A042                 - acc: 100.00
42  - A043                 - acc: 100.00
43  - A044                 - acc: 90.00
44  - A045                 - acc: 80.00
45  - A046                 - acc: 80.00
46  - A047                 - acc: 100.00
47  - A048                 - acc: 0.0
48  - A049                 - acc: 100.00
49  - A050                 - acc: 88.89
50  - A051                 - acc: 70.00
51  - A052                 - acc: 100.00
52  - A053                 - acc: 100.00
53  - A054                 - acc: 90.00
54  - A055                 - acc: 80.00

[08/21 09:17:17][INFO] trainer.py:  77: iter: 002010, lr: 0.00100, loss: 1.135076 (1.872322), tok1: 89.375 (66.942), tok5: 98.594 (86.209), time: 1.456 (0.876), eta: 2:25:47, mem: 16625M
[08/21 09:17:24][INFO] trainer.py:  77: iter: 002020, lr: 0.00100, loss: 1.119044 (1.868592), tok1: 90.625 (67.059), tok5: 99.219 (86.273), time: 0.722 (0.875), eta: 2:25:31, mem: 16625M
[08/21 09:17:31][INFO] trainer.py:  77: iter: 002030, lr: 0.00100, loss: 1.156320 (1.865084), tok1: 88.750 (67.166), tok5: 98.594 (86.334), time: 0.722 (0.874), eta: 2:25:14, mem: 16625M
[08/21 09:17:38][INFO] trainer.py:  77: iter: 002040, lr: 0.00100, loss: 1.128311 (1.861472), tok1: 89.531 (67.276), tok5: 98.906 (86.396), time: 0.722 (0.873), eta: 2:24:58, mem: 16625M
[08/21 09:17:47][INFO] trainer.py:  77: iter: 002050, lr: 0.00100, loss: 1.132268 (1.857915), tok1: 89.531 (67.384), tok5: 98.438 (86.455), time: 0.916 (0.874), eta: 2:24:51, mem: 16625M
[08/21 09:17:55][INFO] trainer.py:  77: iter: 002060, lr: 0.00100, loss: 1.128551 (1.854374), tok1: 89.062 (67.489), tok5: 99.219 (86.517), time: 0.725 (0.873), eta: 2:24:36, mem: 16625M
[08/21 09:18:05][INFO] trainer.py:  77: iter: 002070, lr: 0.00100, loss: 1.161803 (1.851029), tok1: 88.125 (67.589), tok5: 98.750 (86.576), time: 1.012 (0.874), eta: 2:24:33, mem: 16625M
[08/21 09:18:12][INFO] trainer.py:  77: iter: 002080, lr: 0.00100, loss: 1.110472 (1.847468), tok1: 91.106 (67.702), tok5: 98.678 (86.634), time: 0.689 (0.873), eta: 2:24:16, mem: 16625M
[08/21 09:18:21][INFO] trainer.py:  77: iter: 002090, lr: 0.00100, loss: 1.129377 (1.844032), tok1: 90.156 (67.810), tok5: 99.062 (86.693), time: 0.973 (0.873), eta: 2:24:12, mem: 16625M
[08/21 09:18:32][INFO] trainer.py:  77: iter: 002100, lr: 0.00100, loss: 1.115410 (1.840563), tok1: 90.000 (67.915), tok5: 98.438 (86.749), time: 1.014 (0.874), eta: 2:24:10, mem: 16625M
[08/21 09:18:39][INFO] trainer.py:  77: iter: 002110, lr: 0.00100, loss: 1.141275 (1.837249), tok1: 89.688 (68.018), tok5: 98.125 (86.803), time: 0.723 (0.873), eta: 2:23:54, mem: 16625M
[08/21 09:18:48][INFO] trainer.py:  77: iter: 002120, lr: 0.00100, loss: 1.125481 (1.833891), tok1: 88.594 (68.115), tok5: 98.906 (86.860), time: 0.940 (0.873), eta: 2:23:48, mem: 16625M
[08/21 09:18:57][INFO] trainer.py:  77: iter: 002130, lr: 0.00100, loss: 1.110081 (1.830493), tok1: 89.688 (68.217), tok5: 98.906 (86.917), time: 0.890 (0.873), eta: 2:23:40, mem: 16625M
[08/21 09:19:04][INFO] trainer.py:  77: iter: 002140, lr: 0.00100, loss: 1.131083 (1.827225), tok1: 89.531 (68.316), tok5: 99.219 (86.974), time: 0.721 (0.873), eta: 2:23:25, mem: 16625M
[08/21 09:19:12][INFO] trainer.py:  77: iter: 002150, lr: 0.00100, loss: 1.171427 (1.824175), tok1: 87.344 (68.405), tok5: 98.438 (87.028), time: 0.762 (0.872), eta: 2:23:11, mem: 16625M
[08/21 09:19:19][INFO] trainer.py:  77: iter: 002160, lr: 0.00100, loss: 1.143774 (1.821025), tok1: 88.222 (68.497), tok5: 99.062 (87.083), time: 0.690 (0.871), eta: 2:22:54, mem: 16625M
[08/21 09:19:28][INFO] trainer.py:  77: iter: 002170, lr: 0.00100, loss: 1.072951 (1.817577), tok1: 91.406 (68.602), tok5: 99.688 (87.141), time: 0.909 (0.872), eta: 2:22:47, mem: 16625M
[08/21 09:19:36][INFO] trainer.py:  77: iter: 002180, lr: 0.00100, loss: 1.106260 (1.814314), tok1: 89.688 (68.699), tok5: 98.594 (87.194), time: 0.849 (0.871), eta: 2:22:37, mem: 16625M
[08/21 09:19:44][INFO] trainer.py:  77: iter: 002190, lr: 0.00100, loss: 1.147435 (1.811269), tok1: 88.125 (68.788), tok5: 99.062 (87.248), time: 0.720 (0.871), eta: 2:22:22, mem: 16625M
[08/21 09:19:52][INFO] trainer.py:  77: iter: 002200, lr: 0.00100, loss: 1.118942 (1.808122), tok1: 89.062 (68.880), tok5: 98.906 (87.301), time: 0.791 (0.870), eta: 2:22:09, mem: 16625M
[08/21 09:20:00][INFO] trainer.py:  77: iter: 002210, lr: 0.00100, loss: 1.059509 (1.804735), tok1: 93.125 (68.989), tok5: 99.219 (87.355), time: 0.882 (0.870), eta: 2:22:01, mem: 16625M
[08/21 09:20:08][INFO] trainer.py:  77: iter: 002220, lr: 0.00100, loss: 1.096905 (1.801546), tok1: 89.375 (69.081), tok5: 99.062 (87.408), time: 0.724 (0.870), eta: 2:21:46, mem: 16625M
[08/21 09:20:17][INFO] trainer.py:  77: iter: 002230, lr: 0.00100, loss: 1.130911 (1.798539), tok1: 88.125 (69.167), tok5: 98.750 (87.459), time: 0.922 (0.870), eta: 2:21:40, mem: 16625M
[08/21 09:20:24][INFO] trainer.py:  77: iter: 002240, lr: 0.00100, loss: 1.084843 (1.795353), tok1: 91.250 (69.265), tok5: 99.375 (87.512), time: 0.720 (0.869), eta: 2:21:24, mem: 16625M
[08/21 09:20:31][INFO] trainer.py:  77: iter: 002250, lr: 0.00100, loss: 1.084432 (1.792193), tok1: 91.035 (69.362), tok5: 99.375 (87.565), time: 0.724 (0.869), eta: 2:21:09, mem: 16625M
[08/21 09:20:40][INFO] trainer.py:  77: iter: 002260, lr: 0.00100, loss: 1.146050 (1.789334), tok1: 87.969 (69.444), tok5: 98.594 (87.613), time: 0.908 (0.869), eta: 2:21:02, mem: 16625M
[08/21 09:20:48][INFO] trainer.py:  77: iter: 002270, lr: 0.00100, loss: 1.108151 (1.786333), tok1: 91.094 (69.540), tok5: 99.531 (87.666), time: 0.722 (0.868), eta: 2:20:47, mem: 16625M
[08/21 09:20:56][INFO] trainer.py:  77: iter: 002280, lr: 0.00100, loss: 1.074138 (1.783210), tok1: 92.344 (69.640), tok5: 99.062 (87.716), time: 0.878 (0.868), eta: 2:20:39, mem: 16625M
[08/21 09:21:04][INFO] trainer.py:  77: iter: 002290, lr: 0.00100, loss: 1.141447 (1.780407), tok1: 87.188 (69.716), tok5: 98.594 (87.763), time: 0.747 (0.868), eta: 2:20:25, mem: 16625M
[08/21 09:21:11][INFO] trainer.py:  77: iter: 002300, lr: 0.00100, loss: 1.104538 (1.777469), tok1: 90.469 (69.807), tok5: 98.906 (87.812), time: 0.721 (0.867), eta: 2:20:10, mem: 16625M
[08/21 09:21:19][INFO] trainer.py:  77: iter: 002310, lr: 0.00100, loss: 1.071804 (1.774414), tok1: 92.031 (69.903), tok5: 98.906 (87.860), time: 0.836 (0.867), eta: 2:20:00, mem: 16625M
[08/21 09:21:27][INFO] trainer.py:  77: iter: 002320, lr: 0.00100, loss: 1.123481 (1.771608), tok1: 88.594 (69.983), tok5: 99.062 (87.908), time: 0.721 (0.866), eta: 2:19:46, mem: 16625M
[08/21 09:21:34][INFO] trainer.py:  77: iter: 002330, lr: 0.00100, loss: 1.120842 (1.768815), tok1: 90.042 (70.069), tok5: 98.906 (87.955), time: 0.791 (0.866), eta: 2:19:34, mem: 16625M
[08/21 09:21:43][INFO] trainer.py:  77: iter: 002340, lr: 0.00100, loss: 1.076787 (1.765858), tok1: 91.562 (70.161), tok5: 99.062 (88.003), time: 0.820 (0.866), eta: 2:19:23, mem: 16625M
[08/21 09:21:50][INFO] trainer.py:  77: iter: 002350, lr: 0.00100, loss: 1.072276 (1.762906), tok1: 91.406 (70.252), tok5: 99.688 (88.052), time: 0.729 (0.865), eta: 2:19:09, mem: 16625M
[08/21 09:21:58][INFO] trainer.py:  77: iter: 002360, lr: 0.00100, loss: 1.116509 (1.760167), tok1: 90.000 (70.335), tok5: 99.062 (88.099), time: 0.764 (0.865), eta: 2:18:56, mem: 16625M
[08/21 09:22:06][INFO] trainer.py:  77: iter: 002370, lr: 0.00100, loss: 1.074071 (1.757273), tok1: 91.562 (70.425), tok5: 99.375 (88.147), time: 0.828 (0.865), eta: 2:18:46, mem: 16625M
[08/21 09:22:13][INFO] trainer.py:  77: iter: 002380, lr: 0.00100, loss: 1.084374 (1.754445), tok1: 91.250 (70.512), tok5: 98.906 (88.192), time: 0.718 (0.864), eta: 2:18:32, mem: 16625M
[08/21 09:22:20][INFO] trainer.py:  77: iter: 002390, lr: 0.00100, loss: 1.084916 (1.751644), tok1: 90.938 (70.598), tok5: 99.062 (88.237), time: 0.725 (0.863), eta: 2:18:17, mem: 16625M
[08/21 09:22:28][INFO] trainer.py:  77: iter: 002400, lr: 0.00100, loss: 1.069060 (1.748800), tok1: 90.625 (70.681), tok5: 99.219 (88.283), time: 0.719 (0.863), eta: 2:18:03, mem: 16625M
[08/21 09:22:35][INFO] trainer.py:  77: iter: 002410, lr: 0.00100, loss: 1.093583 (1.746081), tok1: 89.970 (70.761), tok5: 98.636 (88.326), time: 0.758 (0.862), eta: 2:17:50, mem: 16625M
[08/21 09:22:43][INFO] trainer.py:  77: iter: 002420, lr: 0.00100, loss: 1.048849 (1.743200), tok1: 92.344 (70.851), tok5: 99.531 (88.372), time: 0.798 (0.862), eta: 2:17:39, mem: 16625M
[08/21 09:22:50][INFO] trainer.py:  77: iter: 002430, lr: 0.00100, loss: 1.094366 (1.740530), tok1: 90.000 (70.929), tok5: 98.594 (88.414), time: 0.721 (0.862), eta: 2:17:25, mem: 16625M
[08/21 09:22:59][INFO] trainer.py:  77: iter: 002440, lr: 0.00100, loss: 1.070229 (1.737783), tok1: 92.344 (71.017), tok5: 98.906 (88.457), time: 0.846 (0.862), eta: 2:17:16, mem: 16625M
[08/21 09:23:08][INFO] trainer.py:  77: iter: 002450, lr: 0.00100, loss: 1.089136 (1.735135), tok1: 90.781 (71.098), tok5: 98.750 (88.499), time: 0.893 (0.862), eta: 2:17:08, mem: 16625M
[08/21 09:23:15][INFO] trainer.py:  77: iter: 002460, lr: 0.00100, loss: 1.078390 (1.732465), tok1: 90.938 (71.179), tok5: 99.375 (88.544), time: 0.772 (0.861), eta: 2:16:56, mem: 16625M
[08/21 09:23:25][INFO] trainer.py:  77: iter: 002470, lr: 0.00100, loss: 1.109749 (1.729944), tok1: 88.438 (71.248), tok5: 99.375 (88.588), time: 0.987 (0.862), eta: 2:16:52, mem: 16625M
[08/21 09:23:32][INFO] trainer.py:  77: iter: 002480, lr: 0.00100, loss: 1.081187 (1.727328), tok1: 91.719 (71.331), tok5: 99.062 (88.630), time: 0.720 (0.861), eta: 2:16:38, mem: 16625M
[08/21 09:23:40][INFO] trainer.py:  77: iter: 002490, lr: 0.00100, loss: 1.079045 (1.724725), tok1: 89.388 (71.403), tok5: 99.219 (88.672), time: 0.740 (0.861), eta: 2:16:25, mem: 16625M
[08/21 09:23:48][INFO] trainer.py:  77: iter: 002500, lr: 0.00100, loss: 1.090515 (1.722188), tok1: 90.000 (71.478), tok5: 98.906 (88.713), time: 0.768 (0.860), eta: 2:16:13, mem: 16625M
[08/21 09:23:48][INFO] checkpoint.py:  46: Saving checkpoint to outputs/x3d-s_clipgcn_tensor_cs_70_10_20_zsl_45_10_coco17_182/model_002500.pth
[08/21 09:23:48][INFO] inference.py:  51: Evaluating CLIPGCN_TENSOR dataset(449 video clips):
  0%|          | 0/8 [00:00<?, ?it/s] 12%|█▎        | 1/8 [00:04<00:34,  4.97s/it] 25%|██▌       | 2/8 [00:05<00:15,  2.56s/it] 38%|███▊      | 3/8 [00:06<00:07,  1.51s/it] 50%|█████     | 4/8 [00:06<00:04,  1.02s/it] 62%|██████▎   | 5/8 [00:06<00:02,  1.37it/s] 75%|███████▌  | 6/8 [00:06<00:01,  1.80it/s] 88%|████████▊ | 7/8 [00:07<00:00,  2.24it/s]100%|██████████| 8/8 [00:07<00:00,  1.13it/s]
[08/21 09:23:55][INFO] inference.py:  61: 
total - top1 acc: 74.414 top5 acc: 99.023
0   - A001                 - acc: 70.00
1   - A002                 - acc: 70.00
2   - A003                 - acc: 50.00
3   - A004                 - acc: 50.00
4   - A005                 - acc: 0.0
5   - A006                 - acc: 90.00
6   - A007                 - acc: 0.0
7   - A008                 - acc: 0.0
8   - A009                 - acc: 0.0
9   - A010                 - acc: 90.00
10  - A011                 - acc: 90.00
11  - A012                 - acc: 80.00
12  - A013                 - acc: 0.0
13  - A014                 - acc: 80.00
14  - A015                 - acc: 0.0
15  - A016                 - acc: 100.00
16  - A017                 - acc: 80.00
17  - A018                 - acc: 100.00
18  - A019                 - acc: 0.0
19  - A020                 - acc: 0.0
20  - A021                 - acc: 90.00
21  - A022                 - acc: 100.00
22  - A023                 - acc: 90.00
23  - A024                 - acc: 100.00
24  - A025                 - acc: 90.00
25  - A026                 - acc: 80.00
26  - A027                 - acc: 100.00
27  - A028                 - acc: 80.00
28  - A029                 - acc: 80.00
29  - A030                 - acc: 70.00
30  - A031                 - acc: 100.00
31  - A032                 - acc: 80.00
32  - A033                 - acc: 80.00
33  - A034                 - acc: 80.00
34  - A035                 - acc: 0.0
35  - A036                 - acc: 60.00
36  - A037                 - acc: 60.00
37  - A038                 - acc: 50.00
38  - A039                 - acc: 100.00
39  - A040                 - acc: 90.00
40  - A041                 - acc: 80.00
41  - A042                 - acc: 100.00
42  - A043                 - acc: 100.00
43  - A044                 - acc: 100.00
44  - A045                 - acc: 80.00
45  - A046                 - acc: 90.00
46  - A047                 - acc: 100.00
47  - A048                 - acc: 0.0
48  - A049                 - acc: 100.00
49  - A050                 - acc: 88.89
50  - A051                 - acc: 70.00
51  - A052                 - acc: 100.00
52  - A053                 - acc: 100.00
53  - A054                 - acc: 90.00
54  - A055                 - acc: 90.00

[08/21 09:24:03][INFO] trainer.py:  77: iter: 002510, lr: 0.00100, loss: 1.033461 (1.719444), tok1: 93.125 (71.564), tok5: 99.375 (88.756), time: 1.498 (0.863), eta: 2:16:28, mem: 16625M
[08/21 09:24:10][INFO] trainer.py:  77: iter: 002520, lr: 0.00100, loss: 1.088625 (1.716941), tok1: 90.156 (71.638), tok5: 98.750 (88.795), time: 0.721 (0.862), eta: 2:16:14, mem: 16625M
[08/21 09:24:17][INFO] trainer.py:  77: iter: 002530, lr: 0.00100, loss: 1.063335 (1.714357), tok1: 92.500 (71.720), tok5: 99.375 (88.837), time: 0.737 (0.862), eta: 2:16:01, mem: 16625M
[08/21 09:24:24][INFO] trainer.py:  77: iter: 002540, lr: 0.00100, loss: 1.092136 (1.711908), tok1: 90.312 (71.793), tok5: 98.906 (88.877), time: 0.723 (0.861), eta: 2:15:47, mem: 16625M
[08/21 09:24:32][INFO] trainer.py:  77: iter: 002550, lr: 0.00100, loss: 1.056188 (1.709336), tok1: 91.562 (71.871), tok5: 99.375 (88.918), time: 0.719 (0.861), eta: 2:15:33, mem: 16625M
[08/21 09:24:39][INFO] trainer.py:  77: iter: 002560, lr: 0.00100, loss: 1.101572 (1.706962), tok1: 90.156 (71.942), tok5: 98.594 (88.956), time: 0.721 (0.860), eta: 2:15:20, mem: 16625M
[08/21 09:24:47][INFO] trainer.py:  77: iter: 002570, lr: 0.00100, loss: 1.052877 (1.704417), tok1: 92.188 (72.021), tok5: 98.906 (88.995), time: 0.840 (0.860), eta: 2:15:10, mem: 16625M
[08/21 09:24:57][INFO] trainer.py:  77: iter: 002580, lr: 0.00100, loss: 1.101510 (1.702080), tok1: 89.033 (72.087), tok5: 99.062 (89.034), time: 1.032 (0.861), eta: 2:15:08, mem: 16625M
[08/21 09:25:05][INFO] trainer.py:  77: iter: 002590, lr: 0.00100, loss: 1.054233 (1.699579), tok1: 92.500 (72.166), tok5: 98.750 (89.071), time: 0.717 (0.860), eta: 2:14:54, mem: 16625M
[08/21 09:25:14][INFO] trainer.py:  77: iter: 002600, lr: 0.00100, loss: 1.036765 (1.697030), tok1: 92.344 (72.244), tok5: 99.375 (89.111), time: 0.897 (0.860), eta: 2:14:47, mem: 16625M
[08/21 09:25:23][INFO] trainer.py:  77: iter: 002610, lr: 0.00100, loss: 1.078089 (1.694658), tok1: 90.312 (72.313), tok5: 99.219 (89.149), time: 0.898 (0.861), eta: 2:14:40, mem: 16625M
[08/21 09:25:30][INFO] trainer.py:  77: iter: 002620, lr: 0.00100, loss: 1.048870 (1.692193), tok1: 90.312 (72.382), tok5: 99.219 (89.188), time: 0.720 (0.860), eta: 2:14:26, mem: 16625M
[08/21 09:25:39][INFO] trainer.py:  77: iter: 002630, lr: 0.00100, loss: 1.086722 (1.689891), tok1: 91.875 (72.456), tok5: 98.594 (89.224), time: 0.904 (0.860), eta: 2:14:19, mem: 16625M
[08/21 09:25:46][INFO] trainer.py:  77: iter: 002640, lr: 0.00100, loss: 1.043242 (1.687442), tok1: 93.125 (72.534), tok5: 99.375 (89.262), time: 0.722 (0.860), eta: 2:14:05, mem: 16625M
[08/21 09:25:56][INFO] trainer.py:  77: iter: 002650, lr: 0.00100, loss: 1.058376 (1.685068), tok1: 91.719 (72.606), tok5: 99.062 (89.299), time: 0.974 (0.860), eta: 2:14:01, mem: 16625M
[08/21 09:26:05][INFO] trainer.py:  77: iter: 002660, lr: 0.00100, loss: 1.059505 (1.682716), tok1: 91.432 (72.677), tok5: 99.147 (89.336), time: 0.895 (0.860), eta: 2:13:53, mem: 16625M
[08/21 09:26:12][INFO] trainer.py:  77: iter: 002670, lr: 0.00100, loss: 1.048992 (1.680343), tok1: 92.031 (72.750), tok5: 99.062 (89.373), time: 0.725 (0.860), eta: 2:13:40, mem: 16625M
[08/21 09:26:21][INFO] trainer.py:  77: iter: 002680, lr: 0.00100, loss: 1.057300 (1.678018), tok1: 92.344 (72.823), tok5: 98.594 (89.407), time: 0.911 (0.860), eta: 2:13:33, mem: 16625M
[08/21 09:26:28][INFO] trainer.py:  77: iter: 002690, lr: 0.00100, loss: 1.042220 (1.675654), tok1: 92.344 (72.895), tok5: 99.375 (89.444), time: 0.723 (0.859), eta: 2:13:20, mem: 16625M
[08/21 09:26:36][INFO] trainer.py:  77: iter: 002700, lr: 0.00100, loss: 1.077118 (1.673437), tok1: 89.844 (72.958), tok5: 99.062 (89.480), time: 0.718 (0.859), eta: 2:13:07, mem: 16625M
[08/21 09:26:43][INFO] trainer.py:  77: iter: 002710, lr: 0.00100, loss: 1.061455 (1.671179), tok1: 90.469 (73.023), tok5: 99.062 (89.515), time: 0.729 (0.858), eta: 2:12:54, mem: 16625M
[08/21 09:26:50][INFO] trainer.py:  77: iter: 002720, lr: 0.00100, loss: 1.043476 (1.668872), tok1: 93.125 (73.097), tok5: 99.219 (89.551), time: 0.727 (0.858), eta: 2:12:41, mem: 16625M
[08/21 09:26:58][INFO] trainer.py:  77: iter: 002730, lr: 0.00100, loss: 1.076129 (1.666700), tok1: 90.625 (73.161), tok5: 98.281 (89.583), time: 0.765 (0.858), eta: 2:12:29, mem: 16625M
[08/21 09:27:05][INFO] trainer.py:  77: iter: 002740, lr: 0.00100, loss: 1.030306 (1.664378), tok1: 92.656 (73.232), tok5: 99.531 (89.619), time: 0.745 (0.857), eta: 2:12:16, mem: 16625M
[08/21 09:27:12][INFO] trainer.py:  77: iter: 002750, lr: 0.00100, loss: 1.069391 (1.662214), tok1: 91.562 (73.299), tok5: 99.062 (89.653), time: 0.724 (0.857), eta: 2:12:03, mem: 16625M
[08/21 09:27:20][INFO] trainer.py:  77: iter: 002760, lr: 0.00100, loss: 1.037249 (1.659950), tok1: 92.344 (73.368), tok5: 99.375 (89.688), time: 0.773 (0.856), eta: 2:11:52, mem: 16625M
[08/21 09:27:27][INFO] trainer.py:  77: iter: 002770, lr: 0.00100, loss: 1.046927 (1.657737), tok1: 92.344 (73.436), tok5: 99.062 (89.722), time: 0.735 (0.856), eta: 2:11:39, mem: 16625M
[08/21 09:27:35][INFO] trainer.py:  77: iter: 002780, lr: 0.00100, loss: 1.030924 (1.655482), tok1: 92.188 (73.504), tok5: 99.844 (89.759), time: 0.721 (0.855), eta: 2:11:26, mem: 16625M
[08/21 09:27:44][INFO] trainer.py:  77: iter: 002790, lr: 0.00100, loss: 1.029789 (1.653239), tok1: 91.875 (73.569), tok5: 99.844 (89.795), time: 0.902 (0.856), eta: 2:11:19, mem: 16625M
[08/21 09:27:51][INFO] trainer.py:  77: iter: 002800, lr: 0.00100, loss: 1.073072 (1.651167), tok1: 91.094 (73.632), tok5: 99.062 (89.828), time: 0.723 (0.855), eta: 2:11:06, mem: 16625M
[08/21 09:28:00][INFO] trainer.py:  77: iter: 002810, lr: 0.00100, loss: 1.058396 (1.649058), tok1: 91.875 (73.697), tok5: 98.906 (89.860), time: 0.927 (0.855), eta: 2:11:00, mem: 16625M
[08/21 09:28:08][INFO] trainer.py:  77: iter: 002820, lr: 0.00100, loss: 1.026888 (1.646852), tok1: 93.125 (73.766), tok5: 99.219 (89.893), time: 0.767 (0.855), eta: 2:10:49, mem: 16625M
[08/21 09:28:15][INFO] trainer.py:  77: iter: 002830, lr: 0.00100, loss: 1.031502 (1.644677), tok1: 93.053 (73.834), tok5: 99.219 (89.926), time: 0.695 (0.854), eta: 2:10:35, mem: 16625M
[08/21 09:28:25][INFO] trainer.py:  77: iter: 002840, lr: 0.00100, loss: 1.017743 (1.642470), tok1: 94.219 (73.906), tok5: 99.375 (89.960), time: 1.005 (0.855), eta: 2:10:31, mem: 16625M
[08/21 09:28:32][INFO] trainer.py:  77: iter: 002850, lr: 0.00100, loss: 1.044899 (1.640373), tok1: 92.031 (73.969), tok5: 99.375 (89.993), time: 0.723 (0.855), eta: 2:10:19, mem: 16625M
[08/21 09:28:39][INFO] trainer.py:  77: iter: 002860, lr: 0.00100, loss: 1.063780 (1.638357), tok1: 92.344 (74.034), tok5: 99.219 (90.025), time: 0.720 (0.854), eta: 2:10:06, mem: 16625M
[08/21 09:28:47][INFO] trainer.py:  77: iter: 002870, lr: 0.00100, loss: 1.030188 (1.636238), tok1: 93.906 (74.103), tok5: 98.594 (90.055), time: 0.797 (0.854), eta: 2:09:55, mem: 16625M
[08/21 09:28:55][INFO] trainer.py:  77: iter: 002880, lr: 0.00100, loss: 1.053277 (1.634214), tok1: 91.406 (74.163), tok5: 99.219 (90.087), time: 0.723 (0.853), eta: 2:09:43, mem: 16625M
[08/21 09:29:02][INFO] trainer.py:  77: iter: 002890, lr: 0.00100, loss: 1.043823 (1.632171), tok1: 92.969 (74.228), tok5: 98.906 (90.117), time: 0.781 (0.853), eta: 2:09:32, mem: 16625M
[08/21 09:29:10][INFO] trainer.py:  77: iter: 002900, lr: 0.00100, loss: 1.024475 (1.630075), tok1: 91.719 (74.288), tok5: 99.531 (90.150), time: 0.751 (0.853), eta: 2:09:20, mem: 16625M
[08/21 09:29:17][INFO] trainer.py:  77: iter: 002910, lr: 0.00100, loss: 1.061098 (1.628120), tok1: 92.230 (74.350), tok5: 99.375 (90.181), time: 0.690 (0.852), eta: 2:09:07, mem: 16625M
[08/21 09:29:25][INFO] trainer.py:  77: iter: 002920, lr: 0.00100, loss: 1.007887 (1.625996), tok1: 93.750 (74.416), tok5: 98.906 (90.211), time: 0.855 (0.852), eta: 2:08:58, mem: 16625M
[08/21 09:29:35][INFO] trainer.py:  77: iter: 002930, lr: 0.00100, loss: 0.978497 (1.623786), tok1: 95.000 (74.487), tok5: 99.062 (90.241), time: 0.928 (0.853), eta: 2:08:52, mem: 16625M
[08/21 09:29:42][INFO] trainer.py:  77: iter: 002940, lr: 0.00100, loss: 1.002057 (1.621671), tok1: 94.531 (74.555), tok5: 99.531 (90.273), time: 0.721 (0.852), eta: 2:08:39, mem: 16625M
[08/21 09:29:50][INFO] trainer.py:  77: iter: 002950, lr: 0.00100, loss: 1.041778 (1.619706), tok1: 92.969 (74.617), tok5: 98.750 (90.302), time: 0.824 (0.852), eta: 2:08:30, mem: 16625M
[08/21 09:29:57][INFO] trainer.py:  77: iter: 002960, lr: 0.00100, loss: 1.044224 (1.617761), tok1: 92.656 (74.678), tok5: 99.062 (90.331), time: 0.722 (0.852), eta: 2:08:17, mem: 16625M
[08/21 09:30:05][INFO] trainer.py:  77: iter: 002970, lr: 0.00100, loss: 1.051550 (1.615855), tok1: 92.188 (74.737), tok5: 98.594 (90.359), time: 0.792 (0.851), eta: 2:08:07, mem: 16625M
[08/21 09:30:12][INFO] trainer.py:  77: iter: 002980, lr: 0.00100, loss: 1.027828 (1.613882), tok1: 91.562 (74.794), tok5: 99.844 (90.391), time: 0.722 (0.851), eta: 2:07:55, mem: 16625M
[08/21 09:30:19][INFO] trainer.py:  77: iter: 002990, lr: 0.00100, loss: 1.046972 (1.611986), tok1: 91.275 (74.849), tok5: 99.730 (90.422), time: 0.690 (0.850), eta: 2:07:41, mem: 16625M
[08/21 09:30:29][INFO] trainer.py:  77: iter: 003000, lr: 0.00100, loss: 1.047977 (1.610106), tok1: 91.406 (74.904), tok5: 98.438 (90.449), time: 0.961 (0.851), eta: 2:07:36, mem: 16625M
[08/21 09:30:29][INFO] checkpoint.py:  46: Saving checkpoint to outputs/x3d-s_clipgcn_tensor_cs_70_10_20_zsl_45_10_coco17_182/model_003000.pth
[08/21 09:30:29][INFO] inference.py:  51: Evaluating CLIPGCN_TENSOR dataset(449 video clips):
  0%|          | 0/8 [00:00<?, ?it/s] 12%|█▎        | 1/8 [00:05<00:38,  5.49s/it] 25%|██▌       | 2/8 [00:05<00:14,  2.39s/it] 38%|███▊      | 3/8 [00:05<00:06,  1.40s/it] 50%|█████     | 4/8 [00:06<00:03,  1.07it/s] 62%|██████▎   | 5/8 [00:06<00:02,  1.48it/s] 75%|███████▌  | 6/8 [00:06<00:01,  1.93it/s] 88%|████████▊ | 7/8 [00:06<00:00,  2.38it/s]100%|██████████| 8/8 [00:06<00:00,  1.17it/s]
[08/21 09:30:36][INFO] inference.py:  61: 
total - top1 acc: 74.805 top5 acc: 99.219
0   - A001                 - acc: 90.00
1   - A002                 - acc: 70.00
2   - A003                 - acc: 50.00
3   - A004                 - acc: 60.00
4   - A005                 - acc: 0.0
5   - A006                 - acc: 90.00
6   - A007                 - acc: 0.0
7   - A008                 - acc: 0.0
8   - A009                 - acc: 0.0
9   - A010                 - acc: 90.00
10  - A011                 - acc: 90.00
11  - A012                 - acc: 80.00
12  - A013                 - acc: 0.0
13  - A014                 - acc: 80.00
14  - A015                 - acc: 0.0
15  - A016                 - acc: 100.00
16  - A017                 - acc: 80.00
17  - A018                 - acc: 100.00
18  - A019                 - acc: 0.0
19  - A020                 - acc: 0.0
20  - A021                 - acc: 90.00
21  - A022                 - acc: 100.00
22  - A023                 - acc: 90.00
23  - A024                 - acc: 100.00
24  - A025                 - acc: 90.00
25  - A026                 - acc: 90.00
26  - A027                 - acc: 90.00
27  - A028                 - acc: 90.00
28  - A029                 - acc: 80.00
29  - A030                 - acc: 80.00
30  - A031                 - acc: 90.00
31  - A032                 - acc: 80.00
32  - A033                 - acc: 80.00
33  - A034                 - acc: 70.00
34  - A035                 - acc: 0.0
35  - A036                 - acc: 60.00
36  - A037                 - acc: 60.00
37  - A038                 - acc: 40.00
38  - A039                 - acc: 90.00
39  - A040                 - acc: 90.00
40  - A041                 - acc: 80.00
41  - A042                 - acc: 100.00
42  - A043                 - acc: 100.00
43  - A044                 - acc: 100.00
44  - A045                 - acc: 80.00
45  - A046                 - acc: 90.00
46  - A047                 - acc: 100.00
47  - A048                 - acc: 0.0
48  - A049                 - acc: 100.00
49  - A050                 - acc: 88.89
50  - A051                 - acc: 80.00
51  - A052                 - acc: 100.00
52  - A053                 - acc: 100.00
53  - A054                 - acc: 100.00
54  - A055                 - acc: 80.00

[08/21 09:30:44][INFO] trainer.py:  77: iter: 003010, lr: 0.00100, loss: 1.011617 (1.608117), tok1: 93.750 (74.966), tok5: 99.375 (90.479), time: 1.479 (0.853), eta: 2:07:46, mem: 16625M
[08/21 09:30:51][INFO] trainer.py:  77: iter: 003020, lr: 0.00100, loss: 0.995395 (1.606088), tok1: 94.844 (75.032), tok5: 99.531 (90.509), time: 0.722 (0.852), eta: 2:07:34, mem: 16625M
[08/21 09:30:58][INFO] trainer.py:  77: iter: 003030, lr: 0.00100, loss: 1.009673 (1.604120), tok1: 93.438 (75.093), tok5: 99.062 (90.537), time: 0.721 (0.852), eta: 2:07:22, mem: 16625M
[08/21 09:31:05][INFO] trainer.py:  77: iter: 003040, lr: 0.00100, loss: 1.041924 (1.602271), tok1: 91.250 (75.146), tok5: 98.906 (90.564), time: 0.719 (0.852), eta: 2:07:09, mem: 16625M
[08/21 09:31:13][INFO] trainer.py:  77: iter: 003050, lr: 0.00100, loss: 1.023160 (1.600372), tok1: 92.344 (75.203), tok5: 99.375 (90.593), time: 0.723 (0.851), eta: 2:06:57, mem: 16625M
[08/21 09:31:20][INFO] trainer.py:  77: iter: 003060, lr: 0.00100, loss: 1.043595 (1.598552), tok1: 91.562 (75.256), tok5: 99.062 (90.621), time: 0.717 (0.851), eta: 2:06:44, mem: 16625M
[08/21 09:31:27][INFO] trainer.py:  77: iter: 003070, lr: 0.00100, loss: 1.030996 (1.596704), tok1: 93.125 (75.314), tok5: 99.062 (90.648), time: 0.723 (0.850), eta: 2:06:32, mem: 16625M
[08/21 09:31:34][INFO] trainer.py:  77: iter: 003080, lr: 0.00100, loss: 1.018656 (1.594827), tok1: 93.366 (75.373), tok5: 99.219 (90.676), time: 0.694 (0.850), eta: 2:06:19, mem: 16625M
[08/21 09:31:45][INFO] trainer.py:  77: iter: 003090, lr: 0.00100, loss: 1.026886 (1.592989), tok1: 92.500 (75.428), tok5: 99.062 (90.703), time: 1.081 (0.850), eta: 2:06:17, mem: 16625M
[08/21 09:31:52][INFO] trainer.py:  77: iter: 003100, lr: 0.00100, loss: 0.993198 (1.591054), tok1: 93.750 (75.487), tok5: 99.375 (90.731), time: 0.723 (0.850), eta: 2:06:05, mem: 16625M
[08/21 09:32:02][INFO] trainer.py:  77: iter: 003110, lr: 0.00100, loss: 1.008164 (1.589180), tok1: 92.656 (75.543), tok5: 99.531 (90.760), time: 1.005 (0.851), eta: 2:06:01, mem: 16625M
[08/21 09:32:09][INFO] trainer.py:  77: iter: 003120, lr: 0.00100, loss: 1.003192 (1.587302), tok1: 94.219 (75.602), tok5: 99.531 (90.788), time: 0.721 (0.850), eta: 2:05:49, mem: 16625M
[08/21 09:32:18][INFO] trainer.py:  77: iter: 003130, lr: 0.00100, loss: 1.006357 (1.585446), tok1: 94.062 (75.661), tok5: 99.219 (90.815), time: 0.838 (0.850), eta: 2:05:40, mem: 16625M
[08/21 09:32:28][INFO] trainer.py:  77: iter: 003140, lr: 0.00100, loss: 1.056120 (1.583760), tok1: 92.656 (75.716), tok5: 98.438 (90.839), time: 1.001 (0.851), eta: 2:05:36, mem: 16625M
[08/21 09:32:35][INFO] trainer.py:  77: iter: 003150, lr: 0.00100, loss: 1.022331 (1.581978), tok1: 92.344 (75.768), tok5: 99.531 (90.867), time: 0.719 (0.850), eta: 2:05:24, mem: 16625M
[08/21 09:32:42][INFO] trainer.py:  77: iter: 003160, lr: 0.00100, loss: 1.006208 (1.580156), tok1: 95.042 (75.829), tok5: 99.531 (90.894), time: 0.690 (0.850), eta: 2:05:11, mem: 16625M
[08/21 09:32:49][INFO] trainer.py:  77: iter: 003170, lr: 0.00100, loss: 1.004663 (1.578340), tok1: 93.594 (75.885), tok5: 99.219 (90.920), time: 0.751 (0.849), eta: 2:04:59, mem: 16625M
[08/21 09:32:56][INFO] trainer.py:  77: iter: 003180, lr: 0.00100, loss: 0.989645 (1.576489), tok1: 95.469 (75.947), tok5: 99.062 (90.946), time: 0.719 (0.849), eta: 2:04:47, mem: 16625M
[08/21 09:33:04][INFO] trainer.py:  77: iter: 003190, lr: 0.00100, loss: 0.990637 (1.574652), tok1: 94.219 (76.004), tok5: 99.531 (90.973), time: 0.761 (0.849), eta: 2:04:36, mem: 16625M
[08/21 09:33:11][INFO] trainer.py:  77: iter: 003200, lr: 0.00100, loss: 1.042908 (1.572991), tok1: 92.031 (76.054), tok5: 98.594 (90.997), time: 0.719 (0.848), eta: 2:04:24, mem: 16625M
[08/21 09:33:20][INFO] trainer.py:  77: iter: 003210, lr: 0.00100, loss: 1.027610 (1.571292), tok1: 92.344 (76.105), tok5: 98.906 (91.021), time: 0.923 (0.849), eta: 2:04:18, mem: 16625M
[08/21 09:33:30][INFO] trainer.py:  77: iter: 003220, lr: 0.00100, loss: 1.036784 (1.569632), tok1: 91.094 (76.152), tok5: 99.219 (91.047), time: 1.004 (0.849), eta: 2:04:14, mem: 16625M
[08/21 09:33:38][INFO] trainer.py:  77: iter: 003230, lr: 0.00100, loss: 1.024023 (1.567942), tok1: 92.812 (76.203), tok5: 99.219 (91.072), time: 0.722 (0.849), eta: 2:04:02, mem: 16625M
[08/21 09:33:47][INFO] trainer.py:  77: iter: 003240, lr: 0.00100, loss: 1.006720 (1.566210), tok1: 92.158 (76.252), tok5: 99.105 (91.097), time: 0.891 (0.849), eta: 2:03:54, mem: 16625M
[08/21 09:33:56][INFO] trainer.py:  77: iter: 003250, lr: 0.00100, loss: 0.985103 (1.564422), tok1: 93.750 (76.306), tok5: 99.375 (91.122), time: 0.947 (0.849), eta: 2:03:48, mem: 16625M
[08/21 09:34:03][INFO] trainer.py:  77: iter: 003260, lr: 0.00100, loss: 0.983946 (1.562642), tok1: 94.375 (76.362), tok5: 99.531 (91.148), time: 0.718 (0.849), eta: 2:03:36, mem: 16625M
[08/21 09:34:12][INFO] trainer.py:  77: iter: 003270, lr: 0.00100, loss: 0.991755 (1.560896), tok1: 94.531 (76.417), tok5: 99.531 (91.174), time: 0.877 (0.849), eta: 2:03:29, mem: 16625M
[08/21 09:34:19][INFO] trainer.py:  77: iter: 003280, lr: 0.00100, loss: 1.014875 (1.559231), tok1: 93.438 (76.469), tok5: 99.219 (91.198), time: 0.721 (0.848), eta: 2:03:17, mem: 16625M
[08/21 09:34:29][INFO] trainer.py:  77: iter: 003290, lr: 0.00100, loss: 1.009742 (1.557561), tok1: 93.438 (76.521), tok5: 99.531 (91.224), time: 0.957 (0.849), eta: 2:03:11, mem: 16625M
[08/21 09:34:38][INFO] trainer.py:  77: iter: 003300, lr: 0.00100, loss: 0.981606 (1.555816), tok1: 94.219 (76.574), tok5: 99.062 (91.247), time: 0.930 (0.849), eta: 2:03:05, mem: 16625M
[08/21 09:34:45][INFO] trainer.py:  77: iter: 003310, lr: 0.00100, loss: 1.029703 (1.554226), tok1: 93.125 (76.624), tok5: 99.219 (91.271), time: 0.720 (0.849), eta: 2:02:53, mem: 16625M
[08/21 09:34:55][INFO] trainer.py:  77: iter: 003320, lr: 0.00100, loss: 1.019700 (1.552616), tok1: 93.522 (76.675), tok5: 99.062 (91.295), time: 0.930 (0.849), eta: 2:02:47, mem: 16625M
[08/21 09:35:05][INFO] trainer.py:  77: iter: 003330, lr: 0.00100, loss: 1.000535 (1.550958), tok1: 93.438 (76.726), tok5: 99.219 (91.319), time: 1.008 (0.849), eta: 2:02:42, mem: 16625M
[08/21 09:35:12][INFO] trainer.py:  77: iter: 003340, lr: 0.00100, loss: 0.993040 (1.549288), tok1: 94.531 (76.779), tok5: 99.219 (91.342), time: 0.719 (0.849), eta: 2:02:30, mem: 16625M
[08/21 09:35:21][INFO] trainer.py:  77: iter: 003350, lr: 0.00100, loss: 0.975166 (1.547574), tok1: 95.938 (76.836), tok5: 99.531 (91.367), time: 0.955 (0.849), eta: 2:02:25, mem: 16625M
[08/21 09:35:29][INFO] trainer.py:  77: iter: 003360, lr: 0.00100, loss: 1.013845 (1.545986), tok1: 92.812 (76.884), tok5: 98.906 (91.389), time: 0.722 (0.849), eta: 2:02:13, mem: 16625M
[08/21 09:35:38][INFO] trainer.py:  77: iter: 003370, lr: 0.00100, loss: 1.000893 (1.544368), tok1: 94.531 (76.936), tok5: 99.375 (91.413), time: 0.921 (0.849), eta: 2:02:06, mem: 16625M
[08/21 09:35:48][INFO] trainer.py:  77: iter: 003380, lr: 0.00100, loss: 1.025244 (1.542832), tok1: 92.656 (76.983), tok5: 98.906 (91.435), time: 1.035 (0.850), eta: 2:02:03, mem: 16625M
[08/21 09:35:55][INFO] trainer.py:  77: iter: 003390, lr: 0.00100, loss: 1.028337 (1.541315), tok1: 91.875 (77.026), tok5: 99.375 (91.458), time: 0.721 (0.849), eta: 2:01:51, mem: 16625M
[08/21 09:36:04][INFO] trainer.py:  77: iter: 003400, lr: 0.00100, loss: 0.986748 (1.539683), tok1: 94.531 (77.078), tok5: 99.688 (91.483), time: 0.892 (0.849), eta: 2:01:43, mem: 16625M
[08/21 09:36:15][INFO] trainer.py:  77: iter: 003410, lr: 0.00100, loss: 0.998256 (1.538096), tok1: 94.219 (77.128), tok5: 99.375 (91.506), time: 1.052 (0.850), eta: 2:01:40, mem: 16625M
[08/21 09:36:22][INFO] trainer.py:  77: iter: 003420, lr: 0.00100, loss: 0.975418 (1.536450), tok1: 94.688 (77.180), tok5: 99.062 (91.528), time: 0.720 (0.850), eta: 2:01:28, mem: 16625M
[08/21 09:36:30][INFO] trainer.py:  77: iter: 003430, lr: 0.00100, loss: 0.994048 (1.534869), tok1: 93.750 (77.228), tok5: 99.219 (91.550), time: 0.784 (0.849), eta: 2:01:18, mem: 16625M
[08/21 09:36:37][INFO] trainer.py:  77: iter: 003440, lr: 0.00100, loss: 0.994050 (1.533297), tok1: 93.438 (77.275), tok5: 99.062 (91.572), time: 0.720 (0.849), eta: 2:01:06, mem: 16625M
[08/21 09:36:47][INFO] trainer.py:  77: iter: 003450, lr: 0.00100, loss: 0.984512 (1.531706), tok1: 94.688 (77.325), tok5: 99.375 (91.595), time: 0.984 (0.849), eta: 2:01:01, mem: 16625M
[08/21 09:36:57][INFO] trainer.py:  77: iter: 003460, lr: 0.00100, loss: 0.963513 (1.530064), tok1: 95.469 (77.378), tok5: 99.219 (91.617), time: 0.966 (0.850), eta: 2:00:56, mem: 16625M
[08/21 09:37:04][INFO] trainer.py:  77: iter: 003470, lr: 0.00100, loss: 1.008551 (1.528561), tok1: 92.812 (77.422), tok5: 99.219 (91.639), time: 0.720 (0.849), eta: 2:00:44, mem: 16625M
[08/21 09:37:13][INFO] trainer.py:  77: iter: 003480, lr: 0.00100, loss: 0.986971 (1.527005), tok1: 93.594 (77.469), tok5: 99.062 (91.660), time: 0.885 (0.849), eta: 2:00:36, mem: 16625M
[08/21 09:37:22][INFO] trainer.py:  77: iter: 003490, lr: 0.00100, loss: 0.995460 (1.525482), tok1: 94.459 (77.518), tok5: 98.750 (91.680), time: 0.964 (0.850), eta: 2:00:31, mem: 16625M
[08/21 09:37:29][INFO] trainer.py:  77: iter: 003500, lr: 0.00100, loss: 0.987551 (1.523945), tok1: 93.594 (77.563), tok5: 99.375 (91.702), time: 0.722 (0.849), eta: 2:00:19, mem: 16625M
[08/21 09:37:29][INFO] checkpoint.py:  46: Saving checkpoint to outputs/x3d-s_clipgcn_tensor_cs_70_10_20_zsl_45_10_coco17_182/model_003500.pth
[08/21 09:37:30][INFO] inference.py:  51: Evaluating CLIPGCN_TENSOR dataset(449 video clips):
  0%|          | 0/8 [00:00<?, ?it/s] 12%|█▎        | 1/8 [00:04<00:28,  4.08s/it] 25%|██▌       | 2/8 [00:04<00:12,  2.15s/it] 38%|███▊      | 3/8 [00:05<00:06,  1.26s/it] 50%|█████     | 4/8 [00:05<00:03,  1.01it/s] 62%|██████▎   | 5/8 [00:05<00:02,  1.41it/s] 75%|███████▌  | 6/8 [00:06<00:01,  1.84it/s] 88%|████████▊ | 7/8 [00:06<00:00,  2.29it/s]100%|██████████| 8/8 [00:06<00:00,  1.26it/s]
[08/21 09:37:36][INFO] inference.py:  61: 
total - top1 acc: 75.586 top5 acc: 99.609
0   - A001                 - acc: 80.00
1   - A002                 - acc: 70.00
2   - A003                 - acc: 50.00
3   - A004                 - acc: 60.00
4   - A005                 - acc: 0.0
5   - A006                 - acc: 90.00
6   - A007                 - acc: 0.0
7   - A008                 - acc: 0.0
8   - A009                 - acc: 0.0
9   - A010                 - acc: 90.00
10  - A011                 - acc: 100.00
11  - A012                 - acc: 90.00
12  - A013                 - acc: 0.0
13  - A014                 - acc: 80.00
14  - A015                 - acc: 0.0
15  - A016                 - acc: 100.00
16  - A017                 - acc: 80.00
17  - A018                 - acc: 100.00
18  - A019                 - acc: 0.0
19  - A020                 - acc: 0.0
20  - A021                 - acc: 100.00
21  - A022                 - acc: 100.00
22  - A023                 - acc: 90.00
23  - A024                 - acc: 100.00
24  - A025                 - acc: 90.00
25  - A026                 - acc: 80.00
26  - A027                 - acc: 90.00
27  - A028                 - acc: 60.00
28  - A029                 - acc: 80.00
29  - A030                 - acc: 80.00
30  - A031                 - acc: 90.00
31  - A032                 - acc: 90.00
32  - A033                 - acc: 80.00
33  - A034                 - acc: 80.00
34  - A035                 - acc: 0.0
35  - A036                 - acc: 80.00
36  - A037                 - acc: 60.00
37  - A038                 - acc: 60.00
38  - A039                 - acc: 90.00
39  - A040                 - acc: 90.00
40  - A041                 - acc: 80.00
41  - A042                 - acc: 100.00
42  - A043                 - acc: 100.00
43  - A044                 - acc: 100.00
44  - A045                 - acc: 80.00
45  - A046                 - acc: 90.00
46  - A047                 - acc: 100.00
47  - A048                 - acc: 0.0
48  - A049                 - acc: 100.00
49  - A050                 - acc: 88.89
50  - A051                 - acc: 70.00
51  - A052                 - acc: 100.00
52  - A053                 - acc: 100.00
53  - A054                 - acc: 100.00
54  - A055                 - acc: 90.00

[08/21 09:37:44][INFO] trainer.py:  77: iter: 003510, lr: 0.00100, loss: 1.001607 (1.522457), tok1: 92.969 (77.607), tok5: 99.375 (91.724), time: 1.417 (0.851), eta: 2:00:24, mem: 16625M
[08/21 09:37:51][INFO] trainer.py:  77: iter: 003520, lr: 0.00100, loss: 0.985868 (1.520932), tok1: 94.688 (77.656), tok5: 99.531 (91.746), time: 0.719 (0.851), eta: 2:00:13, mem: 16625M
[08/21 09:37:58][INFO] trainer.py:  77: iter: 003530, lr: 0.00100, loss: 1.002031 (1.519462), tok1: 93.750 (77.701), tok5: 99.219 (91.768), time: 0.719 (0.850), eta: 2:00:01, mem: 16625M
[08/21 09:38:05][INFO] trainer.py:  77: iter: 003540, lr: 0.00100, loss: 0.987289 (1.517959), tok1: 93.750 (77.747), tok5: 99.375 (91.789), time: 0.720 (0.850), eta: 1:59:49, mem: 16625M
[08/21 09:38:12][INFO] trainer.py:  77: iter: 003550, lr: 0.00100, loss: 0.978042 (1.516438), tok1: 94.688 (77.795), tok5: 99.375 (91.810), time: 0.721 (0.850), eta: 1:59:38, mem: 16625M
[08/21 09:38:20][INFO] trainer.py:  77: iter: 003560, lr: 0.00100, loss: 0.974073 (1.514915), tok1: 94.531 (77.842), tok5: 99.844 (91.833), time: 0.721 (0.849), eta: 1:59:26, mem: 16625M
[08/21 09:38:27][INFO] trainer.py:  77: iter: 003570, lr: 0.00100, loss: 0.985021 (1.513430), tok1: 93.522 (77.885), tok5: 99.688 (91.855), time: 0.699 (0.849), eta: 1:59:14, mem: 16625M
[08/21 09:38:34][INFO] trainer.py:  77: iter: 003580, lr: 0.00100, loss: 0.996217 (1.511986), tok1: 93.594 (77.929), tok5: 99.219 (91.876), time: 0.723 (0.848), eta: 1:59:03, mem: 16625M
[08/21 09:38:42][INFO] trainer.py:  77: iter: 003590, lr: 0.00100, loss: 1.002791 (1.510567), tok1: 94.219 (77.975), tok5: 99.062 (91.896), time: 0.803 (0.848), eta: 1:58:53, mem: 16625M
[08/21 09:38:49][INFO] trainer.py:  77: iter: 003600, lr: 0.00100, loss: 0.961361 (1.509042), tok1: 95.781 (78.024), tok5: 99.531 (91.917), time: 0.725 (0.848), eta: 1:58:42, mem: 16625M
[08/21 09:38:58][INFO] trainer.py:  77: iter: 003610, lr: 0.00100, loss: 0.959605 (1.507520), tok1: 94.688 (78.070), tok5: 99.531 (91.938), time: 0.845 (0.848), eta: 1:58:33, mem: 16625M
[08/21 09:39:05][INFO] trainer.py:  77: iter: 003620, lr: 0.00100, loss: 0.977915 (1.506057), tok1: 94.844 (78.117), tok5: 99.375 (91.958), time: 0.746 (0.848), eta: 1:58:22, mem: 16625M
[08/21 09:39:12][INFO] trainer.py:  77: iter: 003630, lr: 0.00100, loss: 0.985097 (1.504622), tok1: 93.594 (78.159), tok5: 99.219 (91.978), time: 0.722 (0.847), eta: 1:58:11, mem: 16625M
[08/21 09:39:22][INFO] trainer.py:  77: iter: 003640, lr: 0.00100, loss: 0.980398 (1.503181), tok1: 94.375 (78.204), tok5: 99.219 (91.998), time: 0.980 (0.848), eta: 1:58:06, mem: 16625M
[08/21 09:39:32][INFO] trainer.py:  77: iter: 003650, lr: 0.00100, loss: 0.992430 (1.501782), tok1: 95.312 (78.251), tok5: 99.375 (92.019), time: 0.953 (0.848), eta: 1:58:00, mem: 16625M
[08/21 09:39:38][INFO] trainer.py:  77: iter: 003660, lr: 0.00100, loss: 0.970618 (1.500331), tok1: 94.573 (78.295), tok5: 99.219 (92.038), time: 0.689 (0.847), eta: 1:57:48, mem: 16625M
[08/21 09:39:49][INFO] trainer.py:  77: iter: 003670, lr: 0.00100, loss: 0.951914 (1.498836), tok1: 95.469 (78.342), tok5: 99.844 (92.059), time: 1.015 (0.848), eta: 1:57:43, mem: 16625M
[08/21 09:39:56][INFO] trainer.py:  77: iter: 003680, lr: 0.00100, loss: 0.994578 (1.497466), tok1: 92.969 (78.382), tok5: 99.219 (92.079), time: 0.721 (0.848), eta: 1:57:31, mem: 16625M
[08/21 09:40:05][INFO] trainer.py:  77: iter: 003690, lr: 0.00100, loss: 0.990462 (1.496092), tok1: 94.062 (78.424), tok5: 99.531 (92.099), time: 0.907 (0.848), eta: 1:57:24, mem: 16625M
[08/21 09:40:13][INFO] trainer.py:  77: iter: 003700, lr: 0.00100, loss: 0.966278 (1.494660), tok1: 94.844 (78.469), tok5: 99.219 (92.118), time: 0.856 (0.848), eta: 1:57:16, mem: 16625M
[08/21 09:40:21][INFO] trainer.py:  77: iter: 003710, lr: 0.00100, loss: 0.971995 (1.493251), tok1: 93.750 (78.510), tok5: 99.375 (92.138), time: 0.720 (0.847), eta: 1:57:05, mem: 16625M
[08/21 09:40:30][INFO] trainer.py:  77: iter: 003720, lr: 0.00100, loss: 0.994000 (1.491909), tok1: 94.531 (78.553), tok5: 99.531 (92.158), time: 0.932 (0.848), eta: 1:56:58, mem: 16625M
[08/21 09:40:38][INFO] trainer.py:  77: iter: 003730, lr: 0.00100, loss: 0.973916 (1.490521), tok1: 94.531 (78.596), tok5: 99.375 (92.177), time: 0.837 (0.848), eta: 1:56:49, mem: 16625M
[08/21 09:40:45][INFO] trainer.py:  77: iter: 003740, lr: 0.00100, loss: 0.965909 (1.489118), tok1: 95.511 (78.641), tok5: 99.688 (92.197), time: 0.689 (0.847), eta: 1:56:37, mem: 16625M
[08/21 09:40:56][INFO] trainer.py:  77: iter: 003750, lr: 0.00100, loss: 0.949209 (1.487678), tok1: 95.469 (78.686), tok5: 99.688 (92.217), time: 1.070 (0.848), eta: 1:56:34, mem: 16625M
[08/21 09:41:03][INFO] trainer.py:  77: iter: 003760, lr: 0.00100, loss: 0.962380 (1.486281), tok1: 95.156 (78.730), tok5: 99.062 (92.235), time: 0.719 (0.847), eta: 1:56:23, mem: 16625M
[08/21 09:41:12][INFO] trainer.py:  77: iter: 003770, lr: 0.00100, loss: 0.990332 (1.484966), tok1: 93.438 (78.769), tok5: 99.375 (92.254), time: 0.896 (0.848), eta: 1:56:15, mem: 16625M
[08/21 09:41:22][INFO] trainer.py:  77: iter: 003780, lr: 0.00100, loss: 0.955547 (1.483565), tok1: 95.312 (78.813), tok5: 99.375 (92.273), time: 0.950 (0.848), eta: 1:56:09, mem: 16625M
[08/21 09:41:29][INFO] trainer.py:  77: iter: 003790, lr: 0.00100, loss: 0.968920 (1.482207), tok1: 94.844 (78.855), tok5: 99.844 (92.293), time: 0.724 (0.848), eta: 1:55:58, mem: 16625M
[08/21 09:41:38][INFO] trainer.py:  77: iter: 003800, lr: 0.00100, loss: 0.961310 (1.480836), tok1: 95.781 (78.899), tok5: 99.531 (92.312), time: 0.939 (0.848), eta: 1:55:51, mem: 16625M
[08/21 09:41:47][INFO] trainer.py:  77: iter: 003810, lr: 0.00100, loss: 0.952685 (1.479450), tok1: 94.844 (78.941), tok5: 99.375 (92.331), time: 0.922 (0.848), eta: 1:55:44, mem: 16625M
[08/21 09:41:54][INFO] trainer.py:  77: iter: 003820, lr: 0.00100, loss: 0.954328 (1.478075), tok1: 95.823 (78.985), tok5: 99.531 (92.350), time: 0.697 (0.848), eta: 1:55:33, mem: 16625M
[08/21 09:42:04][INFO] trainer.py:  77: iter: 003830, lr: 0.00100, loss: 0.977838 (1.476769), tok1: 95.312 (79.028), tok5: 99.219 (92.368), time: 0.931 (0.848), eta: 1:55:26, mem: 16625M
[08/21 09:42:11][INFO] trainer.py:  77: iter: 003840, lr: 0.00100, loss: 0.952653 (1.475405), tok1: 94.531 (79.068), tok5: 99.531 (92.386), time: 0.730 (0.847), eta: 1:55:15, mem: 16625M
[08/21 09:42:20][INFO] trainer.py:  77: iter: 003850, lr: 0.00100, loss: 0.959073 (1.474063), tok1: 95.625 (79.111), tok5: 99.844 (92.406), time: 0.855 (0.848), eta: 1:55:07, mem: 16625M
[08/21 09:42:28][INFO] trainer.py:  77: iter: 003860, lr: 0.00100, loss: 0.976875 (1.472775), tok1: 93.906 (79.150), tok5: 99.531 (92.424), time: 0.886 (0.848), eta: 1:54:59, mem: 16625M
[08/21 09:42:36][INFO] trainer.py:  77: iter: 003870, lr: 0.00100, loss: 0.981194 (1.471505), tok1: 93.125 (79.186), tok5: 99.531 (92.442), time: 0.730 (0.847), eta: 1:54:48, mem: 16625M
[08/21 09:42:45][INFO] trainer.py:  77: iter: 003880, lr: 0.00100, loss: 1.002437 (1.470296), tok1: 93.906 (79.224), tok5: 99.219 (92.460), time: 0.888 (0.847), eta: 1:54:40, mem: 16625M
[08/21 09:42:53][INFO] trainer.py:  77: iter: 003890, lr: 0.00100, loss: 0.954889 (1.468971), tok1: 95.781 (79.266), tok5: 99.375 (92.478), time: 0.882 (0.847), eta: 1:54:33, mem: 16625M
[08/21 09:43:01][INFO] trainer.py:  77: iter: 003900, lr: 0.00100, loss: 0.953090 (1.467648), tok1: 95.000 (79.307), tok5: 99.375 (92.495), time: 0.721 (0.847), eta: 1:54:22, mem: 16625M
[08/21 09:43:09][INFO] trainer.py:  77: iter: 003910, lr: 0.00100, loss: 0.955708 (1.466339), tok1: 95.397 (79.348), tok5: 99.531 (92.513), time: 0.877 (0.847), eta: 1:54:14, mem: 16625M
[08/21 09:43:17][INFO] trainer.py:  77: iter: 003920, lr: 0.00100, loss: 0.956051 (1.465037), tok1: 95.312 (79.389), tok5: 99.219 (92.530), time: 0.722 (0.847), eta: 1:54:03, mem: 16625M
[08/21 09:43:26][INFO] trainer.py:  77: iter: 003930, lr: 0.00100, loss: 0.925508 (1.463665), tok1: 97.188 (79.434), tok5: 99.844 (92.549), time: 0.919 (0.847), eta: 1:53:56, mem: 16625M
[08/21 09:43:35][INFO] trainer.py:  77: iter: 003940, lr: 0.00100, loss: 0.959090 (1.462384), tok1: 95.625 (79.475), tok5: 99.531 (92.567), time: 0.908 (0.847), eta: 1:53:48, mem: 16625M
[08/21 09:43:42][INFO] trainer.py:  77: iter: 003950, lr: 0.00100, loss: 0.940619 (1.461063), tok1: 96.250 (79.517), tok5: 99.531 (92.584), time: 0.720 (0.847), eta: 1:53:37, mem: 16625M
[08/21 09:43:50][INFO] trainer.py:  77: iter: 003960, lr: 0.00100, loss: 0.927783 (1.459716), tok1: 97.188 (79.562), tok5: 99.688 (92.602), time: 0.749 (0.847), eta: 1:53:27, mem: 16625M
[08/21 09:43:58][INFO] trainer.py:  77: iter: 003970, lr: 0.00100, loss: 0.974741 (1.458495), tok1: 94.062 (79.599), tok5: 99.688 (92.620), time: 0.847 (0.847), eta: 1:53:18, mem: 16625M
[08/21 09:44:05][INFO] trainer.py:  77: iter: 003980, lr: 0.00100, loss: 0.982545 (1.457299), tok1: 93.438 (79.633), tok5: 99.375 (92.637), time: 0.721 (0.846), eta: 1:53:07, mem: 16625M
[08/21 09:44:15][INFO] trainer.py:  77: iter: 003990, lr: 0.00100, loss: 0.973222 (1.456086), tok1: 93.024 (79.667), tok5: 99.531 (92.654), time: 0.925 (0.847), eta: 1:53:01, mem: 16625M
[08/21 09:44:22][INFO] trainer.py:  77: iter: 004000, lr: 0.00100, loss: 0.971063 (1.454873), tok1: 94.844 (79.705), tok5: 98.906 (92.670), time: 0.721 (0.846), eta: 1:52:50, mem: 16625M
[08/21 09:44:22][INFO] checkpoint.py:  46: Saving checkpoint to outputs/x3d-s_clipgcn_tensor_cs_70_10_20_zsl_45_10_coco17_182/model_004000.pth
[08/21 09:44:22][INFO] inference.py:  51: Evaluating CLIPGCN_TENSOR dataset(449 video clips):
  0%|          | 0/8 [00:00<?, ?it/s] 12%|█▎        | 1/8 [00:04<00:33,  4.86s/it] 25%|██▌       | 2/8 [00:06<00:16,  2.76s/it] 38%|███▊      | 3/8 [00:06<00:08,  1.60s/it] 50%|█████     | 4/8 [00:06<00:04,  1.05s/it] 62%|██████▎   | 5/8 [00:06<00:02,  1.33it/s] 75%|███████▌  | 6/8 [00:07<00:01,  1.75it/s] 88%|████████▊ | 7/8 [00:07<00:00,  2.20it/s]100%|██████████| 8/8 [00:07<00:00,  1.10it/s]
[08/21 09:44:29][INFO] inference.py:  61: 
total - top1 acc: 74.805 top5 acc: 99.414
0   - A001                 - acc: 80.00
1   - A002                 - acc: 70.00
2   - A003                 - acc: 40.00
3   - A004                 - acc: 60.00
4   - A005                 - acc: 0.0
5   - A006                 - acc: 90.00
6   - A007                 - acc: 0.0
7   - A008                 - acc: 0.0
8   - A009                 - acc: 0.0
9   - A010                 - acc: 90.00
10  - A011                 - acc: 100.00
11  - A012                 - acc: 80.00
12  - A013                 - acc: 0.0
13  - A014                 - acc: 80.00
14  - A015                 - acc: 0.0
15  - A016                 - acc: 100.00
16  - A017                 - acc: 80.00
17  - A018                 - acc: 100.00
18  - A019                 - acc: 0.0
19  - A020                 - acc: 0.0
20  - A021                 - acc: 100.00
21  - A022                 - acc: 100.00
22  - A023                 - acc: 90.00
23  - A024                 - acc: 100.00
24  - A025                 - acc: 90.00
25  - A026                 - acc: 80.00
26  - A027                 - acc: 90.00
27  - A028                 - acc: 60.00
28  - A029                 - acc: 80.00
29  - A030                 - acc: 70.00
30  - A031                 - acc: 90.00
31  - A032                 - acc: 90.00
32  - A033                 - acc: 80.00
33  - A034                 - acc: 80.00
34  - A035                 - acc: 0.0
35  - A036                 - acc: 70.00
36  - A037                 - acc: 60.00
37  - A038                 - acc: 50.00
38  - A039                 - acc: 100.00
39  - A040                 - acc: 90.00
40  - A041                 - acc: 80.00
41  - A042                 - acc: 100.00
42  - A043                 - acc: 100.00
43  - A044                 - acc: 100.00
44  - A045                 - acc: 80.00
45  - A046                 - acc: 80.00
46  - A047                 - acc: 100.00
47  - A048                 - acc: 0.0
48  - A049                 - acc: 100.00
49  - A050                 - acc: 88.89
50  - A051                 - acc: 80.00
51  - A052                 - acc: 100.00
52  - A053                 - acc: 100.00
53  - A054                 - acc: 100.00
54  - A055                 - acc: 90.00

[08/21 09:44:37][INFO] trainer.py:  77: iter: 004010, lr: 0.00100, loss: 0.973700 (1.453673), tok1: 95.000 (79.743), tok5: 98.594 (92.685), time: 1.500 (0.848), eta: 1:52:54, mem: 16625M
[08/21 09:44:44][INFO] trainer.py:  77: iter: 004020, lr: 0.00100, loss: 1.001881 (1.452549), tok1: 93.281 (79.777), tok5: 98.750 (92.700), time: 0.722 (0.848), eta: 1:52:43, mem: 16625M
[08/21 09:44:51][INFO] trainer.py:  77: iter: 004030, lr: 0.00100, loss: 0.944052 (1.451287), tok1: 96.094 (79.817), tok5: 99.219 (92.716), time: 0.721 (0.847), eta: 1:52:32, mem: 16625M
[08/21 09:44:58][INFO] trainer.py:  77: iter: 004040, lr: 0.00100, loss: 0.957397 (1.450065), tok1: 95.625 (79.856), tok5: 99.688 (92.733), time: 0.719 (0.847), eta: 1:52:21, mem: 16625M
[08/21 09:45:06][INFO] trainer.py:  77: iter: 004050, lr: 0.00100, loss: 0.949572 (1.448829), tok1: 95.000 (79.894), tok5: 99.688 (92.750), time: 0.727 (0.847), eta: 1:52:10, mem: 16625M
[08/21 09:45:13][INFO] trainer.py:  77: iter: 004060, lr: 0.00100, loss: 0.960314 (1.447626), tok1: 94.219 (79.929), tok5: 99.375 (92.767), time: 0.721 (0.846), eta: 1:51:59, mem: 16625M
[08/21 09:45:21][INFO] trainer.py:  77: iter: 004070, lr: 0.00100, loss: 0.936859 (1.446371), tok1: 95.127 (79.966), tok5: 99.688 (92.784), time: 0.801 (0.846), eta: 1:51:50, mem: 16625M
[08/21 09:45:28][INFO] trainer.py:  77: iter: 004080, lr: 0.00100, loss: 0.962423 (1.445185), tok1: 94.531 (80.002), tok5: 99.375 (92.800), time: 0.726 (0.846), eta: 1:51:39, mem: 16625M
[08/21 09:45:37][INFO] trainer.py:  77: iter: 004090, lr: 0.00100, loss: 0.945822 (1.443964), tok1: 96.406 (80.042), tok5: 99.531 (92.816), time: 0.871 (0.846), eta: 1:51:31, mem: 16625M
[08/21 09:45:46][INFO] trainer.py:  77: iter: 004100, lr: 0.00100, loss: 0.925696 (1.442700), tok1: 96.562 (80.082), tok5: 99.531 (92.833), time: 0.962 (0.846), eta: 1:51:25, mem: 16625M
[08/21 09:45:54][INFO] trainer.py:  77: iter: 004110, lr: 0.00100, loss: 0.928299 (1.441448), tok1: 95.781 (80.121), tok5: 99.844 (92.850), time: 0.725 (0.846), eta: 1:51:14, mem: 16625M
[08/21 09:46:02][INFO] trainer.py:  77: iter: 004120, lr: 0.00100, loss: 0.973699 (1.440313), tok1: 93.750 (80.154), tok5: 99.219 (92.865), time: 0.868 (0.846), eta: 1:51:06, mem: 16625M
[08/21 09:46:11][INFO] trainer.py:  77: iter: 004130, lr: 0.00100, loss: 0.947180 (1.439119), tok1: 95.312 (80.190), tok5: 99.688 (92.882), time: 0.826 (0.846), eta: 1:50:57, mem: 16625M
[08/21 09:46:18][INFO] trainer.py:  77: iter: 004140, lr: 0.00100, loss: 0.958633 (1.437958), tok1: 94.062 (80.224), tok5: 99.375 (92.898), time: 0.723 (0.846), eta: 1:50:47, mem: 16625M
[08/21 09:46:27][INFO] trainer.py:  77: iter: 004150, lr: 0.00100, loss: 0.959731 (1.436806), tok1: 95.823 (80.261), tok5: 99.219 (92.913), time: 0.937 (0.846), eta: 1:50:40, mem: 16625M
[08/21 09:46:34][INFO] trainer.py:  77: iter: 004160, lr: 0.00100, loss: 0.935288 (1.435600), tok1: 95.938 (80.299), tok5: 99.531 (92.929), time: 0.721 (0.846), eta: 1:50:29, mem: 16625M
[08/21 09:46:44][INFO] trainer.py:  77: iter: 004170, lr: 0.00100, loss: 0.948631 (1.434433), tok1: 95.312 (80.335), tok5: 99.844 (92.945), time: 0.930 (0.846), eta: 1:50:22, mem: 16625M
[08/21 09:46:53][INFO] trainer.py:  77: iter: 004180, lr: 0.00100, loss: 0.953127 (1.433281), tok1: 94.844 (80.370), tok5: 99.375 (92.961), time: 0.892 (0.846), eta: 1:50:15, mem: 16625M
[08/21 09:47:00][INFO] trainer.py:  77: iter: 004190, lr: 0.00100, loss: 0.956590 (1.432143), tok1: 94.844 (80.404), tok5: 98.906 (92.975), time: 0.719 (0.846), eta: 1:50:04, mem: 16625M
[08/21 09:47:09][INFO] trainer.py:  77: iter: 004200, lr: 0.00100, loss: 0.939218 (1.430970), tok1: 95.469 (80.440), tok5: 99.219 (92.990), time: 0.895 (0.846), eta: 1:49:56, mem: 16625M
[08/21 09:47:18][INFO] trainer.py:  77: iter: 004210, lr: 0.00100, loss: 0.955388 (1.429840), tok1: 95.312 (80.476), tok5: 99.531 (93.005), time: 0.922 (0.846), eta: 1:49:49, mem: 16625M
[08/21 09:47:25][INFO] trainer.py:  77: iter: 004220, lr: 0.00100, loss: 0.973663 (1.428759), tok1: 94.844 (80.510), tok5: 99.375 (93.020), time: 0.729 (0.846), eta: 1:49:39, mem: 16625M
[08/21 09:47:33][INFO] trainer.py:  77: iter: 004230, lr: 0.00100, loss: 0.943988 (1.427613), tok1: 96.250 (80.547), tok5: 99.219 (93.035), time: 0.811 (0.846), eta: 1:49:30, mem: 16625M
[08/21 09:47:40][INFO] trainer.py:  77: iter: 004240, lr: 0.00100, loss: 0.929816 (1.426439), tok1: 94.899 (80.581), tok5: 99.844 (93.051), time: 0.698 (0.845), eta: 1:49:18, mem: 16625M
[08/21 09:47:48][INFO] trainer.py:  77: iter: 004250, lr: 0.00100, loss: 0.947899 (1.425313), tok1: 96.406 (80.618), tok5: 99.062 (93.065), time: 0.768 (0.845), eta: 1:49:09, mem: 16625M
[08/21 09:47:56][INFO] trainer.py:  77: iter: 004260, lr: 0.00100, loss: 0.945863 (1.424188), tok1: 95.625 (80.653), tok5: 99.844 (93.081), time: 0.843 (0.845), eta: 1:49:00, mem: 16625M
[08/21 09:48:04][INFO] trainer.py:  77: iter: 004270, lr: 0.00100, loss: 0.942683 (1.423060), tok1: 95.469 (80.688), tok5: 99.531 (93.096), time: 0.722 (0.845), eta: 1:48:49, mem: 16625M
[08/21 09:48:12][INFO] trainer.py:  77: iter: 004280, lr: 0.00100, loss: 0.949280 (1.421953), tok1: 95.156 (80.722), tok5: 99.844 (93.112), time: 0.805 (0.845), eta: 1:48:40, mem: 16625M
[08/21 09:48:20][INFO] trainer.py:  77: iter: 004290, lr: 0.00100, loss: 0.940551 (1.420831), tok1: 96.250 (80.758), tok5: 99.375 (93.127), time: 0.788 (0.845), eta: 1:48:31, mem: 16625M
[08/21 09:48:27][INFO] trainer.py:  77: iter: 004300, lr: 0.00100, loss: 0.954751 (1.419747), tok1: 94.531 (80.790), tok5: 99.375 (93.141), time: 0.720 (0.844), eta: 1:48:20, mem: 16625M
[08/21 09:48:37][INFO] trainer.py:  77: iter: 004310, lr: 0.00100, loss: 0.942463 (1.418640), tok1: 96.406 (80.826), tok5: 99.219 (93.155), time: 0.971 (0.845), eta: 1:48:14, mem: 16625M
[08/21 09:48:44][INFO] trainer.py:  77: iter: 004320, lr: 0.00100, loss: 0.956278 (1.417569), tok1: 95.241 (80.860), tok5: 98.948 (93.169), time: 0.697 (0.844), eta: 1:48:03, mem: 16625M
[08/21 09:48:53][INFO] trainer.py:  77: iter: 004330, lr: 0.00100, loss: 0.987294 (1.416576), tok1: 93.750 (80.889), tok5: 99.062 (93.182), time: 0.932 (0.844), eta: 1:47:56, mem: 16625M
[08/21 09:49:02][INFO] trainer.py:  77: iter: 004340, lr: 0.00100, loss: 0.935119 (1.415466), tok1: 96.094 (80.924), tok5: 99.375 (93.196), time: 0.897 (0.845), eta: 1:47:48, mem: 16625M
[08/21 09:49:09][INFO] trainer.py:  77: iter: 004350, lr: 0.00100, loss: 0.936195 (1.414365), tok1: 95.781 (80.958), tok5: 99.375 (93.211), time: 0.723 (0.844), eta: 1:47:38, mem: 16625M
[08/21 09:49:18][INFO] trainer.py:  77: iter: 004360, lr: 0.00100, loss: 0.925667 (1.413244), tok1: 95.938 (80.993), tok5: 99.844 (93.226), time: 0.861 (0.844), eta: 1:47:30, mem: 16625M
[08/21 09:49:26][INFO] trainer.py:  77: iter: 004370, lr: 0.00100, loss: 0.956060 (1.412197), tok1: 95.625 (81.026), tok5: 99.219 (93.240), time: 0.874 (0.844), eta: 1:47:22, mem: 16625M
[08/21 09:49:34][INFO] trainer.py:  77: iter: 004380, lr: 0.00100, loss: 0.968594 (1.411185), tok1: 95.469 (81.059), tok5: 99.219 (93.253), time: 0.721 (0.844), eta: 1:47:11, mem: 16625M
[08/21 09:49:42][INFO] trainer.py:  77: iter: 004390, lr: 0.00100, loss: 0.936625 (1.410104), tok1: 95.625 (81.092), tok5: 99.531 (93.268), time: 0.814 (0.844), eta: 1:47:02, mem: 16625M
[08/21 09:49:49][INFO] trainer.py:  77: iter: 004400, lr: 0.00100, loss: 0.930695 (1.409014), tok1: 96.022 (81.126), tok5: 99.261 (93.281), time: 0.711 (0.844), eta: 1:46:51, mem: 16625M
[08/21 09:49:58][INFO] trainer.py:  77: iter: 004410, lr: 0.00100, loss: 0.948606 (1.407970), tok1: 95.469 (81.159), tok5: 99.375 (93.295), time: 0.867 (0.844), eta: 1:46:43, mem: 16625M
[08/21 09:50:06][INFO] trainer.py:  77: iter: 004420, lr: 0.00100, loss: 0.919979 (1.406866), tok1: 95.938 (81.192), tok5: 99.531 (93.309), time: 0.840 (0.844), eta: 1:46:35, mem: 16625M
[08/21 09:50:13][INFO] trainer.py:  77: iter: 004430, lr: 0.00100, loss: 0.920191 (1.405767), tok1: 96.406 (81.227), tok5: 99.219 (93.322), time: 0.720 (0.843), eta: 1:46:24, mem: 16625M
[08/21 09:50:21][INFO] trainer.py:  77: iter: 004440, lr: 0.00100, loss: 0.941581 (1.404722), tok1: 95.781 (81.259), tok5: 99.531 (93.336), time: 0.786 (0.843), eta: 1:46:15, mem: 16625M
[08/21 09:50:29][INFO] trainer.py:  77: iter: 004450, lr: 0.00100, loss: 0.972238 (1.403750), tok1: 95.625 (81.292), tok5: 98.750 (93.349), time: 0.823 (0.843), eta: 1:46:06, mem: 16625M
[08/21 09:50:36][INFO] trainer.py:  77: iter: 004460, lr: 0.00100, loss: 0.949230 (1.402731), tok1: 95.625 (81.324), tok5: 99.531 (93.362), time: 0.722 (0.843), eta: 1:45:56, mem: 16625M
[08/21 09:50:45][INFO] trainer.py:  77: iter: 004470, lr: 0.00100, loss: 0.949689 (1.401717), tok1: 95.625 (81.356), tok5: 99.062 (93.375), time: 0.810 (0.843), eta: 1:45:47, mem: 16625M
[08/21 09:50:52][INFO] trainer.py:  77: iter: 004480, lr: 0.00100, loss: 0.905952 (1.400611), tok1: 97.188 (81.391), tok5: 100.000 (93.390), time: 0.728 (0.843), eta: 1:45:36, mem: 16625M
[08/21 09:50:59][INFO] trainer.py:  77: iter: 004490, lr: 0.00100, loss: 0.932924 (1.399569), tok1: 95.823 (81.423), tok5: 100.000 (93.405), time: 0.695 (0.842), eta: 1:45:25, mem: 16625M
[08/21 09:51:06][INFO] trainer.py:  77: iter: 004500, lr: 0.00100, loss: 0.914778 (1.398492), tok1: 96.719 (81.457), tok5: 99.688 (93.419), time: 0.726 (0.842), eta: 1:45:15, mem: 16625M
[08/21 09:51:06][INFO] checkpoint.py:  46: Saving checkpoint to outputs/x3d-s_clipgcn_tensor_cs_70_10_20_zsl_45_10_coco17_182/model_004500.pth
[08/21 09:51:06][INFO] inference.py:  51: Evaluating CLIPGCN_TENSOR dataset(449 video clips):
  0%|          | 0/8 [00:00<?, ?it/s] 12%|█▎        | 1/8 [00:04<00:33,  4.83s/it] 25%|██▌       | 2/8 [00:05<00:13,  2.33s/it] 38%|███▊      | 3/8 [00:05<00:06,  1.37s/it] 50%|█████     | 4/8 [00:06<00:04,  1.11s/it] 62%|██████▎   | 5/8 [00:06<00:02,  1.27it/s] 75%|███████▌  | 6/8 [00:06<00:01,  1.68it/s] 88%|████████▊ | 7/8 [00:07<00:00,  2.12it/s]100%|██████████| 8/8 [00:07<00:00,  1.14it/s]
[08/21 09:51:13][INFO] inference.py:  61: 
total - top1 acc: 76.172 top5 acc: 99.219
0   - A001                 - acc: 80.00
1   - A002                 - acc: 70.00
2   - A003                 - acc: 60.00
3   - A004                 - acc: 60.00
4   - A005                 - acc: 0.0
5   - A006                 - acc: 90.00
6   - A007                 - acc: 0.0
7   - A008                 - acc: 0.0
8   - A009                 - acc: 0.0
9   - A010                 - acc: 90.00
10  - A011                 - acc: 90.00
11  - A012                 - acc: 80.00
12  - A013                 - acc: 0.0
13  - A014                 - acc: 80.00
14  - A015                 - acc: 0.0
15  - A016                 - acc: 100.00
16  - A017                 - acc: 80.00
17  - A018                 - acc: 100.00
18  - A019                 - acc: 0.0
19  - A020                 - acc: 0.0
20  - A021                 - acc: 100.00
21  - A022                 - acc: 100.00
22  - A023                 - acc: 90.00
23  - A024                 - acc: 100.00
24  - A025                 - acc: 90.00
25  - A026                 - acc: 80.00
26  - A027                 - acc: 100.00
27  - A028                 - acc: 70.00
28  - A029                 - acc: 90.00
29  - A030                 - acc: 80.00
30  - A031                 - acc: 90.00
31  - A032                 - acc: 80.00
32  - A033                 - acc: 80.00
33  - A034                 - acc: 90.00
34  - A035                 - acc: 0.0
35  - A036                 - acc: 80.00
36  - A037                 - acc: 60.00
37  - A038                 - acc: 60.00
38  - A039                 - acc: 100.00
39  - A040                 - acc: 90.00
40  - A041                 - acc: 80.00
41  - A042                 - acc: 100.00
42  - A043                 - acc: 100.00
43  - A044                 - acc: 100.00
44  - A045                 - acc: 80.00
45  - A046                 - acc: 80.00
46  - A047                 - acc: 100.00
47  - A048                 - acc: 0.0
48  - A049                 - acc: 100.00
49  - A050                 - acc: 88.89
50  - A051                 - acc: 80.00
51  - A052                 - acc: 100.00
52  - A053                 - acc: 100.00
53  - A054                 - acc: 100.00
54  - A055                 - acc: 90.00

[08/21 09:51:21][INFO] trainer.py:  77: iter: 004510, lr: 0.00100, loss: 0.906692 (1.397401), tok1: 96.562 (81.491), tok5: 99.531 (93.432), time: 1.486 (0.844), eta: 1:45:17, mem: 16625M
[08/21 09:51:28][INFO] trainer.py:  77: iter: 004520, lr: 0.00100, loss: 0.908625 (1.396320), tok1: 96.406 (81.524), tok5: 99.688 (93.446), time: 0.725 (0.843), eta: 1:45:07, mem: 16625M
[08/21 09:51:35][INFO] trainer.py:  77: iter: 004530, lr: 0.00100, loss: 0.940155 (1.395313), tok1: 96.094 (81.556), tok5: 99.375 (93.459), time: 0.726 (0.843), eta: 1:44:57, mem: 16625M
[08/21 09:51:43][INFO] trainer.py:  77: iter: 004540, lr: 0.00100, loss: 0.903039 (1.394229), tok1: 97.031 (81.590), tok5: 99.688 (93.473), time: 0.728 (0.843), eta: 1:44:46, mem: 16625M
[08/21 09:51:50][INFO] trainer.py:  77: iter: 004550, lr: 0.00100, loss: 0.962602 (1.393280), tok1: 95.000 (81.620), tok5: 99.219 (93.486), time: 0.726 (0.842), eta: 1:44:36, mem: 16625M
[08/21 09:51:57][INFO] trainer.py:  77: iter: 004560, lr: 0.00100, loss: 0.950242 (1.392309), tok1: 95.625 (81.650), tok5: 99.062 (93.498), time: 0.720 (0.842), eta: 1:44:26, mem: 16625M
[08/21 09:52:04][INFO] trainer.py:  77: iter: 004570, lr: 0.00100, loss: 0.928274 (1.391293), tok1: 95.823 (81.681), tok5: 99.531 (93.511), time: 0.696 (0.842), eta: 1:44:15, mem: 16625M
[08/21 09:52:11][INFO] trainer.py:  77: iter: 004580, lr: 0.00100, loss: 0.907920 (1.390238), tok1: 96.719 (81.714), tok5: 99.688 (93.524), time: 0.723 (0.842), eta: 1:44:04, mem: 16625M
[08/21 09:52:19][INFO] trainer.py:  77: iter: 004590, lr: 0.00100, loss: 0.931204 (1.389238), tok1: 96.562 (81.746), tok5: 99.375 (93.537), time: 0.722 (0.841), eta: 1:43:54, mem: 16625M
[08/21 09:52:26][INFO] trainer.py:  77: iter: 004600, lr: 0.00100, loss: 0.925629 (1.388230), tok1: 96.562 (81.779), tok5: 99.531 (93.550), time: 0.719 (0.841), eta: 1:43:44, mem: 16625M
[08/21 09:52:33][INFO] trainer.py:  77: iter: 004610, lr: 0.00100, loss: 0.948978 (1.387277), tok1: 94.844 (81.807), tok5: 99.688 (93.564), time: 0.725 (0.841), eta: 1:43:33, mem: 16625M
[08/21 09:52:40][INFO] trainer.py:  77: iter: 004620, lr: 0.00100, loss: 0.952536 (1.386336), tok1: 94.062 (81.834), tok5: 98.906 (93.575), time: 0.727 (0.841), eta: 1:43:23, mem: 16625M
[08/21 09:52:49][INFO] trainer.py:  77: iter: 004630, lr: 0.00100, loss: 0.940592 (1.385373), tok1: 96.094 (81.864), tok5: 99.062 (93.587), time: 0.876 (0.841), eta: 1:43:15, mem: 16625M
[08/21 09:52:56][INFO] trainer.py:  77: iter: 004640, lr: 0.00100, loss: 0.949375 (1.384434), tok1: 96.250 (81.895), tok5: 99.219 (93.599), time: 0.725 (0.840), eta: 1:43:05, mem: 16625M
[08/21 09:53:06][INFO] trainer.py:  77: iter: 004650, lr: 0.00100, loss: 0.943035 (1.383484), tok1: 95.325 (81.924), tok5: 99.261 (93.611), time: 0.940 (0.841), eta: 1:42:58, mem: 16625M
[08/21 09:53:15][INFO] trainer.py:  77: iter: 004660, lr: 0.00100, loss: 0.945513 (1.382545), tok1: 95.625 (81.954), tok5: 98.750 (93.622), time: 0.918 (0.841), eta: 1:42:51, mem: 16625M
[08/21 09:53:22][INFO] trainer.py:  77: iter: 004670, lr: 0.00100, loss: 0.937718 (1.381592), tok1: 95.156 (81.982), tok5: 99.531 (93.635), time: 0.721 (0.841), eta: 1:42:41, mem: 16625M
[08/21 09:53:31][INFO] trainer.py:  77: iter: 004680, lr: 0.00100, loss: 0.934030 (1.380636), tok1: 96.094 (82.012), tok5: 99.531 (93.648), time: 0.924 (0.841), eta: 1:42:34, mem: 16625M
[08/21 09:53:40][INFO] trainer.py:  77: iter: 004690, lr: 0.00100, loss: 0.932616 (1.379680), tok1: 95.781 (82.041), tok5: 99.531 (93.660), time: 0.851 (0.841), eta: 1:42:25, mem: 16625M
[08/21 09:53:47][INFO] trainer.py:  77: iter: 004700, lr: 0.00100, loss: 0.945467 (1.378757), tok1: 94.688 (82.068), tok5: 99.375 (93.672), time: 0.728 (0.841), eta: 1:42:15, mem: 16625M
[08/21 09:53:55][INFO] trainer.py:  77: iter: 004710, lr: 0.00100, loss: 0.919856 (1.377782), tok1: 96.719 (82.099), tok5: 99.688 (93.685), time: 0.790 (0.840), eta: 1:42:06, mem: 16625M
[08/21 09:54:02][INFO] trainer.py:  77: iter: 004720, lr: 0.00100, loss: 0.906463 (1.376784), tok1: 96.562 (82.130), tok5: 100.000 (93.698), time: 0.725 (0.840), eta: 1:41:56, mem: 16625M
[08/21 09:54:11][INFO] trainer.py:  77: iter: 004730, lr: 0.00100, loss: 0.942797 (1.375866), tok1: 95.000 (82.157), tok5: 99.375 (93.710), time: 0.835 (0.840), eta: 1:41:47, mem: 16625M
[08/21 09:54:19][INFO] trainer.py:  77: iter: 004740, lr: 0.00100, loss: 0.902104 (1.374867), tok1: 97.188 (82.189), tok5: 99.844 (93.723), time: 0.864 (0.840), eta: 1:41:39, mem: 16625M
[08/21 09:54:26][INFO] trainer.py:  77: iter: 004750, lr: 0.00100, loss: 0.923266 (1.373916), tok1: 96.406 (82.219), tok5: 99.844 (93.736), time: 0.723 (0.840), eta: 1:41:29, mem: 16625M
[08/21 09:54:35][INFO] trainer.py:  77: iter: 004760, lr: 0.00100, loss: 0.914158 (1.372950), tok1: 97.031 (82.250), tok5: 99.531 (93.748), time: 0.832 (0.840), eta: 1:41:21, mem: 16625M
[08/21 09:54:43][INFO] trainer.py:  77: iter: 004770, lr: 0.00100, loss: 0.910413 (1.371980), tok1: 96.250 (82.279), tok5: 99.688 (93.761), time: 0.812 (0.840), eta: 1:41:12, mem: 16625M
[08/21 09:54:50][INFO] trainer.py:  77: iter: 004780, lr: 0.00100, loss: 0.925842 (1.371047), tok1: 96.250 (82.309), tok5: 99.844 (93.774), time: 0.723 (0.840), eta: 1:41:02, mem: 16625M
[08/21 09:54:58][INFO] trainer.py:  77: iter: 004790, lr: 0.00100, loss: 0.917737 (1.370101), tok1: 97.031 (82.339), tok5: 99.844 (93.786), time: 0.802 (0.840), eta: 1:40:53, mem: 16625M
[08/21 09:55:05][INFO] trainer.py:  77: iter: 004800, lr: 0.00100, loss: 0.943389 (1.369212), tok1: 95.156 (82.366), tok5: 99.062 (93.797), time: 0.720 (0.839), eta: 1:40:43, mem: 16625M
[08/21 09:55:14][INFO] trainer.py:  77: iter: 004810, lr: 0.00100, loss: 0.913448 (1.368264), tok1: 95.938 (82.394), tok5: 99.375 (93.809), time: 0.898 (0.839), eta: 1:40:35, mem: 16625M
[08/21 09:55:23][INFO] trainer.py:  77: iter: 004820, lr: 0.00100, loss: 0.919035 (1.367332), tok1: 96.562 (82.424), tok5: 99.531 (93.821), time: 0.822 (0.839), eta: 1:40:26, mem: 16625M
[08/21 09:55:30][INFO] trainer.py:  77: iter: 004830, lr: 0.00100, loss: 0.961349 (1.366492), tok1: 94.844 (82.449), tok5: 98.750 (93.831), time: 0.730 (0.839), eta: 1:40:16, mem: 16625M
[08/21 09:55:39][INFO] trainer.py:  77: iter: 004840, lr: 0.00100, loss: 0.912176 (1.365553), tok1: 96.250 (82.478), tok5: 99.375 (93.842), time: 0.872 (0.839), eta: 1:40:08, mem: 16625M
[08/21 09:55:47][INFO] trainer.py:  77: iter: 004850, lr: 0.00100, loss: 0.922969 (1.364640), tok1: 95.469 (82.505), tok5: 99.531 (93.854), time: 0.865 (0.839), eta: 1:40:00, mem: 16625M
[08/21 09:55:54][INFO] trainer.py:  77: iter: 004860, lr: 0.00100, loss: 0.924692 (1.363735), tok1: 96.094 (82.533), tok5: 99.531 (93.866), time: 0.726 (0.839), eta: 1:39:50, mem: 16625M
[08/21 09:56:03][INFO] trainer.py:  77: iter: 004870, lr: 0.00100, loss: 0.905085 (1.362793), tok1: 97.031 (82.562), tok5: 99.844 (93.878), time: 0.884 (0.839), eta: 1:39:43, mem: 16625M
[08/21 09:56:11][INFO] trainer.py:  77: iter: 004880, lr: 0.00100, loss: 0.940400 (1.361928), tok1: 95.625 (82.589), tok5: 99.688 (93.890), time: 0.724 (0.839), eta: 1:39:33, mem: 16625M
[08/21 09:56:19][INFO] trainer.py:  77: iter: 004890, lr: 0.00100, loss: 0.924138 (1.361033), tok1: 96.250 (82.617), tok5: 99.688 (93.902), time: 0.866 (0.839), eta: 1:39:25, mem: 16625M
[08/21 09:56:28][INFO] trainer.py:  77: iter: 004900, lr: 0.00100, loss: 0.920790 (1.360134), tok1: 96.220 (82.645), tok5: 100.000 (93.914), time: 0.921 (0.839), eta: 1:39:17, mem: 16625M
[08/21 09:56:36][INFO] trainer.py:  77: iter: 004910, lr: 0.00100, loss: 0.933300 (1.359265), tok1: 96.250 (82.673), tok5: 98.750 (93.924), time: 0.724 (0.839), eta: 1:39:07, mem: 16625M
[08/21 09:56:44][INFO] trainer.py:  77: iter: 004920, lr: 0.00100, loss: 0.922947 (1.358378), tok1: 96.406 (82.701), tok5: 99.375 (93.935), time: 0.868 (0.839), eta: 1:38:59, mem: 16625M
[08/21 09:56:52][INFO] trainer.py:  77: iter: 004930, lr: 0.00100, loss: 0.939254 (1.357528), tok1: 95.625 (82.727), tok5: 99.062 (93.946), time: 0.792 (0.839), eta: 1:38:50, mem: 16625M
[08/21 09:57:00][INFO] trainer.py:  77: iter: 004940, lr: 0.00100, loss: 0.924505 (1.356651), tok1: 96.094 (82.754), tok5: 99.062 (93.956), time: 0.726 (0.839), eta: 1:38:40, mem: 16625M
[08/21 09:57:08][INFO] trainer.py:  77: iter: 004950, lr: 0.00100, loss: 0.901278 (1.355731), tok1: 96.875 (82.782), tok5: 99.844 (93.968), time: 0.816 (0.839), eta: 1:38:32, mem: 16625M
[08/21 09:57:15][INFO] trainer.py:  77: iter: 004960, lr: 0.00100, loss: 0.911846 (1.354836), tok1: 96.094 (82.809), tok5: 100.000 (93.980), time: 0.733 (0.838), eta: 1:38:22, mem: 16625M
[08/21 09:57:23][INFO] trainer.py:  77: iter: 004970, lr: 0.00100, loss: 0.908378 (1.353938), tok1: 96.875 (82.837), tok5: 99.531 (93.991), time: 0.840 (0.838), eta: 1:38:13, mem: 16625M
[08/21 09:57:31][INFO] trainer.py:  77: iter: 004980, lr: 0.00100, loss: 0.919425 (1.353066), tok1: 96.292 (82.864), tok5: 99.531 (94.002), time: 0.729 (0.838), eta: 1:38:03, mem: 16625M
[08/21 09:57:40][INFO] trainer.py:  77: iter: 004990, lr: 0.00100, loss: 0.905630 (1.352169), tok1: 96.875 (82.893), tok5: 99.375 (94.013), time: 0.975 (0.838), eta: 1:37:57, mem: 16625M
[08/21 09:57:50][INFO] trainer.py:  77: iter: 005000, lr: 0.00100, loss: 0.883562 (1.351232), tok1: 97.188 (82.921), tok5: 99.844 (94.025), time: 0.977 (0.839), eta: 1:37:51, mem: 16625M
[08/21 09:57:50][INFO] checkpoint.py:  46: Saving checkpoint to outputs/x3d-s_clipgcn_tensor_cs_70_10_20_zsl_45_10_coco17_182/model_005000.pth
[08/21 09:57:51][INFO] inference.py:  51: Evaluating CLIPGCN_TENSOR dataset(449 video clips):
  0%|          | 0/8 [00:00<?, ?it/s] 12%|█▎        | 1/8 [00:04<00:30,  4.37s/it] 25%|██▌       | 2/8 [00:05<00:13,  2.19s/it] 38%|███▊      | 3/8 [00:05<00:06,  1.37s/it] 50%|█████     | 4/8 [00:05<00:03,  1.10it/s] 62%|██████▎   | 5/8 [00:05<00:01,  1.51it/s] 75%|███████▌  | 6/8 [00:06<00:01,  1.96it/s] 88%|████████▊ | 7/8 [00:06<00:00,  2.42it/s]100%|██████████| 8/8 [00:06<00:00,  1.27it/s]
[08/21 09:57:57][INFO] inference.py:  61: 
total - top1 acc: 75.977 top5 acc: 99.414
0   - A001                 - acc: 90.00
1   - A002                 - acc: 70.00
2   - A003                 - acc: 60.00
3   - A004                 - acc: 60.00
4   - A005                 - acc: 0.0
5   - A006                 - acc: 90.00
6   - A007                 - acc: 0.0
7   - A008                 - acc: 0.0
8   - A009                 - acc: 0.0
9   - A010                 - acc: 90.00
10  - A011                 - acc: 80.00
11  - A012                 - acc: 80.00
12  - A013                 - acc: 0.0
13  - A014                 - acc: 70.00
14  - A015                 - acc: 0.0
15  - A016                 - acc: 100.00
16  - A017                 - acc: 80.00
17  - A018                 - acc: 100.00
18  - A019                 - acc: 0.0
19  - A020                 - acc: 0.0
20  - A021                 - acc: 90.00
21  - A022                 - acc: 100.00
22  - A023                 - acc: 90.00
23  - A024                 - acc: 100.00
24  - A025                 - acc: 90.00
25  - A026                 - acc: 80.00
26  - A027                 - acc: 100.00
27  - A028                 - acc: 90.00
28  - A029                 - acc: 80.00
29  - A030                 - acc: 80.00
30  - A031                 - acc: 90.00
31  - A032                 - acc: 80.00
32  - A033                 - acc: 80.00
33  - A034                 - acc: 90.00
34  - A035                 - acc: 0.0
35  - A036                 - acc: 90.00
36  - A037                 - acc: 60.00
37  - A038                 - acc: 40.00
38  - A039                 - acc: 100.00
39  - A040                 - acc: 90.00
40  - A041                 - acc: 90.00
41  - A042                 - acc: 100.00
42  - A043                 - acc: 100.00
43  - A044                 - acc: 100.00
44  - A045                 - acc: 80.00
45  - A046                 - acc: 80.00
46  - A047                 - acc: 100.00
47  - A048                 - acc: 0.0
48  - A049                 - acc: 100.00
49  - A050                 - acc: 88.89
50  - A051                 - acc: 80.00
51  - A052                 - acc: 100.00
52  - A053                 - acc: 100.00
53  - A054                 - acc: 100.00
54  - A055                 - acc: 90.00

[08/21 09:58:04][INFO] trainer.py:  77: iter: 005010, lr: 0.00100, loss: 0.913687 (1.350358), tok1: 96.562 (82.948), tok5: 99.531 (94.036), time: 1.412 (0.840), eta: 1:37:50, mem: 16625M
[08/21 09:58:12][INFO] trainer.py:  77: iter: 005020, lr: 0.00100, loss: 0.925210 (1.349511), tok1: 96.094 (82.975), tok5: 99.062 (94.046), time: 0.725 (0.840), eta: 1:37:40, mem: 16625M
[08/21 09:58:19][INFO] trainer.py:  77: iter: 005030, lr: 0.00100, loss: 0.938385 (1.348694), tok1: 95.625 (83.000), tok5: 98.750 (94.055), time: 0.730 (0.839), eta: 1:37:30, mem: 16625M
[08/21 09:58:26][INFO] trainer.py:  77: iter: 005040, lr: 0.00100, loss: 0.908731 (1.347821), tok1: 96.406 (83.026), tok5: 99.062 (94.065), time: 0.723 (0.839), eta: 1:37:20, mem: 16625M
[08/21 09:58:33][INFO] trainer.py:  77: iter: 005050, lr: 0.00100, loss: 0.939403 (1.347012), tok1: 95.156 (83.050), tok5: 99.375 (94.076), time: 0.724 (0.839), eta: 1:37:10, mem: 16625M
[08/21 09:58:41][INFO] trainer.py:  77: iter: 005060, lr: 0.00100, loss: 0.908845 (1.346146), tok1: 95.625 (83.075), tok5: 99.844 (94.087), time: 0.728 (0.839), eta: 1:37:00, mem: 16625M
[08/21 09:58:48][INFO] trainer.py:  77: iter: 005070, lr: 0.00100, loss: 0.923782 (1.345313), tok1: 96.647 (83.102), tok5: 99.531 (94.098), time: 0.781 (0.839), eta: 1:36:51, mem: 16625M
[08/21 09:58:59][INFO] trainer.py:  77: iter: 005080, lr: 0.00100, loss: 0.889749 (1.344417), tok1: 96.406 (83.128), tok5: 99.688 (94.109), time: 1.011 (0.839), eta: 1:36:45, mem: 16625M
[08/21 09:59:06][INFO] trainer.py:  77: iter: 005090, lr: 0.00100, loss: 0.891746 (1.343527), tok1: 97.500 (83.156), tok5: 99.844 (94.120), time: 0.722 (0.839), eta: 1:36:35, mem: 16625M
[08/21 09:59:15][INFO] trainer.py:  77: iter: 005100, lr: 0.00100, loss: 0.920243 (1.342697), tok1: 95.781 (83.181), tok5: 99.375 (94.130), time: 0.935 (0.839), eta: 1:36:28, mem: 16625M
[08/21 09:59:24][INFO] trainer.py:  77: iter: 005110, lr: 0.00100, loss: 0.885014 (1.341802), tok1: 97.500 (83.209), tok5: 100.000 (94.142), time: 0.924 (0.839), eta: 1:36:21, mem: 16625M
[08/21 09:59:32][INFO] trainer.py:  77: iter: 005120, lr: 0.00100, loss: 0.938157 (1.341013), tok1: 95.469 (83.233), tok5: 99.531 (94.152), time: 0.720 (0.839), eta: 1:36:11, mem: 16625M
[08/21 09:59:39][INFO] trainer.py:  77: iter: 005130, lr: 0.00100, loss: 0.921074 (1.340195), tok1: 97.031 (83.260), tok5: 99.375 (94.162), time: 0.745 (0.839), eta: 1:36:01, mem: 16625M
[08/21 09:59:46][INFO] trainer.py:  77: iter: 005140, lr: 0.00100, loss: 0.924099 (1.339385), tok1: 95.625 (83.284), tok5: 99.844 (94.173), time: 0.725 (0.838), eta: 1:35:51, mem: 16625M
[08/21 09:59:57][INFO] trainer.py:  77: iter: 005150, lr: 0.00100, loss: 0.916054 (1.338563), tok1: 95.553 (83.308), tok5: 99.688 (94.184), time: 1.022 (0.839), eta: 1:35:45, mem: 16625M
[08/21 10:00:06][INFO] trainer.py:  77: iter: 005160, lr: 0.00100, loss: 0.919279 (1.337751), tok1: 96.562 (83.334), tok5: 99.219 (94.194), time: 0.907 (0.839), eta: 1:35:38, mem: 16625M
[08/21 10:00:13][INFO] trainer.py:  77: iter: 005170, lr: 0.00100, loss: 0.947759 (1.336996), tok1: 94.531 (83.355), tok5: 99.375 (94.204), time: 0.726 (0.839), eta: 1:35:28, mem: 16625M
[08/21 10:00:22][INFO] trainer.py:  77: iter: 005180, lr: 0.00100, loss: 0.945526 (1.336241), tok1: 94.688 (83.377), tok5: 99.531 (94.214), time: 0.941 (0.839), eta: 1:35:21, mem: 16625M
[08/21 10:00:31][INFO] trainer.py:  77: iter: 005190, lr: 0.00100, loss: 0.886603 (1.335374), tok1: 98.125 (83.405), tok5: 99.844 (94.225), time: 0.892 (0.839), eta: 1:35:13, mem: 16625M
[08/21 10:00:38][INFO] trainer.py:  77: iter: 005200, lr: 0.00100, loss: 0.888302 (1.334514), tok1: 97.188 (83.432), tok5: 99.844 (94.236), time: 0.728 (0.839), eta: 1:35:03, mem: 16625M
[08/21 10:00:46][INFO] trainer.py:  77: iter: 005210, lr: 0.00100, loss: 0.887620 (1.333657), tok1: 97.188 (83.458), tok5: 99.844 (94.247), time: 0.752 (0.839), eta: 1:34:54, mem: 16625M
[08/21 10:00:53][INFO] trainer.py:  77: iter: 005220, lr: 0.00100, loss: 0.915636 (1.332856), tok1: 96.875 (83.484), tok5: 99.219 (94.256), time: 0.730 (0.838), eta: 1:34:44, mem: 16625M
[08/21 10:01:01][INFO] trainer.py:  77: iter: 005230, lr: 0.00100, loss: 0.907738 (1.332043), tok1: 96.761 (83.509), tok5: 99.375 (94.266), time: 0.759 (0.838), eta: 1:34:35, mem: 16625M
[08/21 10:01:08][INFO] trainer.py:  77: iter: 005240, lr: 0.00100, loss: 0.917730 (1.331252), tok1: 97.031 (83.535), tok5: 99.375 (94.276), time: 0.754 (0.838), eta: 1:34:25, mem: 16625M
[08/21 10:01:16][INFO] trainer.py:  77: iter: 005250, lr: 0.00100, loss: 0.901863 (1.330434), tok1: 97.031 (83.561), tok5: 99.688 (94.286), time: 0.724 (0.838), eta: 1:34:15, mem: 16625M
[08/21 10:01:23][INFO] trainer.py:  77: iter: 005260, lr: 0.00100, loss: 0.897285 (1.329611), tok1: 96.562 (83.586), tok5: 99.688 (94.296), time: 0.743 (0.838), eta: 1:34:06, mem: 16625M
[08/21 10:01:33][INFO] trainer.py:  77: iter: 005270, lr: 0.00100, loss: 0.914793 (1.328824), tok1: 96.406 (83.610), tok5: 99.375 (94.306), time: 0.958 (0.838), eta: 1:33:59, mem: 16625M
[08/21 10:01:40][INFO] trainer.py:  77: iter: 005280, lr: 0.00100, loss: 0.901742 (1.328015), tok1: 96.562 (83.635), tok5: 99.844 (94.316), time: 0.724 (0.838), eta: 1:33:49, mem: 16625M
[08/21 10:01:49][INFO] trainer.py:  77: iter: 005290, lr: 0.00100, loss: 0.896618 (1.327199), tok1: 96.719 (83.659), tok5: 99.531 (94.326), time: 0.941 (0.838), eta: 1:33:42, mem: 16625M
[08/21 10:01:57][INFO] trainer.py:  77: iter: 005300, lr: 0.00100, loss: 0.887764 (1.326370), tok1: 97.188 (83.685), tok5: 99.688 (94.336), time: 0.723 (0.838), eta: 1:33:32, mem: 16625M
[08/21 10:02:06][INFO] trainer.py:  77: iter: 005310, lr: 0.00100, loss: 0.928909 (1.325622), tok1: 95.312 (83.707), tok5: 99.375 (94.346), time: 0.961 (0.838), eta: 1:33:25, mem: 16625M
[08/21 10:02:14][INFO] trainer.py:  77: iter: 005320, lr: 0.00100, loss: 0.880605 (1.324785), tok1: 97.542 (83.733), tok5: 99.844 (94.356), time: 0.809 (0.838), eta: 1:33:17, mem: 16625M
[08/21 10:02:21][INFO] trainer.py:  77: iter: 005330, lr: 0.00100, loss: 0.895773 (1.323980), tok1: 96.406 (83.757), tok5: 99.688 (94.366), time: 0.722 (0.838), eta: 1:33:07, mem: 16625M
[08/21 10:02:31][INFO] trainer.py:  77: iter: 005340, lr: 0.00100, loss: 0.893974 (1.323175), tok1: 97.188 (83.782), tok5: 99.844 (94.376), time: 0.929 (0.838), eta: 1:33:00, mem: 16625M
[08/21 10:02:41][INFO] trainer.py:  77: iter: 005350, lr: 0.00100, loss: 0.904687 (1.322393), tok1: 96.562 (83.806), tok5: 99.844 (94.387), time: 0.990 (0.838), eta: 1:32:53, mem: 16625M
[08/21 10:02:48][INFO] trainer.py:  77: iter: 005360, lr: 0.00100, loss: 0.894607 (1.321595), tok1: 97.188 (83.831), tok5: 99.375 (94.396), time: 0.726 (0.838), eta: 1:32:43, mem: 16625M
[08/21 10:02:56][INFO] trainer.py:  77: iter: 005370, lr: 0.00100, loss: 0.922698 (1.320852), tok1: 96.250 (83.854), tok5: 98.750 (94.404), time: 0.796 (0.838), eta: 1:32:34, mem: 16625M
[08/21 10:03:03][INFO] trainer.py:  77: iter: 005380, lr: 0.00100, loss: 0.896621 (1.320063), tok1: 97.031 (83.878), tok5: 99.688 (94.414), time: 0.732 (0.838), eta: 1:32:25, mem: 16625M
[08/21 10:03:13][INFO] trainer.py:  77: iter: 005390, lr: 0.00100, loss: 0.898911 (1.319282), tok1: 96.719 (83.902), tok5: 99.531 (94.423), time: 0.956 (0.838), eta: 1:32:18, mem: 16625M
[08/21 10:03:21][INFO] trainer.py:  77: iter: 005400, lr: 0.00100, loss: 0.909911 (1.318524), tok1: 97.073 (83.926), tok5: 99.375 (94.433), time: 0.865 (0.838), eta: 1:32:10, mem: 16625M
[08/21 10:03:29][INFO] trainer.py:  77: iter: 005410, lr: 0.00100, loss: 0.911808 (1.317772), tok1: 96.406 (83.949), tok5: 99.219 (94.441), time: 0.726 (0.838), eta: 1:32:00, mem: 16625M
[08/21 10:03:39][INFO] trainer.py:  77: iter: 005420, lr: 0.00100, loss: 0.908318 (1.317017), tok1: 95.312 (83.970), tok5: 99.688 (94.451), time: 1.022 (0.838), eta: 1:31:54, mem: 16625M
[08/21 10:03:49][INFO] trainer.py:  77: iter: 005430, lr: 0.00100, loss: 0.900124 (1.316249), tok1: 96.406 (83.993), tok5: 100.000 (94.461), time: 1.063 (0.838), eta: 1:31:48, mem: 16625M
[08/21 10:03:57][INFO] trainer.py:  77: iter: 005440, lr: 0.00100, loss: 0.905571 (1.315494), tok1: 96.406 (84.016), tok5: 99.531 (94.471), time: 0.723 (0.838), eta: 1:31:38, mem: 16625M
[08/21 10:04:07][INFO] trainer.py:  77: iter: 005450, lr: 0.00100, loss: 0.913270 (1.314756), tok1: 96.562 (84.039), tok5: 99.219 (94.479), time: 0.987 (0.839), eta: 1:31:32, mem: 16625M
[08/21 10:04:14][INFO] trainer.py:  77: iter: 005460, lr: 0.00100, loss: 0.915897 (1.314026), tok1: 96.875 (84.063), tok5: 99.688 (94.489), time: 0.720 (0.838), eta: 1:31:22, mem: 16625M
[08/21 10:04:21][INFO] trainer.py:  77: iter: 005470, lr: 0.00100, loss: 0.882796 (1.313237), tok1: 98.125 (84.088), tok5: 99.688 (94.498), time: 0.722 (0.838), eta: 1:31:12, mem: 16625M
[08/21 10:04:28][INFO] trainer.py:  77: iter: 005480, lr: 0.00100, loss: 0.897453 (1.312478), tok1: 97.500 (84.113), tok5: 99.688 (94.508), time: 0.693 (0.838), eta: 1:31:02, mem: 16625M
[08/21 10:04:35][INFO] trainer.py:  77: iter: 005490, lr: 0.00100, loss: 0.931478 (1.311784), tok1: 95.000 (84.133), tok5: 99.375 (94.517), time: 0.725 (0.838), eta: 1:30:52, mem: 16625M
[08/21 10:04:42][INFO] trainer.py:  77: iter: 005500, lr: 0.00100, loss: 0.928968 (1.311088), tok1: 95.781 (84.154), tok5: 99.219 (94.525), time: 0.726 (0.837), eta: 1:30:43, mem: 16625M
[08/21 10:04:42][INFO] checkpoint.py:  46: Saving checkpoint to outputs/x3d-s_clipgcn_tensor_cs_70_10_20_zsl_45_10_coco17_182/model_005500.pth
[08/21 10:04:43][INFO] inference.py:  51: Evaluating CLIPGCN_TENSOR dataset(449 video clips):
  0%|          | 0/8 [00:00<?, ?it/s] 12%|█▎        | 1/8 [00:06<00:42,  6.01s/it] 25%|██▌       | 2/8 [00:06<00:15,  2.61s/it] 38%|███▊      | 3/8 [00:06<00:07,  1.56s/it] 50%|█████     | 4/8 [00:06<00:04,  1.03s/it] 62%|██████▎   | 5/8 [00:06<00:02,  1.36it/s] 75%|███████▌  | 6/8 [00:07<00:01,  1.78it/s] 88%|████████▊ | 7/8 [00:07<00:00,  2.23it/s]100%|██████████| 8/8 [00:07<00:00,  1.07it/s]
[08/21 10:04:51][INFO] inference.py:  61: 
total - top1 acc: 76.172 top5 acc: 99.414
0   - A001                 - acc: 90.00
1   - A002                 - acc: 80.00
2   - A003                 - acc: 50.00
3   - A004                 - acc: 60.00
4   - A005                 - acc: 0.0
5   - A006                 - acc: 90.00
6   - A007                 - acc: 0.0
7   - A008                 - acc: 0.0
8   - A009                 - acc: 0.0
9   - A010                 - acc: 90.00
10  - A011                 - acc: 80.00
11  - A012                 - acc: 80.00
12  - A013                 - acc: 0.0
13  - A014                 - acc: 70.00
14  - A015                 - acc: 0.0
15  - A016                 - acc: 90.00
16  - A017                 - acc: 80.00
17  - A018                 - acc: 100.00
18  - A019                 - acc: 0.0
19  - A020                 - acc: 0.0
20  - A021                 - acc: 100.00
21  - A022                 - acc: 100.00
22  - A023                 - acc: 90.00
23  - A024                 - acc: 100.00
24  - A025                 - acc: 90.00
25  - A026                 - acc: 90.00
26  - A027                 - acc: 100.00
27  - A028                 - acc: 70.00
28  - A029                 - acc: 100.00
29  - A030                 - acc: 70.00
30  - A031                 - acc: 90.00
31  - A032                 - acc: 90.00
32  - A033                 - acc: 80.00
33  - A034                 - acc: 90.00
34  - A035                 - acc: 0.0
35  - A036                 - acc: 90.00
36  - A037                 - acc: 60.00
37  - A038                 - acc: 50.00
38  - A039                 - acc: 100.00
39  - A040                 - acc: 90.00
40  - A041                 - acc: 80.00
41  - A042                 - acc: 100.00
42  - A043                 - acc: 100.00
43  - A044                 - acc: 100.00
44  - A045                 - acc: 80.00
45  - A046                 - acc: 80.00
46  - A047                 - acc: 100.00
47  - A048                 - acc: 0.0
48  - A049                 - acc: 100.00
49  - A050                 - acc: 88.89
50  - A051                 - acc: 80.00
51  - A052                 - acc: 100.00
52  - A053                 - acc: 100.00
53  - A054                 - acc: 100.00
54  - A055                 - acc: 90.00

[08/21 10:04:58][INFO] trainer.py:  77: iter: 005510, lr: 0.00100, loss: 0.888558 (1.310322), tok1: 97.031 (84.177), tok5: 99.531 (94.534), time: 1.568 (0.839), eta: 1:30:43, mem: 16625M
[08/21 10:05:05][INFO] trainer.py:  77: iter: 005520, lr: 0.00100, loss: 0.867989 (1.309520), tok1: 98.125 (84.202), tok5: 99.688 (94.544), time: 0.722 (0.839), eta: 1:30:33, mem: 16625M
[08/21 10:05:13][INFO] trainer.py:  77: iter: 005530, lr: 0.00100, loss: 0.944223 (1.308860), tok1: 94.531 (84.221), tok5: 98.750 (94.551), time: 0.722 (0.838), eta: 1:30:23, mem: 16625M
[08/21 10:05:20][INFO] trainer.py:  77: iter: 005540, lr: 0.00100, loss: 0.894939 (1.308113), tok1: 97.969 (84.246), tok5: 99.531 (94.560), time: 0.730 (0.838), eta: 1:30:14, mem: 16625M
[08/21 10:05:27][INFO] trainer.py:  77: iter: 005550, lr: 0.00100, loss: 0.926549 (1.307425), tok1: 95.469 (84.266), tok5: 99.219 (94.569), time: 0.724 (0.838), eta: 1:30:04, mem: 16625M
[08/21 10:05:34][INFO] trainer.py:  77: iter: 005560, lr: 0.00100, loss: 0.883929 (1.306663), tok1: 97.031 (84.289), tok5: 99.688 (94.578), time: 0.722 (0.838), eta: 1:29:54, mem: 16625M
[08/21 10:05:41][INFO] trainer.py:  77: iter: 005570, lr: 0.00100, loss: 0.896727 (1.305927), tok1: 97.897 (84.314), tok5: 99.531 (94.587), time: 0.695 (0.837), eta: 1:29:44, mem: 16625M
[08/21 10:05:49][INFO] trainer.py:  77: iter: 005580, lr: 0.00100, loss: 0.867842 (1.305142), tok1: 98.281 (84.339), tok5: 99.688 (94.596), time: 0.726 (0.837), eta: 1:29:35, mem: 16625M
[08/21 10:05:56][INFO] trainer.py:  77: iter: 005590, lr: 0.00100, loss: 0.918343 (1.304450), tok1: 96.719 (84.361), tok5: 98.750 (94.603), time: 0.724 (0.837), eta: 1:29:25, mem: 16625M
[08/21 10:06:03][INFO] trainer.py:  77: iter: 005600, lr: 0.00100, loss: 0.906027 (1.303739), tok1: 96.094 (84.382), tok5: 99.688 (94.612), time: 0.724 (0.837), eta: 1:29:15, mem: 16625M
[08/21 10:06:11][INFO] trainer.py:  77: iter: 005610, lr: 0.00100, loss: 0.931837 (1.303076), tok1: 95.469 (84.401), tok5: 99.062 (94.620), time: 0.780 (0.837), eta: 1:29:06, mem: 16625M
[08/21 10:06:18][INFO] trainer.py:  77: iter: 005620, lr: 0.00100, loss: 0.918100 (1.302391), tok1: 96.094 (84.422), tok5: 99.531 (94.629), time: 0.726 (0.837), eta: 1:28:57, mem: 16625M
[08/21 10:06:26][INFO] trainer.py:  77: iter: 005630, lr: 0.00100, loss: 0.902446 (1.301681), tok1: 96.250 (84.443), tok5: 99.531 (94.638), time: 0.806 (0.836), eta: 1:28:48, mem: 16625M
[08/21 10:06:33][INFO] trainer.py:  77: iter: 005640, lr: 0.00100, loss: 0.914544 (1.300994), tok1: 96.250 (84.464), tok5: 99.531 (94.647), time: 0.728 (0.836), eta: 1:28:38, mem: 16625M
[08/21 10:06:40][INFO] trainer.py:  77: iter: 005650, lr: 0.00100, loss: 0.907447 (1.300298), tok1: 96.022 (84.485), tok5: 99.688 (94.655), time: 0.696 (0.836), eta: 1:28:28, mem: 16625M
[08/21 10:06:48][INFO] trainer.py:  77: iter: 005660, lr: 0.00100, loss: 0.887549 (1.299568), tok1: 96.875 (84.507), tok5: 99.688 (94.664), time: 0.736 (0.836), eta: 1:28:19, mem: 16625M
[08/21 10:06:55][INFO] trainer.py:  77: iter: 005670, lr: 0.00100, loss: 0.898343 (1.298861), tok1: 97.031 (84.529), tok5: 99.375 (94.673), time: 0.762 (0.836), eta: 1:28:10, mem: 16625M
[08/21 10:07:03][INFO] trainer.py:  77: iter: 005680, lr: 0.00100, loss: 0.920160 (1.298194), tok1: 96.250 (84.549), tok5: 98.750 (94.680), time: 0.731 (0.836), eta: 1:28:00, mem: 16625M
[08/21 10:07:13][INFO] trainer.py:  77: iter: 005690, lr: 0.00100, loss: 0.899968 (1.297494), tok1: 97.344 (84.572), tok5: 99.531 (94.688), time: 0.997 (0.836), eta: 1:27:54, mem: 16625M
[08/21 10:07:20][INFO] trainer.py:  77: iter: 005700, lr: 0.00100, loss: 0.885225 (1.296771), tok1: 97.188 (84.594), tok5: 99.844 (94.697), time: 0.730 (0.836), eta: 1:27:44, mem: 16625M
[08/21 10:07:30][INFO] trainer.py:  77: iter: 005710, lr: 0.00100, loss: 0.889734 (1.296058), tok1: 97.656 (84.617), tok5: 99.844 (94.706), time: 0.997 (0.836), eta: 1:27:38, mem: 16625M
[08/21 10:07:38][INFO] trainer.py:  77: iter: 005720, lr: 0.00100, loss: 0.911977 (1.295387), tok1: 96.562 (84.638), tok5: 99.375 (94.715), time: 0.812 (0.836), eta: 1:27:29, mem: 16625M
[08/21 10:07:45][INFO] trainer.py:  77: iter: 005730, lr: 0.00100, loss: 0.878747 (1.294659), tok1: 97.386 (84.660), tok5: 99.531 (94.723), time: 0.695 (0.836), eta: 1:27:19, mem: 16625M
[08/21 10:07:53][INFO] trainer.py:  77: iter: 005740, lr: 0.00100, loss: 0.900166 (1.293972), tok1: 97.031 (84.681), tok5: 99.688 (94.732), time: 0.841 (0.836), eta: 1:27:11, mem: 16625M
[08/21 10:08:02][INFO] trainer.py:  77: iter: 005750, lr: 0.00100, loss: 0.884516 (1.293260), tok1: 97.344 (84.703), tok5: 99.688 (94.740), time: 0.867 (0.836), eta: 1:27:03, mem: 16625M
[08/21 10:08:09][INFO] trainer.py:  77: iter: 005760, lr: 0.00100, loss: 0.882935 (1.292548), tok1: 97.031 (84.725), tok5: 99.844 (94.749), time: 0.724 (0.836), eta: 1:26:53, mem: 16625M
[08/21 10:08:18][INFO] trainer.py:  77: iter: 005770, lr: 0.00100, loss: 0.880879 (1.291834), tok1: 97.188 (84.746), tok5: 99.531 (94.757), time: 0.853 (0.836), eta: 1:26:45, mem: 16625M
[08/21 10:08:25][INFO] trainer.py:  77: iter: 005780, lr: 0.00100, loss: 0.908770 (1.291172), tok1: 96.562 (84.767), tok5: 99.375 (94.765), time: 0.727 (0.835), eta: 1:26:35, mem: 16625M
[08/21 10:08:35][INFO] trainer.py:  77: iter: 005790, lr: 0.00100, loss: 0.889754 (1.290478), tok1: 97.031 (84.788), tok5: 99.531 (94.774), time: 0.947 (0.836), eta: 1:26:28, mem: 16625M
[08/21 10:08:42][INFO] trainer.py:  77: iter: 005800, lr: 0.00100, loss: 0.917135 (1.289835), tok1: 95.625 (84.807), tok5: 99.531 (94.782), time: 0.723 (0.835), eta: 1:26:19, mem: 16625M
[08/21 10:08:49][INFO] trainer.py:  77: iter: 005810, lr: 0.00100, loss: 0.893518 (1.289152), tok1: 96.761 (84.827), tok5: 99.531 (94.790), time: 0.699 (0.835), eta: 1:26:09, mem: 16625M
[08/21 10:08:57][INFO] trainer.py:  77: iter: 005820, lr: 0.00100, loss: 0.905448 (1.288493), tok1: 96.875 (84.848), tok5: 99.688 (94.798), time: 0.776 (0.835), eta: 1:26:00, mem: 16625M
[08/21 10:09:04][INFO] trainer.py:  77: iter: 005830, lr: 0.00100, loss: 0.897147 (1.287822), tok1: 96.250 (84.868), tok5: 99.688 (94.807), time: 0.765 (0.835), eta: 1:25:51, mem: 16625M
[08/21 10:09:11][INFO] trainer.py:  77: iter: 005840, lr: 0.00100, loss: 0.902405 (1.287162), tok1: 97.344 (84.889), tok5: 99.531 (94.815), time: 0.727 (0.835), eta: 1:25:41, mem: 16625M
[08/21 10:09:19][INFO] trainer.py:  77: iter: 005850, lr: 0.00100, loss: 0.884854 (1.286474), tok1: 97.344 (84.910), tok5: 99.531 (94.823), time: 0.762 (0.835), eta: 1:25:32, mem: 16625M
[08/21 10:09:26][INFO] trainer.py:  77: iter: 005860, lr: 0.00100, loss: 0.897058 (1.285810), tok1: 96.719 (84.930), tok5: 99.531 (94.831), time: 0.727 (0.834), eta: 1:25:23, mem: 16625M
[08/21 10:09:34][INFO] trainer.py:  77: iter: 005870, lr: 0.00100, loss: 0.884523 (1.285126), tok1: 96.875 (84.951), tok5: 99.688 (94.839), time: 0.762 (0.834), eta: 1:25:14, mem: 16625M
[08/21 10:09:41][INFO] trainer.py:  77: iter: 005880, lr: 0.00100, loss: 0.875847 (1.284430), tok1: 98.125 (84.973), tok5: 99.688 (94.847), time: 0.742 (0.834), eta: 1:25:04, mem: 16625M
[08/21 10:09:49][INFO] trainer.py:  77: iter: 005890, lr: 0.00100, loss: 0.885926 (1.283753), tok1: 97.656 (84.995), tok5: 99.531 (94.855), time: 0.727 (0.834), eta: 1:24:55, mem: 16625M
[08/21 10:09:57][INFO] trainer.py:  77: iter: 005900, lr: 0.00100, loss: 0.883599 (1.283075), tok1: 97.230 (85.015), tok5: 99.531 (94.863), time: 0.828 (0.834), eta: 1:24:47, mem: 16625M
[08/21 10:10:06][INFO] trainer.py:  77: iter: 005910, lr: 0.00100, loss: 0.878995 (1.282391), tok1: 97.500 (85.037), tok5: 99.844 (94.872), time: 0.942 (0.834), eta: 1:24:39, mem: 16625M
[08/21 10:10:14][INFO] trainer.py:  77: iter: 005920, lr: 0.00100, loss: 0.899462 (1.281745), tok1: 96.719 (85.056), tok5: 99.844 (94.880), time: 0.729 (0.834), eta: 1:24:30, mem: 16625M
[08/21 10:10:21][INFO] trainer.py:  77: iter: 005930, lr: 0.00100, loss: 0.886804 (1.281079), tok1: 97.500 (85.077), tok5: 99.688 (94.888), time: 0.737 (0.834), eta: 1:24:21, mem: 16625M
[08/21 10:10:28][INFO] trainer.py:  77: iter: 005940, lr: 0.00100, loss: 0.935177 (1.280496), tok1: 95.312 (85.095), tok5: 99.375 (94.896), time: 0.728 (0.834), eta: 1:24:11, mem: 16625M
[08/21 10:10:37][INFO] trainer.py:  77: iter: 005950, lr: 0.00100, loss: 0.877727 (1.279819), tok1: 97.812 (85.116), tok5: 99.531 (94.904), time: 0.854 (0.834), eta: 1:24:03, mem: 16625M
[08/21 10:10:44][INFO] trainer.py:  77: iter: 005960, lr: 0.00100, loss: 0.889893 (1.279165), tok1: 96.875 (85.136), tok5: 99.688 (94.912), time: 0.728 (0.833), eta: 1:23:54, mem: 16625M
[08/21 10:10:51][INFO] trainer.py:  77: iter: 005970, lr: 0.00100, loss: 0.908938 (1.278545), tok1: 96.094 (85.154), tok5: 99.375 (94.919), time: 0.729 (0.833), eta: 1:23:44, mem: 16625M
[08/21 10:10:58][INFO] trainer.py:  77: iter: 005980, lr: 0.00100, loss: 0.897452 (1.277908), tok1: 96.888 (85.174), tok5: 99.303 (94.926), time: 0.704 (0.833), eta: 1:23:35, mem: 16625M
[08/21 10:11:07][INFO] trainer.py:  77: iter: 005990, lr: 0.00100, loss: 0.864497 (1.277218), tok1: 98.125 (85.195), tok5: 99.688 (94.934), time: 0.854 (0.833), eta: 1:23:26, mem: 16625M
[08/21 10:11:14][INFO] trainer.py:  77: iter: 006000, lr: 0.00100, loss: 0.880317 (1.276556), tok1: 97.500 (85.216), tok5: 99.844 (94.943), time: 0.731 (0.833), eta: 1:23:17, mem: 16625M
[08/21 10:11:14][INFO] checkpoint.py:  46: Saving checkpoint to outputs/x3d-s_clipgcn_tensor_cs_70_10_20_zsl_45_10_coco17_182/model_006000.pth
[08/21 10:11:15][INFO] inference.py:  51: Evaluating CLIPGCN_TENSOR dataset(449 video clips):
  0%|          | 0/8 [00:00<?, ?it/s] 12%|█▎        | 1/8 [00:05<00:35,  5.06s/it] 25%|██▌       | 2/8 [00:05<00:13,  2.26s/it] 38%|███▊      | 3/8 [00:06<00:08,  1.73s/it] 50%|█████     | 4/8 [00:06<00:04,  1.13s/it] 62%|██████▎   | 5/8 [00:06<00:02,  1.25it/s] 75%|███████▌  | 6/8 [00:07<00:01,  1.65it/s] 88%|████████▊ | 7/8 [00:07<00:00,  2.09it/s]100%|██████████| 8/8 [00:07<00:00,  1.08it/s]
[08/21 10:11:22][INFO] inference.py:  61: 
total - top1 acc: 87.891 top5 acc: 99.219
0   - A001                 - acc: 90.00
1   - A002                 - acc: 80.00
2   - A003                 - acc: 60.00
3   - A004                 - acc: 60.00
4   - A005                 - acc: 0.0
5   - A006                 - acc: 90.00
6   - A007                 - acc: 0.0
7   - A008                 - acc: 0.0
8   - A009                 - acc: 0.0
9   - A010                 - acc: 90.00
10  - A011                 - acc: 90.00
11  - A012                 - acc: 80.00
12  - A013                 - acc: 0.0
13  - A014                 - acc: 70.00
14  - A015                 - acc: 0.0
15  - A016                 - acc: 90.00
16  - A017                 - acc: 80.00
17  - A018                 - acc: 100.00
18  - A019                 - acc: 0.0
19  - A020                 - acc: 0.0
20  - A021                 - acc: 100.00
21  - A022                 - acc: 100.00
22  - A023                 - acc: 90.00
23  - A024                 - acc: 100.00
24  - A025                 - acc: 90.00
25  - A026                 - acc: 80.00
26  - A027                 - acc: 100.00
27  - A028                 - acc: 70.00
28  - A029                 - acc: 80.00
29  - A030                 - acc: 80.00
30  - A031                 - acc: 80.00
31  - A032                 - acc: 80.00
32  - A033                 - acc: 80.00
33  - A034                 - acc: 80.00
34  - A035                 - acc: 0.0
35  - A036                 - acc: 80.00
36  - A037                 - acc: 60.00
37  - A038                 - acc: 70.00
38  - A039                 - acc: 100.00
39  - A040                 - acc: 80.00
40  - A041                 - acc: 80.00
41  - A042                 - acc: 100.00
42  - A043                 - acc: 100.00
43  - A044                 - acc: 100.00
44  - A045                 - acc: 80.00
45  - A046                 - acc: 80.00
46  - A047                 - acc: 100.00
47  - A048                 - acc: 0.0
48  - A049                 - acc: 100.00
49  - A050                 - acc: 88.89
50  - A051                 - acc: 70.00
51  - A052                 - acc: 100.00
52  - A053                 - acc: 100.00
53  - A054                 - acc: 100.00
54  - A055                 - acc: 100.00

[08/21 10:11:30][INFO] trainer.py:  77: iter: 006010, lr: 0.00100, loss: 0.885013 (1.275905), tok1: 97.344 (85.236), tok5: 100.000 (94.951), time: 1.552 (0.834), eta: 1:23:16, mem: 16625M
[08/21 10:11:37][INFO] trainer.py:  77: iter: 006020, lr: 0.00100, loss: 0.882399 (1.275251), tok1: 96.875 (85.255), tok5: 99.688 (94.959), time: 0.726 (0.834), eta: 1:23:07, mem: 16625M
[08/21 10:11:44][INFO] trainer.py:  77: iter: 006030, lr: 0.00100, loss: 0.880316 (1.274596), tok1: 97.188 (85.275), tok5: 99.531 (94.966), time: 0.726 (0.834), eta: 1:22:57, mem: 16625M
[08/21 10:11:52][INFO] trainer.py:  77: iter: 006040, lr: 0.00100, loss: 0.881796 (1.273946), tok1: 97.344 (85.295), tok5: 99.688 (94.974), time: 0.722 (0.834), eta: 1:22:48, mem: 16625M
[08/21 10:11:59][INFO] trainer.py:  77: iter: 006050, lr: 0.00100, loss: 0.898988 (1.273326), tok1: 97.031 (85.314), tok5: 99.375 (94.982), time: 0.727 (0.833), eta: 1:22:38, mem: 16625M
[08/21 10:12:06][INFO] trainer.py:  77: iter: 006060, lr: 0.00100, loss: 0.888006 (1.272690), tok1: 97.428 (85.334), tok5: 99.531 (94.989), time: 0.698 (0.833), eta: 1:22:29, mem: 16625M
[08/21 10:12:13][INFO] trainer.py:  77: iter: 006070, lr: 0.00100, loss: 0.897393 (1.272072), tok1: 96.719 (85.353), tok5: 99.375 (94.996), time: 0.725 (0.833), eta: 1:22:19, mem: 16625M
[08/21 10:12:20][INFO] trainer.py:  77: iter: 006080, lr: 0.00100, loss: 0.877180 (1.271422), tok1: 97.344 (85.373), tok5: 99.844 (95.004), time: 0.727 (0.833), eta: 1:22:10, mem: 16625M
[08/21 10:12:28][INFO] trainer.py:  77: iter: 006090, lr: 0.00100, loss: 0.868450 (1.270760), tok1: 97.188 (85.392), tok5: 99.844 (95.012), time: 0.731 (0.833), eta: 1:22:01, mem: 16625M
[08/21 10:12:35][INFO] trainer.py:  77: iter: 006100, lr: 0.00100, loss: 0.886520 (1.270131), tok1: 97.344 (85.412), tok5: 99.688 (95.020), time: 0.731 (0.833), eta: 1:21:51, mem: 16625M
[08/21 10:12:42][INFO] trainer.py:  77: iter: 006110, lr: 0.00100, loss: 0.877409 (1.269488), tok1: 97.969 (85.432), tok5: 99.375 (95.027), time: 0.732 (0.832), eta: 1:21:42, mem: 16625M
[08/21 10:12:50][INFO] trainer.py:  77: iter: 006120, lr: 0.00100, loss: 0.870989 (1.268837), tok1: 97.344 (85.452), tok5: 99.688 (95.035), time: 0.724 (0.832), eta: 1:21:33, mem: 16625M
[08/21 10:12:58][INFO] trainer.py:  77: iter: 006130, lr: 0.00100, loss: 0.889203 (1.268217), tok1: 97.188 (85.471), tok5: 99.844 (95.042), time: 0.817 (0.832), eta: 1:21:24, mem: 16625M
[08/21 10:13:05][INFO] trainer.py:  77: iter: 006140, lr: 0.00100, loss: 0.876827 (1.267580), tok1: 97.812 (85.491), tok5: 99.531 (95.050), time: 0.730 (0.832), eta: 1:21:15, mem: 16625M
[08/21 10:13:14][INFO] trainer.py:  77: iter: 006150, lr: 0.00100, loss: 0.880738 (1.266951), tok1: 97.073 (85.510), tok5: 99.417 (95.057), time: 0.898 (0.832), eta: 1:21:07, mem: 16625M
[08/21 10:13:21][INFO] trainer.py:  77: iter: 006160, lr: 0.00100, loss: 0.887646 (1.266335), tok1: 96.719 (85.528), tok5: 99.375 (95.064), time: 0.722 (0.832), eta: 1:20:58, mem: 16625M
[08/21 10:13:30][INFO] trainer.py:  77: iter: 006170, lr: 0.00100, loss: 0.864192 (1.265683), tok1: 97.969 (85.548), tok5: 99.844 (95.072), time: 0.863 (0.832), eta: 1:20:50, mem: 16625M
[08/21 10:13:39][INFO] trainer.py:  77: iter: 006180, lr: 0.00100, loss: 0.906657 (1.265102), tok1: 96.406 (85.566), tok5: 99.062 (95.078), time: 0.889 (0.832), eta: 1:20:42, mem: 16625M
[08/21 10:13:46][INFO] trainer.py:  77: iter: 006190, lr: 0.00100, loss: 0.875604 (1.264473), tok1: 97.344 (85.585), tok5: 99.688 (95.086), time: 0.725 (0.832), eta: 1:20:33, mem: 16625M
[08/21 10:13:55][INFO] trainer.py:  77: iter: 006200, lr: 0.00100, loss: 0.898160 (1.263882), tok1: 97.188 (85.604), tok5: 99.531 (95.093), time: 0.906 (0.832), eta: 1:20:25, mem: 16625M
[08/21 10:14:03][INFO] trainer.py:  77: iter: 006210, lr: 0.00100, loss: 0.888039 (1.263277), tok1: 96.719 (85.622), tok5: 99.531 (95.100), time: 0.790 (0.832), eta: 1:20:16, mem: 16625M
[08/21 10:14:10][INFO] trainer.py:  77: iter: 006220, lr: 0.00100, loss: 0.886552 (1.262672), tok1: 96.875 (85.640), tok5: 99.531 (95.107), time: 0.729 (0.832), eta: 1:20:07, mem: 16625M
[08/21 10:14:20][INFO] trainer.py:  77: iter: 006230, lr: 0.00100, loss: 0.865991 (1.262035), tok1: 97.344 (85.658), tok5: 99.844 (95.115), time: 0.949 (0.832), eta: 1:20:00, mem: 16625M
[08/21 10:14:27][INFO] trainer.py:  77: iter: 006240, lr: 0.00100, loss: 0.900145 (1.261455), tok1: 96.406 (85.676), tok5: 99.531 (95.122), time: 0.729 (0.832), eta: 1:19:51, mem: 16625M
[08/21 10:14:37][INFO] trainer.py:  77: iter: 006250, lr: 0.00100, loss: 0.869710 (1.260828), tok1: 98.125 (85.696), tok5: 99.688 (95.129), time: 0.998 (0.832), eta: 1:19:44, mem: 16625M
[08/21 10:14:46][INFO] trainer.py:  77: iter: 006260, lr: 0.00100, loss: 0.873772 (1.260210), tok1: 97.344 (85.714), tok5: 99.219 (95.136), time: 0.876 (0.832), eta: 1:19:36, mem: 16625M
[08/21 10:14:53][INFO] trainer.py:  77: iter: 006270, lr: 0.00100, loss: 0.883324 (1.259609), tok1: 97.344 (85.733), tok5: 99.531 (95.143), time: 0.738 (0.832), eta: 1:19:27, mem: 16625M
[08/21 10:15:02][INFO] trainer.py:  77: iter: 006280, lr: 0.00100, loss: 0.902631 (1.259040), tok1: 97.188 (85.751), tok5: 99.375 (95.149), time: 0.864 (0.832), eta: 1:19:19, mem: 16625M
[08/21 10:15:12][INFO] trainer.py:  77: iter: 006290, lr: 0.00100, loss: 0.863830 (1.258412), tok1: 97.656 (85.770), tok5: 100.000 (95.157), time: 0.990 (0.832), eta: 1:19:12, mem: 16625M
[08/21 10:15:19][INFO] trainer.py:  77: iter: 006300, lr: 0.00100, loss: 0.887002 (1.257822), tok1: 96.719 (85.787), tok5: 99.844 (95.164), time: 0.724 (0.832), eta: 1:19:02, mem: 16625M
[08/21 10:15:28][INFO] trainer.py:  77: iter: 006310, lr: 0.00100, loss: 0.891297 (1.257241), tok1: 96.761 (85.805), tok5: 99.219 (95.171), time: 0.883 (0.832), eta: 1:18:55, mem: 16625M
[08/21 10:15:35][INFO] trainer.py:  77: iter: 006320, lr: 0.00100, loss: 0.898208 (1.256673), tok1: 96.562 (85.822), tok5: 99.062 (95.177), time: 0.731 (0.832), eta: 1:18:45, mem: 16625M
[08/21 10:15:45][INFO] trainer.py:  77: iter: 006330, lr: 0.00100, loss: 0.907978 (1.256123), tok1: 96.094 (85.838), tok5: 99.375 (95.184), time: 0.960 (0.832), eta: 1:18:38, mem: 16625M
[08/21 10:15:54][INFO] trainer.py:  77: iter: 006340, lr: 0.00100, loss: 0.877973 (1.255526), tok1: 97.500 (85.856), tok5: 99.688 (95.191), time: 0.948 (0.832), eta: 1:18:31, mem: 16625M
[08/21 10:16:01][INFO] trainer.py:  77: iter: 006350, lr: 0.00100, loss: 0.885696 (1.254944), tok1: 96.406 (85.873), tok5: 99.531 (95.198), time: 0.727 (0.832), eta: 1:18:22, mem: 16625M
[08/21 10:16:11][INFO] trainer.py:  77: iter: 006360, lr: 0.00100, loss: 0.862447 (1.254327), tok1: 98.281 (85.892), tok5: 99.688 (95.205), time: 0.947 (0.832), eta: 1:18:14, mem: 16625M
[08/21 10:16:19][INFO] trainer.py:  77: iter: 006370, lr: 0.00100, loss: 0.884654 (1.253746), tok1: 97.031 (85.910), tok5: 99.062 (95.211), time: 0.816 (0.832), eta: 1:18:06, mem: 16625M
[08/21 10:16:26][INFO] trainer.py:  77: iter: 006380, lr: 0.00100, loss: 0.895155 (1.253184), tok1: 96.406 (85.926), tok5: 99.219 (95.217), time: 0.722 (0.832), eta: 1:17:57, mem: 16625M
[08/21 10:16:35][INFO] trainer.py:  77: iter: 006390, lr: 0.00100, loss: 0.872423 (1.252588), tok1: 97.812 (85.945), tok5: 99.531 (95.224), time: 0.907 (0.832), eta: 1:17:49, mem: 16625M
[08/21 10:16:42][INFO] trainer.py:  77: iter: 006400, lr: 0.00010, loss: 0.862611 (1.251979), tok1: 98.323 (85.964), tok5: 99.688 (95.231), time: 0.691 (0.832), eta: 1:17:39, mem: 16625M
[08/21 10:16:51][INFO] trainer.py:  77: iter: 006410, lr: 0.00010, loss: 0.880678 (1.251400), tok1: 97.031 (85.982), tok5: 99.688 (95.238), time: 0.898 (0.832), eta: 1:17:32, mem: 16625M
[08/21 10:16:59][INFO] trainer.py:  77: iter: 006420, lr: 0.00010, loss: 0.875434 (1.250814), tok1: 97.656 (86.000), tok5: 99.688 (95.245), time: 0.829 (0.832), eta: 1:17:23, mem: 16625M
[08/21 10:17:07][INFO] trainer.py:  77: iter: 006430, lr: 0.00010, loss: 0.868141 (1.250219), tok1: 97.812 (86.018), tok5: 99.844 (95.252), time: 0.733 (0.832), eta: 1:17:14, mem: 16625M
[08/21 10:17:15][INFO] trainer.py:  77: iter: 006440, lr: 0.00010, loss: 0.883030 (1.249649), tok1: 97.031 (86.035), tok5: 99.531 (95.258), time: 0.806 (0.832), eta: 1:17:05, mem: 16625M
[08/21 10:17:24][INFO] trainer.py:  77: iter: 006450, lr: 0.00010, loss: 0.888374 (1.249089), tok1: 96.719 (86.052), tok5: 99.531 (95.265), time: 0.912 (0.832), eta: 1:16:58, mem: 16625M
[08/21 10:17:31][INFO] trainer.py:  77: iter: 006460, lr: 0.00010, loss: 0.874618 (1.248509), tok1: 97.656 (86.070), tok5: 99.844 (95.272), time: 0.720 (0.832), eta: 1:16:49, mem: 16625M
[08/21 10:17:39][INFO] trainer.py:  77: iter: 006470, lr: 0.00010, loss: 0.868444 (1.247922), tok1: 97.656 (86.088), tok5: 99.844 (95.279), time: 0.809 (0.832), eta: 1:16:40, mem: 16625M
[08/21 10:17:46][INFO] trainer.py:  77: iter: 006480, lr: 0.00010, loss: 0.879788 (1.247353), tok1: 97.230 (86.105), tok5: 99.375 (95.285), time: 0.692 (0.832), eta: 1:16:31, mem: 16625M
[08/21 10:17:55][INFO] trainer.py:  77: iter: 006490, lr: 0.00010, loss: 0.867692 (1.246768), tok1: 97.812 (86.123), tok5: 99.531 (95.292), time: 0.909 (0.832), eta: 1:16:23, mem: 16625M
[08/21 10:18:03][INFO] trainer.py:  77: iter: 006500, lr: 0.00010, loss: 0.885923 (1.246213), tok1: 96.250 (86.138), tok5: 99.375 (95.298), time: 0.793 (0.832), eta: 1:16:14, mem: 16625M
[08/21 10:18:03][INFO] checkpoint.py:  46: Saving checkpoint to outputs/x3d-s_clipgcn_tensor_cs_70_10_20_zsl_45_10_coco17_182/model_006500.pth
[08/21 10:18:04][INFO] inference.py:  51: Evaluating CLIPGCN_TENSOR dataset(449 video clips):
  0%|          | 0/8 [00:00<?, ?it/s] 12%|█▎        | 1/8 [00:05<00:41,  5.86s/it] 25%|██▌       | 2/8 [00:06<00:15,  2.54s/it] 38%|███▊      | 3/8 [00:06<00:07,  1.48s/it] 50%|█████     | 4/8 [00:06<00:03,  1.02it/s] 62%|██████▎   | 5/8 [00:06<00:02,  1.42it/s] 75%|███████▌  | 6/8 [00:06<00:01,  1.85it/s] 88%|████████▊ | 7/8 [00:07<00:00,  2.30it/s]100%|██████████| 8/8 [00:07<00:00,  1.11it/s]
[08/21 10:18:11][INFO] inference.py:  61: 
total - top1 acc: 76.953 top5 acc: 99.219
0   - A001                 - acc: 80.00
1   - A002                 - acc: 80.00
2   - A003                 - acc: 40.00
3   - A004                 - acc: 60.00
4   - A005                 - acc: 0.0
5   - A006                 - acc: 90.00
6   - A007                 - acc: 0.0
7   - A008                 - acc: 0.0
8   - A009                 - acc: 0.0
9   - A010                 - acc: 90.00
10  - A011                 - acc: 80.00
11  - A012                 - acc: 80.00
12  - A013                 - acc: 0.0
13  - A014                 - acc: 80.00
14  - A015                 - acc: 0.0
15  - A016                 - acc: 100.00
16  - A017                 - acc: 80.00
17  - A018                 - acc: 100.00
18  - A019                 - acc: 0.0
19  - A020                 - acc: 0.0
20  - A021                 - acc: 100.00
21  - A022                 - acc: 100.00
22  - A023                 - acc: 90.00
23  - A024                 - acc: 100.00
24  - A025                 - acc: 90.00
25  - A026                 - acc: 80.00
26  - A027                 - acc: 100.00
27  - A028                 - acc: 90.00
28  - A029                 - acc: 100.00
29  - A030                 - acc: 70.00
30  - A031                 - acc: 90.00
31  - A032                 - acc: 80.00
32  - A033                 - acc: 90.00
33  - A034                 - acc: 90.00
34  - A035                 - acc: 0.0
35  - A036                 - acc: 90.00
36  - A037                 - acc: 70.00
37  - A038                 - acc: 80.00
38  - A039                 - acc: 100.00
39  - A040                 - acc: 90.00
40  - A041                 - acc: 80.00
41  - A042                 - acc: 100.00
42  - A043                 - acc: 90.00
43  - A044                 - acc: 100.00
44  - A045                 - acc: 90.00
45  - A046                 - acc: 80.00
46  - A047                 - acc: 100.00
47  - A048                 - acc: 0.0
48  - A049                 - acc: 100.00
49  - A050                 - acc: 88.89
50  - A051                 - acc: 70.00
51  - A052                 - acc: 100.00
52  - A053                 - acc: 100.00
53  - A054                 - acc: 100.00
54  - A055                 - acc: 90.00

[08/21 10:18:18][INFO] trainer.py:  77: iter: 006510, lr: 0.00010, loss: 0.883124 (1.245656), tok1: 97.812 (86.156), tok5: 99.688 (95.305), time: 1.512 (0.833), eta: 1:16:12, mem: 16625M
[08/21 10:18:26][INFO] trainer.py:  77: iter: 006520, lr: 0.00010, loss: 0.886523 (1.245105), tok1: 97.031 (86.173), tok5: 99.531 (95.312), time: 0.728 (0.833), eta: 1:16:02, mem: 16625M
[08/21 10:18:33][INFO] trainer.py:  77: iter: 006530, lr: 0.00010, loss: 0.867101 (1.244526), tok1: 97.500 (86.190), tok5: 99.844 (95.318), time: 0.731 (0.832), eta: 1:15:53, mem: 16625M
[08/21 10:18:40][INFO] trainer.py:  77: iter: 006540, lr: 0.00010, loss: 0.890324 (1.243984), tok1: 97.344 (86.207), tok5: 99.531 (95.325), time: 0.722 (0.832), eta: 1:15:44, mem: 16625M
[08/21 10:18:47][INFO] trainer.py:  77: iter: 006550, lr: 0.00010, loss: 0.894891 (1.243451), tok1: 97.031 (86.224), tok5: 99.531 (95.331), time: 0.724 (0.832), eta: 1:15:35, mem: 16625M
[08/21 10:18:54][INFO] trainer.py:  77: iter: 006560, lr: 0.00010, loss: 0.878396 (1.242895), tok1: 97.031 (86.240), tok5: 99.375 (95.337), time: 0.700 (0.832), eta: 1:15:25, mem: 16625M
[08/21 10:19:02][INFO] trainer.py:  77: iter: 006570, lr: 0.00010, loss: 0.889020 (1.242356), tok1: 96.250 (86.256), tok5: 99.531 (95.344), time: 0.721 (0.832), eta: 1:15:16, mem: 16625M
[08/21 10:19:09][INFO] trainer.py:  77: iter: 006580, lr: 0.00010, loss: 0.885884 (1.241814), tok1: 96.250 (86.271), tok5: 99.688 (95.350), time: 0.725 (0.832), eta: 1:15:07, mem: 16625M
[08/21 10:19:16][INFO] trainer.py:  77: iter: 006590, lr: 0.00010, loss: 0.876407 (1.241260), tok1: 97.656 (86.288), tok5: 99.844 (95.357), time: 0.722 (0.831), eta: 1:14:58, mem: 16625M
[08/21 10:19:25][INFO] trainer.py:  77: iter: 006600, lr: 0.00010, loss: 0.859745 (1.240682), tok1: 98.125 (86.306), tok5: 99.688 (95.364), time: 0.868 (0.832), eta: 1:14:50, mem: 16625M
[08/21 10:19:33][INFO] trainer.py:  77: iter: 006610, lr: 0.00010, loss: 0.869651 (1.240121), tok1: 97.969 (86.324), tok5: 99.688 (95.370), time: 0.837 (0.832), eta: 1:14:41, mem: 16625M
[08/21 10:19:43][INFO] trainer.py:  77: iter: 006620, lr: 0.00010, loss: 0.867269 (1.239557), tok1: 97.656 (86.341), tok5: 99.688 (95.377), time: 0.980 (0.832), eta: 1:14:34, mem: 16625M
[08/21 10:19:53][INFO] trainer.py:  77: iter: 006630, lr: 0.00010, loss: 0.867014 (1.238995), tok1: 97.969 (86.358), tok5: 99.531 (95.383), time: 1.031 (0.832), eta: 1:14:28, mem: 16625M
[08/21 10:20:00][INFO] trainer.py:  77: iter: 006640, lr: 0.00010, loss: 0.867959 (1.238437), tok1: 97.584 (86.375), tok5: 99.844 (95.390), time: 0.689 (0.832), eta: 1:14:18, mem: 16625M
[08/21 10:20:10][INFO] trainer.py:  77: iter: 006650, lr: 0.00010, loss: 0.876705 (1.237893), tok1: 96.875 (86.391), tok5: 99.531 (95.396), time: 0.944 (0.832), eta: 1:14:11, mem: 16625M
[08/21 10:20:17][INFO] trainer.py:  77: iter: 006660, lr: 0.00010, loss: 0.906122 (1.237395), tok1: 96.562 (86.406), tok5: 99.062 (95.402), time: 0.724 (0.832), eta: 1:14:02, mem: 16625M
[08/21 10:20:26][INFO] trainer.py:  77: iter: 006670, lr: 0.00010, loss: 0.874208 (1.236850), tok1: 97.188 (86.423), tok5: 99.531 (95.408), time: 0.957 (0.832), eta: 1:13:54, mem: 16625M
[08/21 10:20:36][INFO] trainer.py:  77: iter: 006680, lr: 0.00010, loss: 0.886748 (1.236326), tok1: 96.875 (86.438), tok5: 99.531 (95.414), time: 0.953 (0.832), eta: 1:13:47, mem: 16625M
[08/21 10:20:43][INFO] trainer.py:  77: iter: 006690, lr: 0.00010, loss: 0.900644 (1.235824), tok1: 96.406 (86.453), tok5: 99.062 (95.419), time: 0.723 (0.832), eta: 1:13:38, mem: 16625M
[08/21 10:20:51][INFO] trainer.py:  77: iter: 006700, lr: 0.00010, loss: 0.879042 (1.235292), tok1: 97.188 (86.469), tok5: 99.688 (95.426), time: 0.792 (0.832), eta: 1:13:29, mem: 16625M
[08/21 10:21:00][INFO] trainer.py:  77: iter: 006710, lr: 0.00010, loss: 0.869772 (1.234747), tok1: 97.344 (86.485), tok5: 99.531 (95.432), time: 0.892 (0.832), eta: 1:13:21, mem: 16625M
[08/21 10:21:07][INFO] trainer.py:  77: iter: 006720, lr: 0.00010, loss: 0.874047 (1.234210), tok1: 97.188 (86.501), tok5: 99.688 (95.438), time: 0.723 (0.832), eta: 1:13:12, mem: 16625M
[08/21 10:21:16][INFO] trainer.py:  77: iter: 006730, lr: 0.00010, loss: 0.892546 (1.233703), tok1: 97.344 (86.517), tok5: 99.219 (95.444), time: 0.836 (0.832), eta: 1:13:04, mem: 16625M
[08/21 10:21:23][INFO] trainer.py:  77: iter: 006740, lr: 0.00010, loss: 0.882979 (1.233182), tok1: 96.719 (86.533), tok5: 99.688 (95.450), time: 0.726 (0.832), eta: 1:12:55, mem: 16625M
[08/21 10:21:33][INFO] trainer.py:  77: iter: 006750, lr: 0.00010, loss: 0.891274 (1.232676), tok1: 96.719 (86.548), tok5: 99.688 (95.456), time: 0.970 (0.832), eta: 1:12:47, mem: 16625M
[08/21 10:21:40][INFO] trainer.py:  77: iter: 006760, lr: 0.00010, loss: 0.863342 (1.232129), tok1: 97.969 (86.564), tok5: 99.844 (95.463), time: 0.774 (0.832), eta: 1:12:39, mem: 16625M
[08/21 10:21:47][INFO] trainer.py:  77: iter: 006770, lr: 0.00010, loss: 0.862534 (1.231583), tok1: 97.344 (86.580), tok5: 99.844 (95.469), time: 0.725 (0.832), eta: 1:12:29, mem: 16625M
[08/21 10:21:56][INFO] trainer.py:  77: iter: 006780, lr: 0.00010, loss: 0.872015 (1.231053), tok1: 98.438 (86.598), tok5: 100.000 (95.476), time: 0.816 (0.832), eta: 1:12:21, mem: 16625M
[08/21 10:22:04][INFO] trainer.py:  77: iter: 006790, lr: 0.00010, loss: 0.859763 (1.230506), tok1: 98.438 (86.615), tok5: 99.688 (95.482), time: 0.794 (0.832), eta: 1:12:12, mem: 16625M
[08/21 10:22:11][INFO] trainer.py:  77: iter: 006800, lr: 0.00010, loss: 0.873327 (1.229981), tok1: 97.188 (86.631), tok5: 99.531 (95.488), time: 0.727 (0.831), eta: 1:12:03, mem: 16625M
[08/21 10:22:18][INFO] trainer.py:  77: iter: 006810, lr: 0.00010, loss: 0.848641 (1.229421), tok1: 98.011 (86.648), tok5: 99.844 (95.495), time: 0.695 (0.831), eta: 1:11:54, mem: 16625M
[08/21 10:22:25][INFO] trainer.py:  77: iter: 006820, lr: 0.00010, loss: 0.868724 (1.228892), tok1: 97.500 (86.664), tok5: 99.531 (95.501), time: 0.726 (0.831), eta: 1:11:45, mem: 16625M
[08/21 10:22:32][INFO] trainer.py:  77: iter: 006830, lr: 0.00010, loss: 0.896780 (1.228406), tok1: 96.406 (86.678), tok5: 99.688 (95.507), time: 0.724 (0.831), eta: 1:11:36, mem: 16625M
[08/21 10:22:40][INFO] trainer.py:  77: iter: 006840, lr: 0.00010, loss: 0.879669 (1.227896), tok1: 96.875 (86.693), tok5: 99.531 (95.513), time: 0.738 (0.831), eta: 1:11:27, mem: 16625M
[08/21 10:22:49][INFO] trainer.py:  77: iter: 006850, lr: 0.00010, loss: 0.878662 (1.227386), tok1: 97.656 (86.709), tok5: 99.688 (95.519), time: 0.893 (0.831), eta: 1:11:19, mem: 16625M
[08/21 10:22:56][INFO] trainer.py:  77: iter: 006860, lr: 0.00010, loss: 0.870891 (1.226866), tok1: 97.812 (86.725), tok5: 99.531 (95.525), time: 0.727 (0.831), eta: 1:11:10, mem: 16625M
[08/21 10:23:05][INFO] trainer.py:  77: iter: 006870, lr: 0.00010, loss: 0.895480 (1.226384), tok1: 95.938 (86.738), tok5: 99.531 (95.530), time: 0.888 (0.831), eta: 1:11:02, mem: 16625M
[08/21 10:23:12][INFO] trainer.py:  77: iter: 006880, lr: 0.00010, loss: 0.859861 (1.225851), tok1: 98.125 (86.755), tok5: 99.844 (95.537), time: 0.719 (0.831), eta: 1:10:53, mem: 16625M
[08/21 10:23:20][INFO] trainer.py:  77: iter: 006890, lr: 0.00010, loss: 0.852334 (1.225309), tok1: 98.125 (86.771), tok5: 100.000 (95.543), time: 0.828 (0.831), eta: 1:10:44, mem: 16625M
[08/21 10:23:29][INFO] trainer.py:  77: iter: 006900, lr: 0.00010, loss: 0.876091 (1.224803), tok1: 97.500 (86.787), tok5: 99.219 (95.548), time: 0.895 (0.831), eta: 1:10:37, mem: 16625M
[08/21 10:23:36][INFO] trainer.py:  77: iter: 006910, lr: 0.00010, loss: 0.875036 (1.224297), tok1: 97.656 (86.803), tok5: 99.375 (95.554), time: 0.730 (0.831), eta: 1:10:28, mem: 16625M
[08/21 10:23:45][INFO] trainer.py:  77: iter: 006920, lr: 0.00010, loss: 0.891833 (1.223817), tok1: 97.656 (86.818), tok5: 98.906 (95.559), time: 0.865 (0.831), eta: 1:10:19, mem: 16625M
[08/21 10:23:53][INFO] trainer.py:  77: iter: 006930, lr: 0.00010, loss: 0.879051 (1.223319), tok1: 97.188 (86.833), tok5: 99.531 (95.565), time: 0.754 (0.831), eta: 1:10:11, mem: 16625M
[08/21 10:24:00][INFO] trainer.py:  77: iter: 006940, lr: 0.00010, loss: 0.878810 (1.222823), tok1: 97.188 (86.848), tok5: 99.531 (95.570), time: 0.724 (0.830), eta: 1:10:01, mem: 16625M
[08/21 10:24:07][INFO] trainer.py:  77: iter: 006950, lr: 0.00010, loss: 0.866367 (1.222310), tok1: 97.188 (86.863), tok5: 99.688 (95.576), time: 0.754 (0.830), eta: 1:09:53, mem: 16625M
[08/21 10:24:15][INFO] trainer.py:  77: iter: 006960, lr: 0.00010, loss: 0.872462 (1.221807), tok1: 96.875 (86.877), tok5: 99.531 (95.582), time: 0.723 (0.830), eta: 1:09:44, mem: 16625M
[08/21 10:24:24][INFO] trainer.py:  77: iter: 006970, lr: 0.00010, loss: 0.881651 (1.221319), tok1: 96.875 (86.892), tok5: 99.844 (95.588), time: 0.890 (0.830), eta: 1:09:36, mem: 16625M
[08/21 10:24:32][INFO] trainer.py:  77: iter: 006980, lr: 0.00010, loss: 0.871017 (1.220817), tok1: 97.741 (86.907), tok5: 99.219 (95.593), time: 0.825 (0.830), eta: 1:09:27, mem: 16625M
[08/21 10:24:39][INFO] trainer.py:  77: iter: 006990, lr: 0.00010, loss: 0.875370 (1.220323), tok1: 97.188 (86.922), tok5: 99.688 (95.599), time: 0.721 (0.830), eta: 1:09:18, mem: 16625M
[08/21 10:24:48][INFO] trainer.py:  77: iter: 007000, lr: 0.00010, loss: 0.900341 (1.219866), tok1: 96.719 (86.936), tok5: 98.906 (95.604), time: 0.889 (0.830), eta: 1:09:10, mem: 16625M
[08/21 10:24:48][INFO] checkpoint.py:  46: Saving checkpoint to outputs/x3d-s_clipgcn_tensor_cs_70_10_20_zsl_45_10_coco17_182/model_007000.pth
[08/21 10:24:48][INFO] inference.py:  51: Evaluating CLIPGCN_TENSOR dataset(449 video clips):
  0%|          | 0/8 [00:00<?, ?it/s] 12%|█▎        | 1/8 [00:06<00:42,  6.00s/it] 25%|██▌       | 2/8 [00:06<00:15,  2.60s/it] 38%|███▊      | 3/8 [00:06<00:07,  1.51s/it] 50%|█████     | 4/8 [00:06<00:04,  1.00s/it] 62%|██████▎   | 5/8 [00:06<00:02,  1.39it/s] 75%|███████▌  | 6/8 [00:07<00:01,  1.82it/s] 88%|████████▊ | 7/8 [00:07<00:00,  2.28it/s]100%|██████████| 8/8 [00:07<00:00,  1.09it/s]
[08/21 10:24:56][INFO] inference.py:  61: 
total - top1 acc: 75.977 top5 acc: 99.219
0   - A001                 - acc: 60.00
1   - A002                 - acc: 80.00
2   - A003                 - acc: 50.00
3   - A004                 - acc: 60.00
4   - A005                 - acc: 0.0
5   - A006                 - acc: 90.00
6   - A007                 - acc: 0.0
7   - A008                 - acc: 0.0
8   - A009                 - acc: 0.0
9   - A010                 - acc: 90.00
10  - A011                 - acc: 80.00
11  - A012                 - acc: 80.00
12  - A013                 - acc: 0.0
13  - A014                 - acc: 70.00
14  - A015                 - acc: 0.0
15  - A016                 - acc: 100.00
16  - A017                 - acc: 80.00
17  - A018                 - acc: 100.00
18  - A019                 - acc: 0.0
19  - A020                 - acc: 0.0
20  - A021                 - acc: 100.00
21  - A022                 - acc: 100.00
22  - A023                 - acc: 90.00
23  - A024                 - acc: 100.00
24  - A025                 - acc: 90.00
25  - A026                 - acc: 80.00
26  - A027                 - acc: 100.00
27  - A028                 - acc: 80.00
28  - A029                 - acc: 90.00
29  - A030                 - acc: 70.00
30  - A031                 - acc: 90.00
31  - A032                 - acc: 90.00
32  - A033                 - acc: 80.00
33  - A034                 - acc: 80.00
34  - A035                 - acc: 0.0
35  - A036                 - acc: 90.00
36  - A037                 - acc: 60.00
37  - A038                 - acc: 80.00
38  - A039                 - acc: 100.00
39  - A040                 - acc: 90.00
40  - A041                 - acc: 80.00
41  - A042                 - acc: 100.00
42  - A043                 - acc: 100.00
43  - A044                 - acc: 100.00
44  - A045                 - acc: 90.00
45  - A046                 - acc: 80.00
46  - A047                 - acc: 100.00
47  - A048                 - acc: 0.0
48  - A049                 - acc: 100.00
49  - A050                 - acc: 88.89
50  - A051                 - acc: 70.00
51  - A052                 - acc: 100.00
52  - A053                 - acc: 100.00
53  - A054                 - acc: 100.00
54  - A055                 - acc: 90.00

[08/21 10:25:03][INFO] trainer.py:  77: iter: 007010, lr: 0.00010, loss: 0.895697 (1.219403), tok1: 95.938 (86.949), tok5: 99.844 (95.610), time: 1.522 (0.831), eta: 1:09:07, mem: 16625M
[08/21 10:25:10][INFO] trainer.py:  77: iter: 007020, lr: 0.00010, loss: 0.872667 (1.218909), tok1: 97.500 (86.964), tok5: 99.688 (95.616), time: 0.726 (0.831), eta: 1:08:58, mem: 16625M
[08/21 10:25:18][INFO] trainer.py:  77: iter: 007030, lr: 0.00010, loss: 0.870652 (1.218414), tok1: 97.188 (86.978), tok5: 99.688 (95.621), time: 0.725 (0.831), eta: 1:08:49, mem: 16625M
[08/21 10:25:25][INFO] trainer.py:  77: iter: 007040, lr: 0.00010, loss: 0.866247 (1.217914), tok1: 98.281 (86.995), tok5: 99.688 (95.627), time: 0.723 (0.831), eta: 1:08:40, mem: 16625M
[08/21 10:25:32][INFO] trainer.py:  77: iter: 007050, lr: 0.00010, loss: 0.887969 (1.217446), tok1: 96.562 (87.008), tok5: 99.375 (95.633), time: 0.723 (0.831), eta: 1:08:31, mem: 16625M
[08/21 10:25:39][INFO] trainer.py:  77: iter: 007060, lr: 0.00010, loss: 0.897772 (1.216993), tok1: 96.575 (87.022), tok5: 99.531 (95.638), time: 0.696 (0.830), eta: 1:08:22, mem: 16625M
[08/21 10:25:46][INFO] trainer.py:  77: iter: 007070, lr: 0.00010, loss: 0.881725 (1.216519), tok1: 97.500 (87.036), tok5: 99.531 (95.644), time: 0.724 (0.830), eta: 1:08:12, mem: 16625M
[08/21 10:25:56][INFO] trainer.py:  77: iter: 007080, lr: 0.00010, loss: 0.856291 (1.216010), tok1: 97.969 (87.052), tok5: 99.531 (95.649), time: 0.926 (0.830), eta: 1:08:05, mem: 16625M
[08/21 10:26:05][INFO] trainer.py:  77: iter: 007090, lr: 0.00010, loss: 0.849228 (1.215493), tok1: 98.438 (87.068), tok5: 99.844 (95.655), time: 0.960 (0.831), eta: 1:07:57, mem: 16625M
[08/21 10:26:12][INFO] trainer.py:  77: iter: 007100, lr: 0.00010, loss: 0.883965 (1.215026), tok1: 96.562 (87.081), tok5: 99.531 (95.660), time: 0.732 (0.830), eta: 1:07:48, mem: 16625M
[08/21 10:26:21][INFO] trainer.py:  77: iter: 007110, lr: 0.00010, loss: 0.882989 (1.214559), tok1: 97.344 (87.096), tok5: 99.375 (95.666), time: 0.855 (0.830), eta: 1:07:40, mem: 16625M
[08/21 10:26:28][INFO] trainer.py:  77: iter: 007120, lr: 0.00010, loss: 0.877985 (1.214086), tok1: 97.031 (87.110), tok5: 99.531 (95.671), time: 0.723 (0.830), eta: 1:07:31, mem: 16625M
[08/21 10:26:37][INFO] trainer.py:  77: iter: 007130, lr: 0.00010, loss: 0.874356 (1.213610), tok1: 97.344 (87.124), tok5: 99.688 (95.677), time: 0.859 (0.830), eta: 1:07:23, mem: 16625M
[08/21 10:26:44][INFO] trainer.py:  77: iter: 007140, lr: 0.00010, loss: 0.855045 (1.213107), tok1: 98.438 (87.140), tok5: 99.531 (95.682), time: 0.700 (0.830), eta: 1:07:14, mem: 16625M
[08/21 10:26:51][INFO] trainer.py:  77: iter: 007150, lr: 0.00010, loss: 0.882496 (1.212645), tok1: 96.719 (87.153), tok5: 99.688 (95.688), time: 0.724 (0.830), eta: 1:07:05, mem: 16625M
[08/21 10:26:58][INFO] trainer.py:  77: iter: 007160, lr: 0.00010, loss: 0.870961 (1.212168), tok1: 97.656 (87.168), tok5: 99.688 (95.693), time: 0.725 (0.830), eta: 1:06:56, mem: 16625M
[08/21 10:27:06][INFO] trainer.py:  77: iter: 007170, lr: 0.00010, loss: 0.870320 (1.211691), tok1: 97.188 (87.182), tok5: 99.531 (95.699), time: 0.722 (0.830), eta: 1:06:47, mem: 16625M
[08/21 10:27:13][INFO] trainer.py:  77: iter: 007180, lr: 0.00010, loss: 0.874878 (1.211222), tok1: 97.344 (87.196), tok5: 99.844 (95.704), time: 0.721 (0.830), eta: 1:06:38, mem: 16625M
[08/21 10:27:21][INFO] trainer.py:  77: iter: 007190, lr: 0.00010, loss: 0.893514 (1.210780), tok1: 97.188 (87.210), tok5: 99.062 (95.709), time: 0.787 (0.829), eta: 1:06:29, mem: 16625M
[08/21 10:27:28][INFO] trainer.py:  77: iter: 007200, lr: 0.00010, loss: 0.866216 (1.210301), tok1: 97.812 (87.225), tok5: 99.844 (95.715), time: 0.729 (0.829), eta: 1:06:20, mem: 16625M
[08/21 10:27:37][INFO] trainer.py:  77: iter: 007210, lr: 0.00010, loss: 0.880688 (1.209844), tok1: 97.344 (87.239), tok5: 99.375 (95.720), time: 0.863 (0.829), eta: 1:06:12, mem: 16625M
[08/21 10:27:45][INFO] trainer.py:  77: iter: 007220, lr: 0.00010, loss: 0.867658 (1.209370), tok1: 97.969 (87.254), tok5: 99.688 (95.725), time: 0.866 (0.829), eta: 1:06:04, mem: 16625M
[08/21 10:27:52][INFO] trainer.py:  77: iter: 007230, lr: 0.00010, loss: 0.878154 (1.208912), tok1: 97.897 (87.268), tok5: 99.417 (95.730), time: 0.693 (0.829), eta: 1:05:55, mem: 16625M
[08/21 10:28:01][INFO] trainer.py:  77: iter: 007240, lr: 0.00010, loss: 0.857509 (1.208427), tok1: 97.969 (87.283), tok5: 99.688 (95.736), time: 0.884 (0.829), eta: 1:05:47, mem: 16625M
[08/21 10:28:10][INFO] trainer.py:  77: iter: 007250, lr: 0.00010, loss: 0.869321 (1.207959), tok1: 97.344 (87.297), tok5: 99.688 (95.741), time: 0.890 (0.829), eta: 1:05:39, mem: 16625M
[08/21 10:28:17][INFO] trainer.py:  77: iter: 007260, lr: 0.00010, loss: 0.890431 (1.207522), tok1: 96.406 (87.310), tok5: 99.375 (95.746), time: 0.731 (0.829), eta: 1:05:30, mem: 16625M
[08/21 10:28:26][INFO] trainer.py:  77: iter: 007270, lr: 0.00010, loss: 0.885516 (1.207079), tok1: 97.344 (87.323), tok5: 98.906 (95.751), time: 0.882 (0.829), eta: 1:05:22, mem: 16625M
[08/21 10:28:33][INFO] trainer.py:  77: iter: 007280, lr: 0.00010, loss: 0.870056 (1.206616), tok1: 97.188 (87.337), tok5: 99.844 (95.756), time: 0.721 (0.829), eta: 1:05:13, mem: 16625M
[08/21 10:28:42][INFO] trainer.py:  77: iter: 007290, lr: 0.00010, loss: 0.871600 (1.206156), tok1: 97.500 (87.351), tok5: 99.688 (95.762), time: 0.842 (0.829), eta: 1:05:05, mem: 16625M
[08/21 10:28:50][INFO] trainer.py:  77: iter: 007300, lr: 0.00010, loss: 0.881015 (1.205711), tok1: 97.344 (87.365), tok5: 99.531 (95.767), time: 0.863 (0.829), eta: 1:04:57, mem: 16625M
[08/21 10:28:57][INFO] trainer.py:  77: iter: 007310, lr: 0.00010, loss: 0.887889 (1.205276), tok1: 96.419 (87.377), tok5: 99.573 (95.772), time: 0.693 (0.829), eta: 1:04:48, mem: 16625M
[08/21 10:29:07][INFO] trainer.py:  77: iter: 007320, lr: 0.00010, loss: 0.892040 (1.204848), tok1: 96.250 (87.389), tok5: 99.219 (95.777), time: 0.927 (0.829), eta: 1:04:40, mem: 16625M
[08/21 10:29:16][INFO] trainer.py:  77: iter: 007330, lr: 0.00010, loss: 0.872213 (1.204394), tok1: 98.281 (87.404), tok5: 99.531 (95.782), time: 0.937 (0.829), eta: 1:04:33, mem: 16625M
[08/21 10:29:23][INFO] trainer.py:  77: iter: 007340, lr: 0.00010, loss: 0.853129 (1.203916), tok1: 98.438 (87.419), tok5: 99.688 (95.787), time: 0.727 (0.829), eta: 1:04:24, mem: 16625M
[08/21 10:29:31][INFO] trainer.py:  77: iter: 007350, lr: 0.00010, loss: 0.883258 (1.203480), tok1: 96.250 (87.431), tok5: 99.688 (95.793), time: 0.812 (0.829), eta: 1:04:15, mem: 16625M
[08/21 10:29:38][INFO] trainer.py:  77: iter: 007360, lr: 0.00010, loss: 0.880134 (1.203040), tok1: 97.969 (87.445), tok5: 99.688 (95.798), time: 0.719 (0.829), eta: 1:04:06, mem: 16625M
[08/21 10:29:47][INFO] trainer.py:  77: iter: 007370, lr: 0.00010, loss: 0.865397 (1.202582), tok1: 97.500 (87.459), tok5: 99.844 (95.803), time: 0.821 (0.829), eta: 1:03:58, mem: 16625M
[08/21 10:29:55][INFO] trainer.py:  77: iter: 007380, lr: 0.00010, loss: 0.873578 (1.202136), tok1: 97.500 (87.473), tok5: 99.219 (95.808), time: 0.836 (0.829), eta: 1:03:50, mem: 16625M
[08/21 10:30:02][INFO] trainer.py:  77: iter: 007390, lr: 0.00010, loss: 0.878651 (1.201699), tok1: 97.188 (87.486), tok5: 99.531 (95.813), time: 0.698 (0.829), eta: 1:03:41, mem: 16625M
[08/21 10:30:11][INFO] trainer.py:  77: iter: 007400, lr: 0.00010, loss: 0.863491 (1.201242), tok1: 97.969 (87.500), tok5: 99.688 (95.818), time: 0.935 (0.829), eta: 1:03:33, mem: 16625M
[08/21 10:30:20][INFO] trainer.py:  77: iter: 007410, lr: 0.00010, loss: 0.858502 (1.200779), tok1: 97.188 (87.513), tok5: 99.844 (95.824), time: 0.828 (0.829), eta: 1:03:25, mem: 16625M
[08/21 10:30:27][INFO] trainer.py:  77: iter: 007420, lr: 0.00010, loss: 0.857369 (1.200316), tok1: 98.438 (87.528), tok5: 99.844 (95.829), time: 0.725 (0.829), eta: 1:03:16, mem: 16625M
[08/21 10:30:35][INFO] trainer.py:  77: iter: 007430, lr: 0.00010, loss: 0.885103 (1.199892), tok1: 97.656 (87.541), tok5: 99.219 (95.834), time: 0.836 (0.829), eta: 1:03:07, mem: 16625M
[08/21 10:30:43][INFO] trainer.py:  77: iter: 007440, lr: 0.00010, loss: 0.869565 (1.199448), tok1: 98.125 (87.555), tok5: 99.375 (95.838), time: 0.727 (0.829), eta: 1:02:59, mem: 16625M
[08/21 10:30:51][INFO] trainer.py:  77: iter: 007450, lr: 0.00010, loss: 0.867422 (1.199002), tok1: 97.188 (87.568), tok5: 99.531 (95.843), time: 0.842 (0.829), eta: 1:02:50, mem: 16625M
[08/21 10:31:00][INFO] trainer.py:  77: iter: 007460, lr: 0.00010, loss: 0.886532 (1.198583), tok1: 96.406 (87.580), tok5: 99.531 (95.848), time: 0.858 (0.829), eta: 1:02:42, mem: 16625M
[08/21 10:31:06][INFO] trainer.py:  77: iter: 007470, lr: 0.00010, loss: 0.888008 (1.198168), tok1: 97.031 (87.593), tok5: 99.375 (95.853), time: 0.695 (0.829), eta: 1:02:33, mem: 16625M
[08/21 10:31:16][INFO] trainer.py:  77: iter: 007480, lr: 0.00010, loss: 0.859543 (1.197715), tok1: 97.969 (87.607), tok5: 99.688 (95.858), time: 0.995 (0.829), eta: 1:02:26, mem: 16625M
[08/21 10:31:26][INFO] trainer.py:  77: iter: 007490, lr: 0.00010, loss: 0.868226 (1.197275), tok1: 97.812 (87.620), tok5: 99.531 (95.863), time: 0.956 (0.829), eta: 1:02:18, mem: 16625M
[08/21 10:31:33][INFO] trainer.py:  77: iter: 007500, lr: 0.00010, loss: 0.882502 (1.196855), tok1: 96.250 (87.632), tok5: 99.375 (95.868), time: 0.718 (0.829), eta: 1:02:09, mem: 16625M
[08/21 10:31:33][INFO] checkpoint.py:  46: Saving checkpoint to outputs/x3d-s_clipgcn_tensor_cs_70_10_20_zsl_45_10_coco17_182/model_007500.pth
[08/21 10:31:33][INFO] inference.py:  51: Evaluating CLIPGCN_TENSOR dataset(449 video clips):
  0%|          | 0/8 [00:00<?, ?it/s] 12%|█▎        | 1/8 [00:03<00:27,  3.95s/it] 25%|██▌       | 2/8 [00:05<00:15,  2.52s/it] 38%|███▊      | 3/8 [00:05<00:07,  1.47s/it] 50%|█████     | 4/8 [00:05<00:03,  1.02it/s] 62%|██████▎   | 5/8 [00:06<00:02,  1.42it/s] 75%|███████▌  | 6/8 [00:06<00:01,  1.86it/s] 88%|████████▊ | 7/8 [00:06<00:00,  2.32it/s]100%|██████████| 8/8 [00:06<00:00,  1.22it/s]
[08/21 10:31:40][INFO] inference.py:  61: 
total - top1 acc: 88.672 top5 acc: 99.219
0   - A001                 - acc: 70.00
1   - A002                 - acc: 80.00
2   - A003                 - acc: 50.00
3   - A004                 - acc: 60.00
4   - A005                 - acc: 0.0
5   - A006                 - acc: 90.00
6   - A007                 - acc: 0.0
7   - A008                 - acc: 0.0
8   - A009                 - acc: 0.0
9   - A010                 - acc: 90.00
10  - A011                 - acc: 80.00
11  - A012                 - acc: 80.00
12  - A013                 - acc: 0.0
13  - A014                 - acc: 70.00
14  - A015                 - acc: 0.0
15  - A016                 - acc: 100.00
16  - A017                 - acc: 80.00
17  - A018                 - acc: 100.00
18  - A019                 - acc: 0.0
19  - A020                 - acc: 0.0
20  - A021                 - acc: 100.00
21  - A022                 - acc: 100.00
22  - A023                 - acc: 90.00
23  - A024                 - acc: 100.00
24  - A025                 - acc: 90.00
25  - A026                 - acc: 80.00
26  - A027                 - acc: 100.00
27  - A028                 - acc: 90.00
28  - A029                 - acc: 90.00
29  - A030                 - acc: 70.00
30  - A031                 - acc: 90.00
31  - A032                 - acc: 80.00
32  - A033                 - acc: 80.00
33  - A034                 - acc: 90.00
34  - A035                 - acc: 0.0
35  - A036                 - acc: 90.00
36  - A037                 - acc: 60.00
37  - A038                 - acc: 80.00
38  - A039                 - acc: 100.00
39  - A040                 - acc: 80.00
40  - A041                 - acc: 80.00
41  - A042                 - acc: 100.00
42  - A043                 - acc: 100.00
43  - A044                 - acc: 100.00
44  - A045                 - acc: 90.00
45  - A046                 - acc: 80.00
46  - A047                 - acc: 100.00
47  - A048                 - acc: 0.0
48  - A049                 - acc: 100.00
49  - A050                 - acc: 88.89
50  - A051                 - acc: 70.00
51  - A052                 - acc: 100.00
52  - A053                 - acc: 100.00
53  - A054                 - acc: 100.00
54  - A055                 - acc: 100.00

[08/21 10:31:47][INFO] trainer.py:  77: iter: 007510, lr: 0.00010, loss: 0.888986 (1.196445), tok1: 96.875 (87.644), tok5: 99.219 (95.872), time: 1.428 (0.830), eta: 1:02:05, mem: 16625M
[08/21 10:31:55][INFO] trainer.py:  77: iter: 007520, lr: 0.00010, loss: 0.887988 (1.196035), tok1: 97.031 (87.657), tok5: 99.375 (95.877), time: 0.723 (0.830), eta: 1:01:56, mem: 16625M
[08/21 10:32:02][INFO] trainer.py:  77: iter: 007530, lr: 0.00010, loss: 0.875016 (1.195609), tok1: 97.188 (87.669), tok5: 99.219 (95.881), time: 0.722 (0.829), eta: 1:01:47, mem: 16625M
[08/21 10:32:09][INFO] trainer.py:  77: iter: 007540, lr: 0.00010, loss: 0.848681 (1.195149), tok1: 98.750 (87.684), tok5: 100.000 (95.887), time: 0.725 (0.829), eta: 1:01:38, mem: 16625M
[08/21 10:32:16][INFO] trainer.py:  77: iter: 007550, lr: 0.00010, loss: 0.885856 (1.194739), tok1: 96.406 (87.696), tok5: 99.844 (95.892), time: 0.728 (0.829), eta: 1:01:29, mem: 16625M
[08/21 10:32:23][INFO] trainer.py:  77: iter: 007560, lr: 0.00010, loss: 0.869128 (1.194308), tok1: 97.969 (87.709), tok5: 99.531 (95.897), time: 0.700 (0.829), eta: 1:01:20, mem: 16625M
[08/21 10:32:31][INFO] trainer.py:  77: iter: 007570, lr: 0.00010, loss: 0.885340 (1.193900), tok1: 97.344 (87.722), tok5: 99.844 (95.902), time: 0.720 (0.829), eta: 1:01:11, mem: 16625M
[08/21 10:32:38][INFO] trainer.py:  77: iter: 007580, lr: 0.00010, loss: 0.875761 (1.193481), tok1: 97.500 (87.735), tok5: 99.375 (95.907), time: 0.722 (0.829), eta: 1:01:02, mem: 16625M
[08/21 10:32:46][INFO] trainer.py:  77: iter: 007590, lr: 0.00010, loss: 0.874474 (1.193060), tok1: 97.344 (87.747), tok5: 99.531 (95.911), time: 0.848 (0.829), eta: 1:00:54, mem: 16625M
[08/21 10:32:54][INFO] trainer.py:  77: iter: 007600, lr: 0.00010, loss: 0.872922 (1.192639), tok1: 96.562 (87.759), tok5: 100.000 (95.917), time: 0.720 (0.829), eta: 1:00:45, mem: 16625M
[08/21 10:33:02][INFO] trainer.py:  77: iter: 007610, lr: 0.00010, loss: 0.873069 (1.192219), tok1: 97.969 (87.772), tok5: 99.375 (95.921), time: 0.884 (0.829), eta: 1:00:37, mem: 16625M
[08/21 10:33:13][INFO] trainer.py:  77: iter: 007620, lr: 0.00010, loss: 0.881744 (1.191812), tok1: 97.500 (87.785), tok5: 99.062 (95.925), time: 1.015 (0.829), eta: 1:00:30, mem: 16625M
[08/21 10:33:20][INFO] trainer.py:  77: iter: 007630, lr: 0.00010, loss: 0.893052 (1.191420), tok1: 96.406 (87.797), tok5: 99.375 (95.930), time: 0.722 (0.829), eta: 1:00:21, mem: 16625M
[08/21 10:33:28][INFO] trainer.py:  77: iter: 007640, lr: 0.00010, loss: 0.878489 (1.191011), tok1: 96.845 (87.808), tok5: 99.688 (95.935), time: 0.775 (0.829), eta: 1:00:12, mem: 16625M
[08/21 10:33:37][INFO] trainer.py:  77: iter: 007650, lr: 0.00010, loss: 0.865974 (1.190586), tok1: 97.031 (87.820), tok5: 100.000 (95.940), time: 0.944 (0.829), eta: 1:00:05, mem: 16625M
[08/21 10:33:44][INFO] trainer.py:  77: iter: 007660, lr: 0.00010, loss: 0.849102 (1.190140), tok1: 98.594 (87.835), tok5: 99.688 (95.945), time: 0.723 (0.829), eta: 0:59:56, mem: 16625M
[08/21 10:33:53][INFO] trainer.py:  77: iter: 007670, lr: 0.00010, loss: 0.857133 (1.189706), tok1: 97.812 (87.848), tok5: 99.531 (95.950), time: 0.917 (0.829), eta: 0:59:48, mem: 16625M
[08/21 10:34:01][INFO] trainer.py:  77: iter: 007680, lr: 0.00010, loss: 0.866269 (1.189285), tok1: 97.812 (87.861), tok5: 99.688 (95.955), time: 0.721 (0.829), eta: 0:59:39, mem: 16625M
[08/21 10:34:10][INFO] trainer.py:  77: iter: 007690, lr: 0.00010, loss: 0.868188 (1.188867), tok1: 97.656 (87.873), tok5: 99.688 (95.960), time: 0.937 (0.829), eta: 0:59:32, mem: 16625M
[08/21 10:34:18][INFO] trainer.py:  77: iter: 007700, lr: 0.00010, loss: 0.850852 (1.188428), tok1: 98.125 (87.887), tok5: 99.844 (95.965), time: 0.823 (0.829), eta: 0:59:23, mem: 16625M
[08/21 10:34:25][INFO] trainer.py:  77: iter: 007710, lr: 0.00010, loss: 0.889118 (1.188040), tok1: 97.344 (87.899), tok5: 99.375 (95.969), time: 0.721 (0.829), eta: 0:59:14, mem: 16625M
[08/21 10:34:34][INFO] trainer.py:  77: iter: 007720, lr: 0.00010, loss: 0.874282 (1.187633), tok1: 97.627 (87.911), tok5: 99.688 (95.974), time: 0.842 (0.829), eta: 0:59:06, mem: 16625M
[08/21 10:34:44][INFO] trainer.py:  77: iter: 007730, lr: 0.00010, loss: 0.854830 (1.187203), tok1: 98.750 (87.925), tok5: 99.688 (95.979), time: 1.049 (0.829), eta: 0:58:59, mem: 16625M
[08/21 10:34:52][INFO] trainer.py:  77: iter: 007740, lr: 0.00010, loss: 0.877548 (1.186803), tok1: 97.500 (87.938), tok5: 99.219 (95.983), time: 0.723 (0.829), eta: 0:58:50, mem: 16625M
[08/21 10:35:00][INFO] trainer.py:  77: iter: 007750, lr: 0.00010, loss: 0.860448 (1.186382), tok1: 97.812 (87.951), tok5: 99.688 (95.988), time: 0.879 (0.829), eta: 0:58:42, mem: 16625M
[08/21 10:35:08][INFO] trainer.py:  77: iter: 007760, lr: 0.00010, loss: 0.880385 (1.185987), tok1: 97.188 (87.962), tok5: 99.375 (95.992), time: 0.722 (0.829), eta: 0:58:33, mem: 16625M
[08/21 10:35:15][INFO] trainer.py:  77: iter: 007770, lr: 0.00010, loss: 0.891291 (1.185608), tok1: 96.406 (87.973), tok5: 99.688 (95.997), time: 0.725 (0.829), eta: 0:58:24, mem: 16625M
[08/21 10:35:23][INFO] trainer.py:  77: iter: 007780, lr: 0.00010, loss: 0.855262 (1.185183), tok1: 98.906 (87.987), tok5: 99.531 (96.001), time: 0.787 (0.829), eta: 0:58:16, mem: 16625M
[08/21 10:35:30][INFO] trainer.py:  77: iter: 007790, lr: 0.00010, loss: 0.897962 (1.184815), tok1: 96.875 (87.999), tok5: 99.375 (96.006), time: 0.727 (0.828), eta: 0:58:07, mem: 16625M
[08/21 10:35:39][INFO] trainer.py:  77: iter: 007800, lr: 0.00010, loss: 0.866912 (1.184407), tok1: 98.125 (88.012), tok5: 99.531 (96.010), time: 0.882 (0.828), eta: 0:57:59, mem: 16625M
[08/21 10:35:47][INFO] trainer.py:  77: iter: 007810, lr: 0.00010, loss: 0.854292 (1.183985), tok1: 97.073 (88.023), tok5: 99.531 (96.015), time: 0.780 (0.828), eta: 0:57:51, mem: 16625M
[08/21 10:35:54][INFO] trainer.py:  77: iter: 007820, lr: 0.00010, loss: 0.883993 (1.183601), tok1: 96.719 (88.034), tok5: 99.219 (96.019), time: 0.733 (0.828), eta: 0:57:42, mem: 16625M
[08/21 10:36:05][INFO] trainer.py:  77: iter: 007830, lr: 0.00010, loss: 0.880408 (1.183214), tok1: 96.875 (88.046), tok5: 99.688 (96.023), time: 1.113 (0.829), eta: 0:57:35, mem: 16625M
[08/21 10:36:12][INFO] trainer.py:  77: iter: 007840, lr: 0.00010, loss: 0.850171 (1.182789), tok1: 98.438 (88.059), tok5: 99.844 (96.028), time: 0.722 (0.829), eta: 0:57:26, mem: 16625M
[08/21 10:36:21][INFO] trainer.py:  77: iter: 007850, lr: 0.00010, loss: 0.842557 (1.182355), tok1: 98.750 (88.073), tok5: 100.000 (96.033), time: 0.862 (0.829), eta: 0:57:18, mem: 16625M
[08/21 10:36:31][INFO] trainer.py:  77: iter: 007860, lr: 0.00010, loss: 0.867912 (1.181955), tok1: 97.500 (88.085), tok5: 99.531 (96.038), time: 0.974 (0.829), eta: 0:57:10, mem: 16625M
[08/21 10:36:38][INFO] trainer.py:  77: iter: 007870, lr: 0.00010, loss: 0.866022 (1.181554), tok1: 97.344 (88.096), tok5: 99.219 (96.042), time: 0.719 (0.829), eta: 0:57:02, mem: 16625M
[08/21 10:36:46][INFO] trainer.py:  77: iter: 007880, lr: 0.00010, loss: 0.863445 (1.181150), tok1: 97.344 (88.108), tok5: 99.844 (96.047), time: 0.779 (0.829), eta: 0:56:53, mem: 16625M
[08/21 10:36:54][INFO] trainer.py:  77: iter: 007890, lr: 0.00010, loss: 0.894787 (1.180787), tok1: 95.908 (88.118), tok5: 99.417 (96.051), time: 0.839 (0.829), eta: 0:56:45, mem: 16625M
[08/21 10:37:01][INFO] trainer.py:  77: iter: 007900, lr: 0.00010, loss: 0.894654 (1.180425), tok1: 96.875 (88.129), tok5: 99.375 (96.055), time: 0.724 (0.828), eta: 0:56:36, mem: 16625M
[08/21 10:37:10][INFO] trainer.py:  77: iter: 007910, lr: 0.00010, loss: 0.881797 (1.180048), tok1: 97.188 (88.141), tok5: 99.531 (96.060), time: 0.839 (0.828), eta: 0:56:28, mem: 16625M
[08/21 10:37:17][INFO] trainer.py:  77: iter: 007920, lr: 0.00010, loss: 0.885518 (1.179676), tok1: 96.875 (88.152), tok5: 98.906 (96.063), time: 0.723 (0.828), eta: 0:56:19, mem: 16625M
[08/21 10:37:27][INFO] trainer.py:  77: iter: 007930, lr: 0.00010, loss: 0.856433 (1.179268), tok1: 98.594 (88.165), tok5: 99.688 (96.068), time: 0.980 (0.828), eta: 0:56:11, mem: 16625M
[08/21 10:37:36][INFO] trainer.py:  77: iter: 007940, lr: 0.00010, loss: 0.850073 (1.178854), tok1: 98.125 (88.177), tok5: 100.000 (96.073), time: 0.938 (0.829), eta: 0:56:04, mem: 16625M
[08/21 10:37:43][INFO] trainer.py:  77: iter: 007950, lr: 0.00010, loss: 0.895340 (1.178497), tok1: 96.562 (88.188), tok5: 99.531 (96.077), time: 0.724 (0.828), eta: 0:55:55, mem: 16625M
[08/21 10:37:52][INFO] trainer.py:  77: iter: 007960, lr: 0.00010, loss: 0.884138 (1.178127), tok1: 97.031 (88.199), tok5: 99.688 (96.082), time: 0.916 (0.829), eta: 0:55:47, mem: 16625M
[08/21 10:38:00][INFO] trainer.py:  77: iter: 007970, lr: 0.00010, loss: 0.896095 (1.177773), tok1: 96.917 (88.210), tok5: 99.375 (96.086), time: 0.788 (0.829), eta: 0:55:39, mem: 16625M
[08/21 10:38:08][INFO] trainer.py:  77: iter: 007980, lr: 0.00010, loss: 0.848626 (1.177361), tok1: 97.812 (88.222), tok5: 99.688 (96.090), time: 0.724 (0.828), eta: 0:55:30, mem: 16625M
[08/21 10:38:15][INFO] trainer.py:  77: iter: 007990, lr: 0.00010, loss: 0.853903 (1.176956), tok1: 98.125 (88.234), tok5: 99.844 (96.095), time: 0.767 (0.828), eta: 0:55:21, mem: 16625M
[08/21 10:38:22][INFO] trainer.py:  77: iter: 008000, lr: 0.00010, loss: 0.886745 (1.176593), tok1: 96.875 (88.245), tok5: 99.531 (96.099), time: 0.727 (0.828), eta: 0:55:12, mem: 16625M
[08/21 10:38:22][INFO] checkpoint.py:  46: Saving checkpoint to outputs/x3d-s_clipgcn_tensor_cs_70_10_20_zsl_45_10_coco17_182/model_008000.pth
[08/21 10:38:23][INFO] inference.py:  51: Evaluating CLIPGCN_TENSOR dataset(449 video clips):
  0%|          | 0/8 [00:00<?, ?it/s] 12%|█▎        | 1/8 [00:06<00:42,  6.08s/it] 25%|██▌       | 2/8 [00:06<00:15,  2.63s/it] 38%|███▊      | 3/8 [00:06<00:07,  1.53s/it] 50%|█████     | 4/8 [00:06<00:04,  1.01s/it] 62%|██████▎   | 5/8 [00:06<00:02,  1.37it/s] 75%|███████▌  | 6/8 [00:07<00:01,  1.81it/s] 88%|████████▊ | 7/8 [00:07<00:00,  2.25it/s]100%|██████████| 8/8 [00:07<00:00,  1.08it/s]
[08/21 10:38:30][INFO] inference.py:  61: 
total - top1 acc: 89.648 top5 acc: 99.219
0   - A001                 - acc: 80.00
1   - A002                 - acc: 80.00
2   - A003                 - acc: 50.00
3   - A004                 - acc: 60.00
4   - A005                 - acc: 0.0
5   - A006                 - acc: 90.00
6   - A007                 - acc: 0.0
7   - A008                 - acc: 0.0
8   - A009                 - acc: 0.0
9   - A010                 - acc: 90.00
10  - A011                 - acc: 80.00
11  - A012                 - acc: 80.00
12  - A013                 - acc: 0.0
13  - A014                 - acc: 80.00
14  - A015                 - acc: 0.0
15  - A016                 - acc: 100.00
16  - A017                 - acc: 80.00
17  - A018                 - acc: 100.00
18  - A019                 - acc: 0.0
19  - A020                 - acc: 0.0
20  - A021                 - acc: 100.00
21  - A022                 - acc: 100.00
22  - A023                 - acc: 90.00
23  - A024                 - acc: 100.00
24  - A025                 - acc: 90.00
25  - A026                 - acc: 80.00
26  - A027                 - acc: 100.00
27  - A028                 - acc: 90.00
28  - A029                 - acc: 100.00
29  - A030                 - acc: 70.00
30  - A031                 - acc: 90.00
31  - A032                 - acc: 90.00
32  - A033                 - acc: 80.00
33  - A034                 - acc: 90.00
34  - A035                 - acc: 0.0
35  - A036                 - acc: 90.00
36  - A037                 - acc: 70.00
37  - A038                 - acc: 80.00
38  - A039                 - acc: 100.00
39  - A040                 - acc: 80.00
40  - A041                 - acc: 80.00
41  - A042                 - acc: 100.00
42  - A043                 - acc: 100.00
43  - A044                 - acc: 100.00
44  - A045                 - acc: 90.00
45  - A046                 - acc: 80.00
46  - A047                 - acc: 100.00
47  - A048                 - acc: 0.0
48  - A049                 - acc: 100.00
49  - A050                 - acc: 88.89
50  - A051                 - acc: 70.00
51  - A052                 - acc: 100.00
52  - A053                 - acc: 100.00
53  - A054                 - acc: 100.00
54  - A055                 - acc: 100.00

[08/21 10:38:38][INFO] trainer.py:  77: iter: 008010, lr: 0.00010, loss: 0.872508 (1.176214), tok1: 97.969 (88.257), tok5: 99.219 (96.103), time: 1.546 (0.829), eta: 0:55:08, mem: 16625M
[08/21 10:38:45][INFO] trainer.py:  77: iter: 008020, lr: 0.00010, loss: 0.863380 (1.175823), tok1: 97.969 (88.269), tok5: 99.375 (96.107), time: 0.727 (0.829), eta: 0:54:59, mem: 16625M
[08/21 10:38:52][INFO] trainer.py:  77: iter: 008030, lr: 0.00010, loss: 0.877383 (1.175452), tok1: 97.500 (88.281), tok5: 99.844 (96.112), time: 0.730 (0.829), eta: 0:54:50, mem: 16625M
[08/21 10:39:00][INFO] trainer.py:  77: iter: 008040, lr: 0.00010, loss: 0.882735 (1.175088), tok1: 96.875 (88.292), tok5: 99.531 (96.116), time: 0.725 (0.829), eta: 0:54:41, mem: 16625M
[08/21 10:39:07][INFO] trainer.py:  77: iter: 008050, lr: 0.00010, loss: 0.847466 (1.174681), tok1: 98.594 (88.304), tok5: 99.844 (96.121), time: 0.724 (0.829), eta: 0:54:33, mem: 16625M
[08/21 10:39:14][INFO] trainer.py:  77: iter: 008060, lr: 0.00010, loss: 0.894459 (1.174333), tok1: 96.917 (88.315), tok5: 99.062 (96.124), time: 0.696 (0.828), eta: 0:54:24, mem: 16625M
[08/21 10:39:21][INFO] trainer.py:  77: iter: 008070, lr: 0.00010, loss: 0.872306 (1.173959), tok1: 97.500 (88.326), tok5: 99.844 (96.129), time: 0.721 (0.828), eta: 0:54:15, mem: 16625M
[08/21 10:39:28][INFO] trainer.py:  77: iter: 008080, lr: 0.00010, loss: 0.857915 (1.173568), tok1: 97.812 (88.338), tok5: 99.844 (96.134), time: 0.720 (0.828), eta: 0:54:06, mem: 16625M
[08/21 10:39:36][INFO] trainer.py:  77: iter: 008090, lr: 0.00010, loss: 0.863607 (1.173185), tok1: 97.344 (88.349), tok5: 99.844 (96.138), time: 0.724 (0.828), eta: 0:53:57, mem: 16625M
[08/21 10:39:43][INFO] trainer.py:  77: iter: 008100, lr: 0.00010, loss: 0.876968 (1.172819), tok1: 96.562 (88.359), tok5: 99.844 (96.143), time: 0.723 (0.828), eta: 0:53:48, mem: 16625M
[08/21 10:39:50][INFO] trainer.py:  77: iter: 008110, lr: 0.00010, loss: 0.881033 (1.172459), tok1: 97.344 (88.371), tok5: 99.531 (96.147), time: 0.723 (0.828), eta: 0:53:40, mem: 16625M
[08/21 10:39:57][INFO] trainer.py:  77: iter: 008120, lr: 0.00010, loss: 0.887344 (1.172108), tok1: 96.719 (88.381), tok5: 99.531 (96.151), time: 0.723 (0.828), eta: 0:53:31, mem: 16625M
[08/21 10:40:05][INFO] trainer.py:  77: iter: 008130, lr: 0.00010, loss: 0.867901 (1.171734), tok1: 97.656 (88.392), tok5: 99.844 (96.156), time: 0.726 (0.828), eta: 0:53:22, mem: 16625M
[08/21 10:40:11][INFO] trainer.py:  77: iter: 008140, lr: 0.00010, loss: 0.832885 (1.171317), tok1: 98.636 (88.405), tok5: 99.844 (96.160), time: 0.692 (0.827), eta: 0:53:13, mem: 16625M
[08/21 10:40:19][INFO] trainer.py:  77: iter: 008150, lr: 0.00010, loss: 0.870813 (1.170949), tok1: 97.656 (88.416), tok5: 99.844 (96.165), time: 0.722 (0.827), eta: 0:53:04, mem: 16625M
[08/21 10:40:26][INFO] trainer.py:  77: iter: 008160, lr: 0.00010, loss: 0.881925 (1.170595), tok1: 96.875 (88.427), tok5: 99.375 (96.169), time: 0.721 (0.827), eta: 0:52:56, mem: 16625M
[08/21 10:40:33][INFO] trainer.py:  77: iter: 008170, lr: 0.00010, loss: 0.868519 (1.170225), tok1: 97.500 (88.438), tok5: 99.844 (96.173), time: 0.723 (0.827), eta: 0:52:47, mem: 16625M
[08/21 10:40:41][INFO] trainer.py:  77: iter: 008180, lr: 0.00010, loss: 0.880098 (1.169870), tok1: 96.719 (88.448), tok5: 99.531 (96.177), time: 0.828 (0.827), eta: 0:52:39, mem: 16625M
[08/21 10:40:49][INFO] trainer.py:  77: iter: 008190, lr: 0.00010, loss: 0.888062 (1.169526), tok1: 97.188 (88.458), tok5: 99.219 (96.181), time: 0.723 (0.827), eta: 0:52:30, mem: 16625M
[08/21 10:40:57][INFO] trainer.py:  77: iter: 008200, lr: 0.00010, loss: 0.873522 (1.169165), tok1: 97.656 (88.470), tok5: 99.375 (96.185), time: 0.848 (0.827), eta: 0:52:22, mem: 16625M
[08/21 10:41:06][INFO] trainer.py:  77: iter: 008210, lr: 0.00010, loss: 0.887011 (1.168821), tok1: 96.250 (88.479), tok5: 99.844 (96.189), time: 0.876 (0.827), eta: 0:52:14, mem: 16625M
[08/21 10:41:13][INFO] trainer.py:  77: iter: 008220, lr: 0.00010, loss: 0.877125 (1.168467), tok1: 97.470 (88.490), tok5: 99.417 (96.193), time: 0.691 (0.827), eta: 0:52:05, mem: 16625M
[08/21 10:41:22][INFO] trainer.py:  77: iter: 008230, lr: 0.00010, loss: 0.883778 (1.168121), tok1: 97.344 (88.501), tok5: 99.219 (96.197), time: 0.925 (0.827), eta: 0:51:57, mem: 16625M
[08/21 10:41:31][INFO] trainer.py:  77: iter: 008240, lr: 0.00010, loss: 0.884662 (1.167777), tok1: 95.938 (88.510), tok5: 99.688 (96.201), time: 0.858 (0.827), eta: 0:51:49, mem: 16625M
[08/21 10:41:38][INFO] trainer.py:  77: iter: 008250, lr: 0.00010, loss: 0.846481 (1.167387), tok1: 98.125 (88.521), tok5: 99.844 (96.205), time: 0.725 (0.827), eta: 0:51:40, mem: 16625M
[08/21 10:41:47][INFO] trainer.py:  77: iter: 008260, lr: 0.00010, loss: 0.872424 (1.167030), tok1: 97.344 (88.532), tok5: 99.531 (96.210), time: 0.938 (0.827), eta: 0:51:32, mem: 16625M
[08/21 10:41:55][INFO] trainer.py:  77: iter: 008270, lr: 0.00010, loss: 0.881460 (1.166685), tok1: 97.812 (88.543), tok5: 99.219 (96.213), time: 0.729 (0.827), eta: 0:51:24, mem: 16625M
[08/21 10:42:03][INFO] trainer.py:  77: iter: 008280, lr: 0.00010, loss: 0.877379 (1.166335), tok1: 96.562 (88.553), tok5: 99.531 (96.217), time: 0.882 (0.827), eta: 0:51:16, mem: 16625M
[08/21 10:42:12][INFO] trainer.py:  77: iter: 008290, lr: 0.00010, loss: 0.865341 (1.165972), tok1: 97.188 (88.563), tok5: 99.219 (96.221), time: 0.900 (0.827), eta: 0:51:08, mem: 16625M
[08/21 10:42:19][INFO] trainer.py:  77: iter: 008300, lr: 0.00010, loss: 0.852922 (1.165595), tok1: 97.500 (88.574), tok5: 99.844 (96.225), time: 0.693 (0.827), eta: 0:50:59, mem: 16625M
[08/21 10:42:28][INFO] trainer.py:  77: iter: 008310, lr: 0.00010, loss: 0.859408 (1.165227), tok1: 98.281 (88.586), tok5: 99.688 (96.229), time: 0.894 (0.827), eta: 0:50:51, mem: 16625M
[08/21 10:42:38][INFO] trainer.py:  77: iter: 008320, lr: 0.00010, loss: 0.860694 (1.164861), tok1: 97.656 (88.597), tok5: 99.375 (96.233), time: 1.001 (0.827), eta: 0:50:43, mem: 16625M
[08/21 10:42:45][INFO] trainer.py:  77: iter: 008330, lr: 0.00010, loss: 0.884985 (1.164525), tok1: 97.031 (88.607), tok5: 99.219 (96.237), time: 0.720 (0.827), eta: 0:50:35, mem: 16625M
[08/21 10:42:55][INFO] trainer.py:  77: iter: 008340, lr: 0.00010, loss: 0.880619 (1.164184), tok1: 96.875 (88.617), tok5: 99.375 (96.240), time: 0.936 (0.827), eta: 0:50:27, mem: 16625M
[08/21 10:43:02][INFO] trainer.py:  77: iter: 008350, lr: 0.00010, loss: 0.897236 (1.163865), tok1: 97.188 (88.627), tok5: 98.750 (96.243), time: 0.725 (0.827), eta: 0:50:18, mem: 16625M
[08/21 10:43:12][INFO] trainer.py:  77: iter: 008360, lr: 0.00010, loss: 0.867905 (1.163511), tok1: 97.500 (88.638), tok5: 99.844 (96.248), time: 1.014 (0.827), eta: 0:50:11, mem: 16625M
[08/21 10:43:22][INFO] trainer.py:  77: iter: 008370, lr: 0.00010, loss: 0.871919 (1.163162), tok1: 97.500 (88.648), tok5: 99.531 (96.252), time: 0.970 (0.827), eta: 0:50:03, mem: 16625M
[08/21 10:43:29][INFO] trainer.py:  77: iter: 008380, lr: 0.00010, loss: 0.885398 (1.162831), tok1: 96.719 (88.658), tok5: 99.219 (96.255), time: 0.721 (0.827), eta: 0:49:54, mem: 16625M
[08/21 10:43:39][INFO] trainer.py:  77: iter: 008390, lr: 0.00010, loss: 0.885842 (1.162501), tok1: 97.344 (88.668), tok5: 99.375 (96.259), time: 1.012 (0.827), eta: 0:49:47, mem: 16625M
[08/21 10:43:46][INFO] trainer.py:  77: iter: 008400, lr: 0.00010, loss: 0.873886 (1.162157), tok1: 97.344 (88.679), tok5: 99.688 (96.263), time: 0.722 (0.827), eta: 0:49:38, mem: 16625M
[08/21 10:43:56][INFO] trainer.py:  77: iter: 008410, lr: 0.00010, loss: 0.863911 (1.161802), tok1: 97.188 (88.689), tok5: 99.375 (96.267), time: 0.959 (0.828), eta: 0:49:30, mem: 16625M
[08/21 10:44:06][INFO] trainer.py:  77: iter: 008420, lr: 0.00010, loss: 0.867622 (1.161453), tok1: 97.344 (88.699), tok5: 99.844 (96.271), time: 1.026 (0.828), eta: 0:49:23, mem: 16625M
[08/21 10:44:13][INFO] trainer.py:  77: iter: 008430, lr: 0.00010, loss: 0.887285 (1.161128), tok1: 96.562 (88.708), tok5: 99.219 (96.274), time: 0.721 (0.828), eta: 0:49:14, mem: 16625M
[08/21 10:44:23][INFO] trainer.py:  77: iter: 008440, lr: 0.00010, loss: 0.873448 (1.160787), tok1: 96.875 (88.718), tok5: 99.844 (96.279), time: 0.918 (0.828), eta: 0:49:06, mem: 16625M
[08/21 10:44:32][INFO] trainer.py:  77: iter: 008450, lr: 0.00010, loss: 0.870420 (1.160443), tok1: 98.125 (88.729), tok5: 99.375 (96.282), time: 0.932 (0.828), eta: 0:48:58, mem: 16625M
[08/21 10:44:39][INFO] trainer.py:  77: iter: 008460, lr: 0.00010, loss: 0.866745 (1.160096), tok1: 97.344 (88.739), tok5: 99.688 (96.286), time: 0.719 (0.828), eta: 0:48:50, mem: 16625M
[08/21 10:44:46][INFO] trainer.py:  77: iter: 008470, lr: 0.00010, loss: 0.873885 (1.159758), tok1: 97.500 (88.750), tok5: 99.688 (96.290), time: 0.696 (0.828), eta: 0:48:41, mem: 16625M
[08/21 10:44:53][INFO] trainer.py:  77: iter: 008480, lr: 0.00010, loss: 0.884822 (1.159434), tok1: 97.344 (88.760), tok5: 99.375 (96.294), time: 0.725 (0.827), eta: 0:48:32, mem: 16625M
[08/21 10:45:01][INFO] trainer.py:  77: iter: 008490, lr: 0.00010, loss: 0.880581 (1.159105), tok1: 97.344 (88.770), tok5: 99.688 (96.298), time: 0.721 (0.827), eta: 0:48:23, mem: 16625M
[08/21 10:45:09][INFO] trainer.py:  77: iter: 008500, lr: 0.00010, loss: 0.844383 (1.158735), tok1: 98.438 (88.781), tok5: 100.000 (96.302), time: 0.830 (0.827), eta: 0:48:15, mem: 16625M
[08/21 10:45:09][INFO] checkpoint.py:  46: Saving checkpoint to outputs/x3d-s_clipgcn_tensor_cs_70_10_20_zsl_45_10_coco17_182/model_008500.pth
[08/21 10:45:09][INFO] inference.py:  51: Evaluating CLIPGCN_TENSOR dataset(449 video clips):
  0%|          | 0/8 [00:00<?, ?it/s] 12%|█▎        | 1/8 [00:05<00:37,  5.33s/it] 25%|██▌       | 2/8 [00:05<00:13,  2.32s/it] 38%|███▊      | 3/8 [00:05<00:07,  1.41s/it] 50%|█████     | 4/8 [00:06<00:03,  1.06it/s] 62%|██████▎   | 5/8 [00:06<00:02,  1.47it/s] 75%|███████▌  | 6/8 [00:06<00:01,  1.91it/s] 88%|████████▊ | 7/8 [00:06<00:00,  2.36it/s]100%|██████████| 8/8 [00:06<00:00,  1.18it/s]
[08/21 10:45:16][INFO] inference.py:  61: 
total - top1 acc: 89.648 top5 acc: 99.219
0   - A001                 - acc: 80.00
1   - A002                 - acc: 80.00
2   - A003                 - acc: 50.00
3   - A004                 - acc: 60.00
4   - A005                 - acc: 0.0
5   - A006                 - acc: 90.00
6   - A007                 - acc: 0.0
7   - A008                 - acc: 0.0
8   - A009                 - acc: 0.0
9   - A010                 - acc: 90.00
10  - A011                 - acc: 80.00
11  - A012                 - acc: 80.00
12  - A013                 - acc: 0.0
13  - A014                 - acc: 80.00
14  - A015                 - acc: 0.0
15  - A016                 - acc: 100.00
16  - A017                 - acc: 80.00
17  - A018                 - acc: 100.00
18  - A019                 - acc: 0.0
19  - A020                 - acc: 0.0
20  - A021                 - acc: 100.00
21  - A022                 - acc: 100.00
22  - A023                 - acc: 90.00
23  - A024                 - acc: 100.00
24  - A025                 - acc: 90.00
25  - A026                 - acc: 80.00
26  - A027                 - acc: 100.00
27  - A028                 - acc: 80.00
28  - A029                 - acc: 100.00
29  - A030                 - acc: 70.00
30  - A031                 - acc: 90.00
31  - A032                 - acc: 90.00
32  - A033                 - acc: 80.00
33  - A034                 - acc: 90.00
34  - A035                 - acc: 0.0
35  - A036                 - acc: 90.00
36  - A037                 - acc: 70.00
37  - A038                 - acc: 80.00
38  - A039                 - acc: 100.00
39  - A040                 - acc: 90.00
40  - A041                 - acc: 80.00
41  - A042                 - acc: 100.00
42  - A043                 - acc: 100.00
43  - A044                 - acc: 100.00
44  - A045                 - acc: 90.00
45  - A046                 - acc: 80.00
46  - A047                 - acc: 100.00
47  - A048                 - acc: 0.0
48  - A049                 - acc: 100.00
49  - A050                 - acc: 88.89
50  - A051                 - acc: 70.00
51  - A052                 - acc: 100.00
52  - A053                 - acc: 100.00
53  - A054                 - acc: 100.00
54  - A055                 - acc: 100.00

[08/21 10:45:24][INFO] trainer.py:  77: iter: 008510, lr: 0.00010, loss: 0.876042 (1.158403), tok1: 97.344 (88.791), tok5: 99.531 (96.306), time: 1.476 (0.828), eta: 0:48:09, mem: 16625M
[08/21 10:45:31][INFO] trainer.py:  77: iter: 008520, lr: 0.00010, loss: 0.869083 (1.158063), tok1: 97.656 (88.802), tok5: 99.688 (96.310), time: 0.722 (0.828), eta: 0:48:01, mem: 16625M
[08/21 10:45:38][INFO] trainer.py:  77: iter: 008530, lr: 0.00010, loss: 0.841648 (1.157693), tok1: 98.594 (88.813), tok5: 99.844 (96.314), time: 0.729 (0.828), eta: 0:47:52, mem: 16625M
[08/21 10:45:45][INFO] trainer.py:  77: iter: 008540, lr: 0.00010, loss: 0.862531 (1.157347), tok1: 98.281 (88.824), tok5: 99.688 (96.318), time: 0.725 (0.828), eta: 0:47:43, mem: 16625M
[08/21 10:45:52][INFO] trainer.py:  77: iter: 008550, lr: 0.00010, loss: 0.887792 (1.157032), tok1: 97.073 (88.834), tok5: 99.688 (96.322), time: 0.704 (0.828), eta: 0:47:35, mem: 16625M
[08/21 10:46:00][INFO] trainer.py:  77: iter: 008560, lr: 0.00010, loss: 0.873151 (1.156700), tok1: 98.281 (88.845), tok5: 99.688 (96.326), time: 0.722 (0.827), eta: 0:47:26, mem: 16625M
[08/21 10:46:07][INFO] trainer.py:  77: iter: 008570, lr: 0.00010, loss: 0.877234 (1.156374), tok1: 97.031 (88.855), tok5: 99.375 (96.330), time: 0.734 (0.827), eta: 0:47:17, mem: 16625M
[08/21 10:46:14][INFO] trainer.py:  77: iter: 008580, lr: 0.00010, loss: 0.899478 (1.156074), tok1: 96.562 (88.864), tok5: 98.906 (96.333), time: 0.726 (0.827), eta: 0:47:09, mem: 16625M
[08/21 10:46:21][INFO] trainer.py:  77: iter: 008590, lr: 0.00010, loss: 0.893621 (1.155769), tok1: 97.031 (88.873), tok5: 99.375 (96.336), time: 0.720 (0.827), eta: 0:47:00, mem: 16625M
[08/21 10:46:29][INFO] trainer.py:  77: iter: 008600, lr: 0.00010, loss: 0.874351 (1.155442), tok1: 96.562 (88.882), tok5: 99.688 (96.340), time: 0.723 (0.827), eta: 0:46:51, mem: 16625M
[08/21 10:46:36][INFO] trainer.py:  77: iter: 008610, lr: 0.00010, loss: 0.859174 (1.155098), tok1: 97.656 (88.892), tok5: 99.688 (96.344), time: 0.726 (0.827), eta: 0:46:43, mem: 16625M
[08/21 10:46:43][INFO] trainer.py:  77: iter: 008620, lr: 0.00010, loss: 0.846824 (1.154740), tok1: 98.906 (88.904), tok5: 99.688 (96.348), time: 0.735 (0.827), eta: 0:46:34, mem: 16625M
[08/21 10:46:52][INFO] trainer.py:  77: iter: 008630, lr: 0.00010, loss: 0.872590 (1.154413), tok1: 97.500 (88.914), tok5: 99.375 (96.351), time: 0.850 (0.827), eta: 0:46:26, mem: 16625M
[08/21 10:46:59][INFO] trainer.py:  77: iter: 008640, lr: 0.00010, loss: 0.864737 (1.154078), tok1: 97.656 (88.924), tok5: 99.688 (96.355), time: 0.692 (0.827), eta: 0:46:17, mem: 16625M
[08/21 10:47:09][INFO] trainer.py:  77: iter: 008650, lr: 0.00010, loss: 0.891929 (1.153775), tok1: 97.500 (88.934), tok5: 99.531 (96.359), time: 1.074 (0.827), eta: 0:46:10, mem: 16625M
[08/21 10:47:19][INFO] trainer.py:  77: iter: 008660, lr: 0.00010, loss: 0.886916 (1.153467), tok1: 97.031 (88.943), tok5: 99.375 (96.362), time: 0.934 (0.827), eta: 0:46:02, mem: 16625M
[08/21 10:47:26][INFO] trainer.py:  77: iter: 008670, lr: 0.00010, loss: 0.861847 (1.153130), tok1: 97.812 (88.953), tok5: 99.688 (96.366), time: 0.719 (0.827), eta: 0:45:53, mem: 16625M
[08/21 10:47:35][INFO] trainer.py:  77: iter: 008680, lr: 0.00010, loss: 0.906015 (1.152846), tok1: 95.781 (88.961), tok5: 98.750 (96.369), time: 0.935 (0.827), eta: 0:45:45, mem: 16625M
[08/21 10:47:43][INFO] trainer.py:  77: iter: 008690, lr: 0.00010, loss: 0.871147 (1.152521), tok1: 97.344 (88.971), tok5: 99.688 (96.373), time: 0.776 (0.827), eta: 0:45:37, mem: 16625M
[08/21 10:47:50][INFO] trainer.py:  77: iter: 008700, lr: 0.00010, loss: 0.869051 (1.152196), tok1: 97.812 (88.981), tok5: 99.844 (96.377), time: 0.727 (0.827), eta: 0:45:28, mem: 16625M
[08/21 10:47:59][INFO] trainer.py:  77: iter: 008710, lr: 0.00010, loss: 0.870462 (1.151872), tok1: 97.656 (88.991), tok5: 99.531 (96.380), time: 0.898 (0.827), eta: 0:45:20, mem: 16625M
[08/21 10:48:06][INFO] trainer.py:  77: iter: 008720, lr: 0.00010, loss: 0.870398 (1.151549), tok1: 98.167 (89.002), tok5: 99.688 (96.384), time: 0.694 (0.827), eta: 0:45:11, mem: 16625M
[08/21 10:48:16][INFO] trainer.py:  77: iter: 008730, lr: 0.00010, loss: 0.859436 (1.151215), tok1: 98.125 (89.012), tok5: 100.000 (96.388), time: 0.998 (0.827), eta: 0:45:04, mem: 16625M
[08/21 10:48:25][INFO] trainer.py:  77: iter: 008740, lr: 0.00010, loss: 0.867664 (1.150890), tok1: 97.656 (89.022), tok5: 99.688 (96.392), time: 0.925 (0.827), eta: 0:44:56, mem: 16625M
[08/21 10:48:33][INFO] trainer.py:  77: iter: 008750, lr: 0.00010, loss: 0.852607 (1.150549), tok1: 98.281 (89.033), tok5: 99.844 (96.396), time: 0.719 (0.827), eta: 0:44:47, mem: 16625M
[08/21 10:48:43][INFO] trainer.py:  77: iter: 008760, lr: 0.00010, loss: 0.868446 (1.150227), tok1: 97.188 (89.042), tok5: 99.688 (96.400), time: 1.012 (0.827), eta: 0:44:40, mem: 16625M
[08/21 10:48:53][INFO] trainer.py:  77: iter: 008770, lr: 0.00010, loss: 0.840697 (1.149874), tok1: 98.594 (89.053), tok5: 99.844 (96.404), time: 1.064 (0.827), eta: 0:44:32, mem: 16625M
[08/21 10:49:01][INFO] trainer.py:  77: iter: 008780, lr: 0.00010, loss: 0.875148 (1.149561), tok1: 97.500 (89.062), tok5: 99.219 (96.407), time: 0.722 (0.827), eta: 0:44:24, mem: 16625M
[08/21 10:49:11][INFO] trainer.py:  77: iter: 008790, lr: 0.00010, loss: 0.883710 (1.149259), tok1: 96.875 (89.071), tok5: 99.844 (96.411), time: 1.008 (0.828), eta: 0:44:16, mem: 16625M
[08/21 10:49:18][INFO] trainer.py:  77: iter: 008800, lr: 0.00010, loss: 0.871650 (1.148944), tok1: 97.584 (89.081), tok5: 100.000 (96.415), time: 0.688 (0.827), eta: 0:44:07, mem: 16625M
[08/21 10:49:25][INFO] trainer.py:  77: iter: 008810, lr: 0.00010, loss: 0.867159 (1.148624), tok1: 97.344 (89.090), tok5: 100.000 (96.419), time: 0.721 (0.827), eta: 0:43:58, mem: 16625M
[08/21 10:49:33][INFO] trainer.py:  77: iter: 008820, lr: 0.00010, loss: 0.872248 (1.148310), tok1: 97.188 (89.099), tok5: 99.531 (96.423), time: 0.805 (0.827), eta: 0:43:50, mem: 16625M
[08/21 10:49:40][INFO] trainer.py:  77: iter: 008830, lr: 0.00010, loss: 0.863674 (1.147988), tok1: 97.188 (89.109), tok5: 99.844 (96.426), time: 0.724 (0.827), eta: 0:43:41, mem: 16625M
[08/21 10:49:51][INFO] trainer.py:  77: iter: 008840, lr: 0.00010, loss: 0.886716 (1.147692), tok1: 97.344 (89.118), tok5: 98.750 (96.429), time: 1.076 (0.827), eta: 0:43:34, mem: 16625M
[08/21 10:50:02][INFO] trainer.py:  77: iter: 008850, lr: 0.00010, loss: 0.867322 (1.147376), tok1: 98.125 (89.128), tok5: 99.844 (96.433), time: 1.082 (0.828), eta: 0:43:27, mem: 16625M
[08/21 10:50:09][INFO] trainer.py:  77: iter: 008860, lr: 0.00010, loss: 0.868032 (1.147060), tok1: 97.656 (89.138), tok5: 99.688 (96.437), time: 0.719 (0.828), eta: 0:43:18, mem: 16625M
[08/21 10:50:18][INFO] trainer.py:  77: iter: 008870, lr: 0.00010, loss: 0.865990 (1.146743), tok1: 97.812 (89.148), tok5: 99.531 (96.440), time: 0.930 (0.828), eta: 0:43:10, mem: 16625M
[08/21 10:50:25][INFO] trainer.py:  77: iter: 008880, lr: 0.00010, loss: 0.849334 (1.146409), tok1: 98.594 (89.158), tok5: 99.844 (96.444), time: 0.720 (0.828), eta: 0:43:01, mem: 16625M
[08/21 10:50:35][INFO] trainer.py:  77: iter: 008890, lr: 0.00010, loss: 0.879115 (1.146108), tok1: 96.647 (89.167), tok5: 99.147 (96.447), time: 0.943 (0.828), eta: 0:42:54, mem: 16625M
[08/21 10:50:42][INFO] trainer.py:  77: iter: 008900, lr: 0.00010, loss: 0.871557 (1.145799), tok1: 97.656 (89.176), tok5: 99.688 (96.451), time: 0.725 (0.828), eta: 0:42:45, mem: 16625M
[08/21 10:50:49][INFO] trainer.py:  77: iter: 008910, lr: 0.00010, loss: 0.860713 (1.145479), tok1: 98.125 (89.186), tok5: 99.531 (96.454), time: 0.726 (0.827), eta: 0:42:36, mem: 16625M
[08/21 10:50:57][INFO] trainer.py:  77: iter: 008920, lr: 0.00010, loss: 0.875559 (1.145177), tok1: 97.812 (89.196), tok5: 99.531 (96.457), time: 0.730 (0.827), eta: 0:42:28, mem: 16625M
[08/21 10:51:04][INFO] trainer.py:  77: iter: 008930, lr: 0.00010, loss: 0.861232 (1.144859), tok1: 97.812 (89.205), tok5: 100.000 (96.461), time: 0.727 (0.827), eta: 0:42:19, mem: 16625M
[08/21 10:51:11][INFO] trainer.py:  77: iter: 008940, lr: 0.00010, loss: 0.892976 (1.144577), tok1: 97.188 (89.214), tok5: 99.219 (96.465), time: 0.727 (0.827), eta: 0:42:11, mem: 16625M
[08/21 10:51:18][INFO] trainer.py:  77: iter: 008950, lr: 0.00010, loss: 0.874236 (1.144275), tok1: 97.344 (89.223), tok5: 99.531 (96.468), time: 0.728 (0.827), eta: 0:42:02, mem: 16625M
[08/21 10:51:26][INFO] trainer.py:  77: iter: 008960, lr: 0.00010, loss: 0.865875 (1.143964), tok1: 97.500 (89.233), tok5: 99.688 (96.472), time: 0.722 (0.827), eta: 0:41:53, mem: 16625M
[08/21 10:51:35][INFO] trainer.py:  77: iter: 008970, lr: 0.00010, loss: 0.888905 (1.143680), tok1: 97.272 (89.242), tok5: 99.261 (96.475), time: 0.925 (0.827), eta: 0:41:45, mem: 16625M
[08/21 10:51:43][INFO] trainer.py:  77: iter: 008980, lr: 0.00010, loss: 0.860145 (1.143364), tok1: 98.125 (89.252), tok5: 99.844 (96.478), time: 0.836 (0.827), eta: 0:41:37, mem: 16625M
[08/21 10:51:51][INFO] trainer.py:  77: iter: 008990, lr: 0.00010, loss: 0.867415 (1.143057), tok1: 97.344 (89.261), tok5: 99.844 (96.482), time: 0.726 (0.827), eta: 0:41:28, mem: 16625M
[08/21 10:51:58][INFO] trainer.py:  77: iter: 009000, lr: 0.00010, loss: 0.885162 (1.142771), tok1: 97.656 (89.270), tok5: 99.219 (96.485), time: 0.737 (0.827), eta: 0:41:20, mem: 16625M
[08/21 10:51:58][INFO] checkpoint.py:  46: Saving checkpoint to outputs/x3d-s_clipgcn_tensor_cs_70_10_20_zsl_45_10_coco17_182/model_009000.pth
[08/21 10:51:58][INFO] inference.py:  51: Evaluating CLIPGCN_TENSOR dataset(449 video clips):
  0%|          | 0/8 [00:00<?, ?it/s] 12%|█▎        | 1/8 [00:05<00:41,  5.94s/it] 25%|██▌       | 2/8 [00:06<00:15,  2.57s/it] 38%|███▊      | 3/8 [00:06<00:07,  1.50s/it] 50%|█████     | 4/8 [00:06<00:03,  1.01it/s] 62%|██████▎   | 5/8 [00:06<00:02,  1.40it/s] 75%|███████▌  | 6/8 [00:07<00:01,  1.84it/s] 88%|████████▊ | 7/8 [00:07<00:00,  2.28it/s]100%|██████████| 8/8 [00:07<00:00,  1.10it/s]
[08/21 10:52:06][INFO] inference.py:  61: 
total - top1 acc: 89.453 top5 acc: 99.219
0   - A001                 - acc: 80.00
1   - A002                 - acc: 80.00
2   - A003                 - acc: 50.00
3   - A004                 - acc: 60.00
4   - A005                 - acc: 0.0
5   - A006                 - acc: 90.00
6   - A007                 - acc: 0.0
7   - A008                 - acc: 0.0
8   - A009                 - acc: 0.0
9   - A010                 - acc: 90.00
10  - A011                 - acc: 80.00
11  - A012                 - acc: 80.00
12  - A013                 - acc: 0.0
13  - A014                 - acc: 80.00
14  - A015                 - acc: 0.0
15  - A016                 - acc: 100.00
16  - A017                 - acc: 80.00
17  - A018                 - acc: 100.00
18  - A019                 - acc: 0.0
19  - A020                 - acc: 0.0
20  - A021                 - acc: 100.00
21  - A022                 - acc: 100.00
22  - A023                 - acc: 90.00
23  - A024                 - acc: 100.00
24  - A025                 - acc: 90.00
25  - A026                 - acc: 80.00
26  - A027                 - acc: 100.00
27  - A028                 - acc: 90.00
28  - A029                 - acc: 100.00
29  - A030                 - acc: 70.00
30  - A031                 - acc: 90.00
31  - A032                 - acc: 90.00
32  - A033                 - acc: 80.00
33  - A034                 - acc: 90.00
34  - A035                 - acc: 0.0
35  - A036                 - acc: 90.00
36  - A037                 - acc: 60.00
37  - A038                 - acc: 70.00
38  - A039                 - acc: 100.00
39  - A040                 - acc: 80.00
40  - A041                 - acc: 80.00
41  - A042                 - acc: 100.00
42  - A043                 - acc: 100.00
43  - A044                 - acc: 100.00
44  - A045                 - acc: 90.00
45  - A046                 - acc: 90.00
46  - A047                 - acc: 100.00
47  - A048                 - acc: 0.0
48  - A049                 - acc: 100.00
49  - A050                 - acc: 88.89
50  - A051                 - acc: 70.00
51  - A052                 - acc: 100.00
52  - A053                 - acc: 100.00
53  - A054                 - acc: 100.00
54  - A055                 - acc: 100.00

[08/21 10:52:13][INFO] trainer.py:  77: iter: 009010, lr: 0.00010, loss: 0.888162 (1.142488), tok1: 96.406 (89.278), tok5: 99.375 (96.488), time: 1.528 (0.828), eta: 0:41:14, mem: 16625M
[08/21 10:52:20][INFO] trainer.py:  77: iter: 009020, lr: 0.00010, loss: 0.871302 (1.142188), tok1: 97.656 (89.287), tok5: 99.844 (96.492), time: 0.721 (0.827), eta: 0:41:05, mem: 16625M
[08/21 10:52:28][INFO] trainer.py:  77: iter: 009030, lr: 0.00010, loss: 0.853000 (1.141867), tok1: 97.969 (89.297), tok5: 100.000 (96.496), time: 0.721 (0.827), eta: 0:40:57, mem: 16625M
[08/21 10:52:35][INFO] trainer.py:  77: iter: 009040, lr: 0.00010, loss: 0.864303 (1.141560), tok1: 97.812 (89.306), tok5: 99.688 (96.500), time: 0.721 (0.827), eta: 0:40:48, mem: 16625M
[08/21 10:52:42][INFO] trainer.py:  77: iter: 009050, lr: 0.00010, loss: 0.859695 (1.141249), tok1: 97.230 (89.315), tok5: 99.531 (96.503), time: 0.691 (0.827), eta: 0:40:39, mem: 16625M
[08/21 10:52:49][INFO] trainer.py:  77: iter: 009060, lr: 0.00010, loss: 0.885388 (1.140966), tok1: 96.250 (89.323), tok5: 99.375 (96.506), time: 0.727 (0.827), eta: 0:40:31, mem: 16625M
[08/21 10:52:56][INFO] trainer.py:  77: iter: 009070, lr: 0.00010, loss: 0.901036 (1.140702), tok1: 96.250 (89.330), tok5: 99.062 (96.509), time: 0.732 (0.827), eta: 0:40:22, mem: 16625M
[08/21 10:53:06][INFO] trainer.py:  77: iter: 009080, lr: 0.00010, loss: 0.874377 (1.140409), tok1: 96.562 (89.338), tok5: 99.375 (96.512), time: 0.962 (0.827), eta: 0:40:14, mem: 16625M
[08/21 10:53:15][INFO] trainer.py:  77: iter: 009090, lr: 0.00010, loss: 0.867723 (1.140109), tok1: 98.125 (89.348), tok5: 99.531 (96.515), time: 0.944 (0.827), eta: 0:40:06, mem: 16625M
[08/21 10:53:23][INFO] trainer.py:  77: iter: 009100, lr: 0.00010, loss: 0.866485 (1.139808), tok1: 97.812 (89.357), tok5: 99.844 (96.519), time: 0.720 (0.827), eta: 0:39:58, mem: 16625M
[08/21 10:53:32][INFO] trainer.py:  77: iter: 009110, lr: 0.00010, loss: 0.869688 (1.139511), tok1: 97.969 (89.367), tok5: 99.688 (96.522), time: 0.910 (0.827), eta: 0:39:50, mem: 16625M
[08/21 10:53:39][INFO] trainer.py:  77: iter: 009120, lr: 0.00010, loss: 0.881364 (1.139228), tok1: 97.812 (89.376), tok5: 99.531 (96.526), time: 0.718 (0.827), eta: 0:39:41, mem: 16625M
[08/21 10:53:48][INFO] trainer.py:  77: iter: 009130, lr: 0.00010, loss: 0.880406 (1.138945), tok1: 97.812 (89.385), tok5: 99.219 (96.529), time: 0.901 (0.827), eta: 0:39:33, mem: 16625M
[08/21 10:53:57][INFO] trainer.py:  77: iter: 009140, lr: 0.00010, loss: 0.858788 (1.138638), tok1: 98.281 (89.395), tok5: 99.531 (96.532), time: 0.950 (0.827), eta: 0:39:25, mem: 16625M
[08/21 10:54:05][INFO] trainer.py:  77: iter: 009150, lr: 0.00010, loss: 0.858793 (1.138332), tok1: 98.281 (89.405), tok5: 99.531 (96.535), time: 0.723 (0.827), eta: 0:39:17, mem: 16625M
[08/21 10:54:13][INFO] trainer.py:  77: iter: 009160, lr: 0.00010, loss: 0.885902 (1.138057), tok1: 96.562 (89.412), tok5: 99.531 (96.539), time: 0.796 (0.827), eta: 0:39:08, mem: 16625M
[08/21 10:54:20][INFO] trainer.py:  77: iter: 009170, lr: 0.00010, loss: 0.883865 (1.137780), tok1: 97.500 (89.421), tok5: 99.219 (96.542), time: 0.725 (0.827), eta: 0:39:00, mem: 16625M
[08/21 10:54:27][INFO] trainer.py:  77: iter: 009180, lr: 0.00010, loss: 0.855792 (1.137472), tok1: 97.500 (89.430), tok5: 99.844 (96.545), time: 0.728 (0.827), eta: 0:38:51, mem: 16625M
[08/21 10:54:35][INFO] trainer.py:  77: iter: 009190, lr: 0.00010, loss: 0.890634 (1.137204), tok1: 96.562 (89.438), tok5: 99.219 (96.548), time: 0.818 (0.827), eta: 0:38:43, mem: 16625M
[08/21 10:54:42][INFO] trainer.py:  77: iter: 009200, lr: 0.00010, loss: 0.848557 (1.136890), tok1: 98.750 (89.448), tok5: 99.844 (96.552), time: 0.721 (0.827), eta: 0:38:34, mem: 16625M
[08/21 10:54:50][INFO] trainer.py:  77: iter: 009210, lr: 0.00010, loss: 0.875521 (1.136606), tok1: 97.188 (89.456), tok5: 99.062 (96.554), time: 0.723 (0.827), eta: 0:38:26, mem: 16625M
[08/21 10:54:57][INFO] trainer.py:  77: iter: 009220, lr: 0.00010, loss: 0.873311 (1.136321), tok1: 97.073 (89.465), tok5: 99.417 (96.557), time: 0.694 (0.826), eta: 0:38:17, mem: 16625M
[08/21 10:55:04][INFO] trainer.py:  77: iter: 009230, lr: 0.00010, loss: 0.858901 (1.136020), tok1: 98.281 (89.474), tok5: 99.844 (96.561), time: 0.722 (0.826), eta: 0:38:08, mem: 16625M
[08/21 10:55:12][INFO] trainer.py:  77: iter: 009240, lr: 0.00010, loss: 0.868956 (1.135731), tok1: 97.969 (89.483), tok5: 99.688 (96.564), time: 0.798 (0.826), eta: 0:38:00, mem: 16625M
[08/21 10:55:19][INFO] trainer.py:  77: iter: 009250, lr: 0.00010, loss: 0.856050 (1.135429), tok1: 98.281 (89.493), tok5: 99.531 (96.568), time: 0.721 (0.826), eta: 0:37:52, mem: 16625M
[08/21 10:55:26][INFO] trainer.py:  77: iter: 009260, lr: 0.00010, loss: 0.887708 (1.135161), tok1: 96.719 (89.501), tok5: 99.531 (96.571), time: 0.721 (0.826), eta: 0:37:43, mem: 16625M
[08/21 10:55:36][INFO] trainer.py:  77: iter: 009270, lr: 0.00010, loss: 0.847863 (1.134851), tok1: 98.125 (89.510), tok5: 99.531 (96.574), time: 0.992 (0.826), eta: 0:37:35, mem: 16625M
[08/21 10:55:43][INFO] trainer.py:  77: iter: 009280, lr: 0.00010, loss: 0.875808 (1.134572), tok1: 97.500 (89.518), tok5: 99.531 (96.577), time: 0.720 (0.826), eta: 0:37:27, mem: 16625M
[08/21 10:55:51][INFO] trainer.py:  77: iter: 009290, lr: 0.00010, loss: 0.863587 (1.134281), tok1: 97.656 (89.527), tok5: 99.531 (96.580), time: 0.741 (0.826), eta: 0:37:18, mem: 16625M
[08/21 10:55:58][INFO] trainer.py:  77: iter: 009300, lr: 0.00010, loss: 0.866295 (1.133992), tok1: 97.188 (89.535), tok5: 99.375 (96.583), time: 0.733 (0.826), eta: 0:37:10, mem: 16625M
[08/21 10:56:05][INFO] trainer.py:  77: iter: 009310, lr: 0.00010, loss: 0.867377 (1.133706), tok1: 97.344 (89.544), tok5: 99.531 (96.587), time: 0.725 (0.826), eta: 0:37:01, mem: 16625M
[08/21 10:56:13][INFO] trainer.py:  77: iter: 009320, lr: 0.00010, loss: 0.875794 (1.133429), tok1: 97.344 (89.552), tok5: 99.688 (96.590), time: 0.789 (0.826), eta: 0:36:53, mem: 16625M
[08/21 10:56:21][INFO] trainer.py:  77: iter: 009330, lr: 0.00010, loss: 0.856978 (1.133133), tok1: 98.125 (89.561), tok5: 99.375 (96.593), time: 0.807 (0.826), eta: 0:36:44, mem: 16625M
[08/21 10:56:29][INFO] trainer.py:  77: iter: 009340, lr: 0.00010, loss: 0.882485 (1.132865), tok1: 97.656 (89.570), tok5: 99.688 (96.596), time: 0.726 (0.826), eta: 0:36:36, mem: 16625M
[08/21 10:56:36][INFO] trainer.py:  77: iter: 009350, lr: 0.00010, loss: 0.883244 (1.132598), tok1: 96.875 (89.578), tok5: 99.375 (96.599), time: 0.735 (0.826), eta: 0:36:27, mem: 16625M
[08/21 10:56:43][INFO] trainer.py:  77: iter: 009360, lr: 0.00010, loss: 0.886238 (1.132334), tok1: 96.250 (89.585), tok5: 99.531 (96.602), time: 0.732 (0.825), eta: 0:36:19, mem: 16625M
[08/21 10:56:51][INFO] trainer.py:  77: iter: 009370, lr: 0.00010, loss: 0.886672 (1.132072), tok1: 96.719 (89.593), tok5: 99.375 (96.605), time: 0.815 (0.825), eta: 0:36:11, mem: 16625M
[08/21 10:56:58][INFO] trainer.py:  77: iter: 009380, lr: 0.00010, loss: 0.881684 (1.131805), tok1: 97.812 (89.601), tok5: 99.219 (96.608), time: 0.696 (0.825), eta: 0:36:02, mem: 16625M
[08/21 10:57:06][INFO] trainer.py:  77: iter: 009390, lr: 0.00010, loss: 0.881451 (1.131539), tok1: 96.719 (89.609), tok5: 99.531 (96.611), time: 0.726 (0.825), eta: 0:35:53, mem: 16625M
[08/21 10:57:15][INFO] trainer.py:  77: iter: 009400, lr: 0.00010, loss: 0.839760 (1.131228), tok1: 98.438 (89.618), tok5: 99.844 (96.615), time: 0.953 (0.825), eta: 0:35:45, mem: 16625M
[08/21 10:57:23][INFO] trainer.py:  77: iter: 009410, lr: 0.00010, loss: 0.866678 (1.130947), tok1: 97.344 (89.627), tok5: 99.375 (96.617), time: 0.811 (0.825), eta: 0:35:37, mem: 16625M
[08/21 10:57:31][INFO] trainer.py:  77: iter: 009420, lr: 0.00010, loss: 0.890325 (1.130692), tok1: 96.406 (89.634), tok5: 99.688 (96.621), time: 0.724 (0.825), eta: 0:35:29, mem: 16625M
[08/21 10:57:39][INFO] trainer.py:  77: iter: 009430, lr: 0.00010, loss: 0.873428 (1.130419), tok1: 97.344 (89.642), tok5: 99.375 (96.624), time: 0.814 (0.825), eta: 0:35:20, mem: 16625M
[08/21 10:57:46][INFO] trainer.py:  77: iter: 009440, lr: 0.00010, loss: 0.867980 (1.130141), tok1: 97.812 (89.651), tok5: 99.375 (96.627), time: 0.722 (0.825), eta: 0:35:12, mem: 16625M
[08/21 10:57:53][INFO] trainer.py:  77: iter: 009450, lr: 0.00010, loss: 0.881531 (1.129878), tok1: 97.188 (89.659), tok5: 99.375 (96.629), time: 0.737 (0.825), eta: 0:35:03, mem: 16625M
[08/21 10:58:00][INFO] trainer.py:  77: iter: 009460, lr: 0.00010, loss: 0.875406 (1.129609), tok1: 96.875 (89.666), tok5: 99.531 (96.633), time: 0.722 (0.825), eta: 0:34:55, mem: 16625M
[08/21 10:58:07][INFO] trainer.py:  77: iter: 009470, lr: 0.00010, loss: 0.894246 (1.129360), tok1: 97.500 (89.674), tok5: 99.375 (96.635), time: 0.693 (0.825), eta: 0:34:46, mem: 16625M
[08/21 10:58:17][INFO] trainer.py:  77: iter: 009480, lr: 0.00010, loss: 0.889328 (1.129107), tok1: 96.406 (89.682), tok5: 99.688 (96.639), time: 0.947 (0.825), eta: 0:34:38, mem: 16625M
[08/21 10:58:25][INFO] trainer.py:  77: iter: 009490, lr: 0.00010, loss: 0.865378 (1.128829), tok1: 97.969 (89.690), tok5: 99.375 (96.642), time: 0.796 (0.825), eta: 0:34:30, mem: 16625M
[08/21 10:58:32][INFO] trainer.py:  77: iter: 009500, lr: 0.00010, loss: 0.848442 (1.128534), tok1: 98.438 (89.700), tok5: 99.688 (96.645), time: 0.723 (0.825), eta: 0:34:21, mem: 16625M
[08/21 10:58:32][INFO] checkpoint.py:  46: Saving checkpoint to outputs/x3d-s_clipgcn_tensor_cs_70_10_20_zsl_45_10_coco17_182/model_009500.pth
[08/21 10:58:32][INFO] inference.py:  51: Evaluating CLIPGCN_TENSOR dataset(449 video clips):
  0%|          | 0/8 [00:00<?, ?it/s] 12%|█▎        | 1/8 [00:05<00:38,  5.56s/it] 25%|██▌       | 2/8 [00:05<00:14,  2.45s/it] 38%|███▊      | 3/8 [00:06<00:07,  1.43s/it] 50%|█████     | 4/8 [00:06<00:03,  1.03it/s] 62%|██████▎   | 5/8 [00:06<00:02,  1.43it/s] 75%|███████▌  | 6/8 [00:06<00:01,  1.86it/s] 88%|████████▊ | 7/8 [00:06<00:00,  2.32it/s]100%|██████████| 8/8 [00:07<00:00,  1.14it/s]
[08/21 10:58:39][INFO] inference.py:  61: 
total - top1 acc: 89.453 top5 acc: 99.219
0   - A001                 - acc: 80.00
1   - A002                 - acc: 80.00
2   - A003                 - acc: 50.00
3   - A004                 - acc: 60.00
4   - A005                 - acc: 0.0
5   - A006                 - acc: 90.00
6   - A007                 - acc: 0.0
7   - A008                 - acc: 0.0
8   - A009                 - acc: 0.0
9   - A010                 - acc: 90.00
10  - A011                 - acc: 80.00
11  - A012                 - acc: 80.00
12  - A013                 - acc: 0.0
13  - A014                 - acc: 80.00
14  - A015                 - acc: 0.0
15  - A016                 - acc: 100.00
16  - A017                 - acc: 80.00
17  - A018                 - acc: 100.00
18  - A019                 - acc: 0.0
19  - A020                 - acc: 0.0
20  - A021                 - acc: 100.00
21  - A022                 - acc: 100.00
22  - A023                 - acc: 90.00
23  - A024                 - acc: 100.00
24  - A025                 - acc: 90.00
25  - A026                 - acc: 80.00
26  - A027                 - acc: 100.00
27  - A028                 - acc: 90.00
28  - A029                 - acc: 100.00
29  - A030                 - acc: 70.00
30  - A031                 - acc: 90.00
31  - A032                 - acc: 90.00
32  - A033                 - acc: 80.00
33  - A034                 - acc: 90.00
34  - A035                 - acc: 0.0
35  - A036                 - acc: 90.00
36  - A037                 - acc: 70.00
37  - A038                 - acc: 70.00
38  - A039                 - acc: 90.00
39  - A040                 - acc: 90.00
40  - A041                 - acc: 80.00
41  - A042                 - acc: 100.00
42  - A043                 - acc: 100.00
43  - A044                 - acc: 100.00
44  - A045                 - acc: 90.00
45  - A046                 - acc: 80.00
46  - A047                 - acc: 100.00
47  - A048                 - acc: 0.0
48  - A049                 - acc: 100.00
49  - A050                 - acc: 88.89
50  - A051                 - acc: 70.00
51  - A052                 - acc: 100.00
52  - A053                 - acc: 100.00
53  - A054                 - acc: 100.00
54  - A055                 - acc: 100.00

[08/21 10:58:47][INFO] trainer.py:  77: iter: 009510, lr: 0.00010, loss: 0.852493 (1.128244), tok1: 98.125 (89.708), tok5: 99.844 (96.648), time: 1.491 (0.825), eta: 0:34:15, mem: 16625M
[08/21 10:58:54][INFO] trainer.py:  77: iter: 009520, lr: 0.00010, loss: 0.855671 (1.127957), tok1: 97.812 (89.717), tok5: 99.375 (96.651), time: 0.720 (0.825), eta: 0:34:06, mem: 16625M
[08/21 10:59:01][INFO] trainer.py:  77: iter: 009530, lr: 0.00010, loss: 0.877171 (1.127694), tok1: 97.188 (89.725), tok5: 99.219 (96.654), time: 0.723 (0.825), eta: 0:33:58, mem: 16625M
[08/21 10:59:09][INFO] trainer.py:  77: iter: 009540, lr: 0.00010, loss: 0.860422 (1.127414), tok1: 97.969 (89.733), tok5: 99.375 (96.657), time: 0.728 (0.825), eta: 0:33:49, mem: 16625M
[08/21 10:59:16][INFO] trainer.py:  77: iter: 009550, lr: 0.00010, loss: 0.883733 (1.127159), tok1: 97.314 (89.741), tok5: 99.417 (96.659), time: 0.701 (0.825), eta: 0:33:41, mem: 16625M
[08/21 10:59:23][INFO] trainer.py:  77: iter: 009560, lr: 0.00010, loss: 0.854254 (1.126874), tok1: 98.281 (89.750), tok5: 99.688 (96.663), time: 0.723 (0.825), eta: 0:33:32, mem: 16625M
[08/21 10:59:30][INFO] trainer.py:  77: iter: 009570, lr: 0.00010, loss: 0.850440 (1.126585), tok1: 98.125 (89.759), tok5: 100.000 (96.666), time: 0.726 (0.825), eta: 0:33:24, mem: 16625M
[08/21 10:59:37][INFO] trainer.py:  77: iter: 009580, lr: 0.00010, loss: 0.857363 (1.126304), tok1: 97.969 (89.768), tok5: 99.844 (96.669), time: 0.723 (0.825), eta: 0:33:15, mem: 16625M
[08/21 10:59:45][INFO] trainer.py:  77: iter: 009590, lr: 0.00010, loss: 0.892478 (1.126060), tok1: 96.562 (89.775), tok5: 99.844 (96.673), time: 0.725 (0.825), eta: 0:33:07, mem: 16625M
[08/21 10:59:52][INFO] trainer.py:  77: iter: 009600, lr: 0.00010, loss: 0.856187 (1.125779), tok1: 98.438 (89.784), tok5: 100.000 (96.676), time: 0.722 (0.825), eta: 0:32:58, mem: 16625M
[08/21 10:59:59][INFO] trainer.py:  77: iter: 009610, lr: 0.00010, loss: 0.878135 (1.125521), tok1: 97.188 (89.791), tok5: 99.688 (96.679), time: 0.724 (0.824), eta: 0:32:50, mem: 16625M
[08/21 11:00:06][INFO] trainer.py:  77: iter: 009620, lr: 0.00010, loss: 0.868318 (1.125254), tok1: 97.344 (89.799), tok5: 99.688 (96.682), time: 0.722 (0.824), eta: 0:32:41, mem: 16625M
[08/21 11:00:13][INFO] trainer.py:  77: iter: 009630, lr: 0.00010, loss: 0.855115 (1.124973), tok1: 98.480 (89.808), tok5: 99.417 (96.685), time: 0.693 (0.824), eta: 0:32:33, mem: 16625M
[08/21 11:00:21][INFO] trainer.py:  77: iter: 009640, lr: 0.00010, loss: 0.868981 (1.124708), tok1: 97.500 (89.816), tok5: 99.688 (96.688), time: 0.725 (0.824), eta: 0:32:24, mem: 16625M
[08/21 11:00:28][INFO] trainer.py:  77: iter: 009650, lr: 0.00010, loss: 0.881254 (1.124455), tok1: 97.500 (89.824), tok5: 99.531 (96.691), time: 0.728 (0.824), eta: 0:32:16, mem: 16625M
[08/21 11:00:36][INFO] trainer.py:  77: iter: 009660, lr: 0.00010, loss: 0.871076 (1.124193), tok1: 96.875 (89.832), tok5: 99.688 (96.694), time: 0.814 (0.824), eta: 0:32:08, mem: 16625M
[08/21 11:00:44][INFO] trainer.py:  77: iter: 009670, lr: 0.00010, loss: 0.875840 (1.123936), tok1: 96.875 (89.839), tok5: 99.375 (96.697), time: 0.763 (0.824), eta: 0:31:59, mem: 16625M
[08/21 11:00:51][INFO] trainer.py:  77: iter: 009680, lr: 0.00010, loss: 0.883192 (1.123687), tok1: 96.406 (89.846), tok5: 99.844 (96.700), time: 0.725 (0.824), eta: 0:31:51, mem: 16625M
[08/21 11:00:58][INFO] trainer.py:  77: iter: 009690, lr: 0.00010, loss: 0.853951 (1.123409), tok1: 97.656 (89.854), tok5: 100.000 (96.704), time: 0.763 (0.824), eta: 0:31:42, mem: 16625M
[08/21 11:01:06][INFO] trainer.py:  77: iter: 009700, lr: 0.00010, loss: 0.862481 (1.123140), tok1: 97.969 (89.862), tok5: 99.688 (96.707), time: 0.793 (0.824), eta: 0:31:34, mem: 16625M
[08/21 11:01:15][INFO] trainer.py:  77: iter: 009710, lr: 0.00010, loss: 0.880079 (1.122890), tok1: 96.875 (89.869), tok5: 99.219 (96.710), time: 0.874 (0.824), eta: 0:31:26, mem: 16625M
[08/21 11:01:25][INFO] trainer.py:  77: iter: 009720, lr: 0.00010, loss: 0.877334 (1.122637), tok1: 97.073 (89.877), tok5: 99.531 (96.712), time: 0.956 (0.824), eta: 0:31:18, mem: 16625M
[08/21 11:01:32][INFO] trainer.py:  77: iter: 009730, lr: 0.00010, loss: 0.864979 (1.122372), tok1: 97.812 (89.885), tok5: 99.844 (96.716), time: 0.754 (0.824), eta: 0:31:10, mem: 16625M
[08/21 11:01:41][INFO] trainer.py:  77: iter: 009740, lr: 0.00010, loss: 0.862902 (1.122106), tok1: 97.969 (89.893), tok5: 99.375 (96.718), time: 0.922 (0.824), eta: 0:31:02, mem: 16625M
[08/21 11:01:51][INFO] trainer.py:  77: iter: 009750, lr: 0.00010, loss: 0.850977 (1.121828), tok1: 98.281 (89.902), tok5: 99.844 (96.722), time: 0.907 (0.824), eta: 0:30:53, mem: 16625M
[08/21 11:01:58][INFO] trainer.py:  77: iter: 009760, lr: 0.00010, loss: 0.896830 (1.121597), tok1: 96.562 (89.909), tok5: 99.375 (96.724), time: 0.720 (0.824), eta: 0:30:45, mem: 16625M
[08/21 11:02:07][INFO] trainer.py:  77: iter: 009770, lr: 0.00010, loss: 0.848801 (1.121318), tok1: 97.969 (89.917), tok5: 99.688 (96.727), time: 0.943 (0.824), eta: 0:30:37, mem: 16625M
[08/21 11:02:14][INFO] trainer.py:  77: iter: 009780, lr: 0.00010, loss: 0.878206 (1.121070), tok1: 97.500 (89.925), tok5: 99.531 (96.730), time: 0.724 (0.824), eta: 0:30:29, mem: 16625M
[08/21 11:02:23][INFO] trainer.py:  77: iter: 009790, lr: 0.00010, loss: 0.881780 (1.120825), tok1: 97.656 (89.932), tok5: 99.375 (96.733), time: 0.902 (0.824), eta: 0:30:20, mem: 16625M
[08/21 11:02:32][INFO] trainer.py:  77: iter: 009800, lr: 0.00010, loss: 0.887942 (1.120588), tok1: 97.344 (89.940), tok5: 99.531 (96.736), time: 0.849 (0.824), eta: 0:30:12, mem: 16625M
[08/21 11:02:39][INFO] trainer.py:  77: iter: 009810, lr: 0.00010, loss: 0.842682 (1.120304), tok1: 98.750 (89.949), tok5: 99.844 (96.739), time: 0.719 (0.824), eta: 0:30:04, mem: 16625M
[08/21 11:02:48][INFO] trainer.py:  77: iter: 009820, lr: 0.00010, loss: 0.844799 (1.120024), tok1: 98.281 (89.957), tok5: 100.000 (96.742), time: 0.906 (0.824), eta: 0:29:56, mem: 16625M
[08/21 11:02:57][INFO] trainer.py:  77: iter: 009830, lr: 0.00010, loss: 0.886947 (1.119787), tok1: 95.781 (89.963), tok5: 99.688 (96.745), time: 0.901 (0.824), eta: 0:29:48, mem: 16625M
[08/21 11:03:04][INFO] trainer.py:  77: iter: 009840, lr: 0.00010, loss: 0.874608 (1.119537), tok1: 97.812 (89.971), tok5: 99.219 (96.748), time: 0.724 (0.824), eta: 0:29:39, mem: 16625M
[08/21 11:03:14][INFO] trainer.py:  77: iter: 009850, lr: 0.00010, loss: 0.866673 (1.119281), tok1: 97.500 (89.979), tok5: 99.531 (96.751), time: 0.914 (0.824), eta: 0:29:31, mem: 16625M
[08/21 11:03:21][INFO] trainer.py:  77: iter: 009860, lr: 0.00010, loss: 0.858033 (1.119016), tok1: 97.500 (89.987), tok5: 99.844 (96.754), time: 0.723 (0.824), eta: 0:29:23, mem: 16625M
[08/21 11:03:31][INFO] trainer.py:  77: iter: 009870, lr: 0.00010, loss: 0.848419 (1.118742), tok1: 98.438 (89.995), tok5: 100.000 (96.757), time: 0.981 (0.824), eta: 0:29:15, mem: 16625M
[08/21 11:03:38][INFO] trainer.py:  77: iter: 009880, lr: 0.00010, loss: 0.859375 (1.118479), tok1: 97.656 (90.003), tok5: 99.688 (96.760), time: 0.785 (0.824), eta: 0:29:07, mem: 16625M
[08/21 11:03:46][INFO] trainer.py:  77: iter: 009890, lr: 0.00010, loss: 0.881544 (1.118239), tok1: 97.188 (90.010), tok5: 99.688 (96.763), time: 0.722 (0.824), eta: 0:28:58, mem: 16625M
[08/21 11:03:53][INFO] trainer.py:  77: iter: 009900, lr: 0.00010, loss: 0.885645 (1.118005), tok1: 96.875 (90.017), tok5: 99.531 (96.766), time: 0.745 (0.824), eta: 0:28:50, mem: 16625M
[08/21 11:04:02][INFO] trainer.py:  77: iter: 009910, lr: 0.00010, loss: 0.849826 (1.117734), tok1: 97.969 (90.025), tok5: 99.688 (96.769), time: 0.927 (0.824), eta: 0:28:42, mem: 16625M
[08/21 11:04:10][INFO] trainer.py:  77: iter: 009920, lr: 0.00010, loss: 0.852902 (1.117467), tok1: 98.281 (90.033), tok5: 99.844 (96.772), time: 0.723 (0.824), eta: 0:28:33, mem: 16625M
[08/21 11:04:19][INFO] trainer.py:  77: iter: 009930, lr: 0.00010, loss: 0.870410 (1.117218), tok1: 97.812 (90.041), tok5: 99.688 (96.775), time: 0.964 (0.824), eta: 0:28:25, mem: 16625M
[08/21 11:04:26][INFO] trainer.py:  77: iter: 009940, lr: 0.00010, loss: 0.865842 (1.116965), tok1: 97.344 (90.049), tok5: 99.844 (96.778), time: 0.724 (0.824), eta: 0:28:17, mem: 16625M
[08/21 11:04:36][INFO] trainer.py:  77: iter: 009950, lr: 0.00010, loss: 0.865294 (1.116712), tok1: 97.188 (90.056), tok5: 99.844 (96.781), time: 0.974 (0.824), eta: 0:28:09, mem: 16625M
[08/21 11:04:45][INFO] trainer.py:  77: iter: 009960, lr: 0.00010, loss: 0.850338 (1.116445), tok1: 97.897 (90.064), tok5: 99.688 (96.784), time: 0.908 (0.824), eta: 0:28:01, mem: 16625M
[08/21 11:04:53][INFO] trainer.py:  77: iter: 009970, lr: 0.00010, loss: 0.867207 (1.116195), tok1: 97.500 (90.071), tok5: 99.219 (96.786), time: 0.731 (0.824), eta: 0:27:52, mem: 16625M
[08/21 11:05:02][INFO] trainer.py:  77: iter: 009980, lr: 0.00010, loss: 0.870565 (1.115949), tok1: 97.812 (90.079), tok5: 99.688 (96.789), time: 0.907 (0.824), eta: 0:27:44, mem: 16625M
[08/21 11:05:10][INFO] trainer.py:  77: iter: 009990, lr: 0.00010, loss: 0.885107 (1.115718), tok1: 97.031 (90.086), tok5: 99.375 (96.792), time: 0.872 (0.824), eta: 0:27:36, mem: 16625M
[08/21 11:05:18][INFO] trainer.py:  77: iter: 010000, lr: 0.00010, loss: 0.863919 (1.115466), tok1: 97.812 (90.094), tok5: 99.219 (96.794), time: 0.726 (0.824), eta: 0:27:28, mem: 16625M
[08/21 11:05:18][INFO] checkpoint.py:  46: Saving checkpoint to outputs/x3d-s_clipgcn_tensor_cs_70_10_20_zsl_45_10_coco17_182/model_010000.pth
[08/21 11:05:18][INFO] inference.py:  51: Evaluating CLIPGCN_TENSOR dataset(449 video clips):
  0%|          | 0/8 [00:00<?, ?it/s] 12%|█▎        | 1/8 [00:04<00:31,  4.51s/it] 25%|██▌       | 2/8 [00:05<00:13,  2.28s/it] 38%|███▊      | 3/8 [00:05<00:06,  1.34s/it] 50%|█████     | 4/8 [00:05<00:03,  1.12it/s] 62%|██████▎   | 5/8 [00:05<00:01,  1.54it/s] 75%|███████▌  | 6/8 [00:06<00:01,  1.99it/s] 88%|████████▊ | 7/8 [00:06<00:00,  2.44it/s]100%|██████████| 8/8 [00:06<00:00,  1.26it/s]
[08/21 11:05:24][INFO] inference.py:  61: 
total - top1 acc: 90.039 top5 acc: 99.219
0   - A001                 - acc: 90.00
1   - A002                 - acc: 80.00
2   - A003                 - acc: 50.00
3   - A004                 - acc: 60.00
4   - A005                 - acc: 0.0
5   - A006                 - acc: 90.00
6   - A007                 - acc: 0.0
7   - A008                 - acc: 0.0
8   - A009                 - acc: 0.0
9   - A010                 - acc: 90.00
10  - A011                 - acc: 80.00
11  - A012                 - acc: 80.00
12  - A013                 - acc: 0.0
13  - A014                 - acc: 80.00
14  - A015                 - acc: 0.0
15  - A016                 - acc: 100.00
16  - A017                 - acc: 80.00
17  - A018                 - acc: 100.00
18  - A019                 - acc: 0.0
19  - A020                 - acc: 0.0
20  - A021                 - acc: 100.00
21  - A022                 - acc: 100.00
22  - A023                 - acc: 90.00
23  - A024                 - acc: 100.00
24  - A025                 - acc: 90.00
25  - A026                 - acc: 80.00
26  - A027                 - acc: 100.00
27  - A028                 - acc: 90.00
28  - A029                 - acc: 100.00
29  - A030                 - acc: 70.00
30  - A031                 - acc: 90.00
31  - A032                 - acc: 90.00
32  - A033                 - acc: 80.00
33  - A034                 - acc: 90.00
34  - A035                 - acc: 0.0
35  - A036                 - acc: 90.00
36  - A037                 - acc: 60.00
37  - A038                 - acc: 80.00
38  - A039                 - acc: 100.00
39  - A040                 - acc: 90.00
40  - A041                 - acc: 90.00
41  - A042                 - acc: 100.00
42  - A043                 - acc: 100.00
43  - A044                 - acc: 100.00
44  - A045                 - acc: 90.00
45  - A046                 - acc: 80.00
46  - A047                 - acc: 100.00
47  - A048                 - acc: 0.0
48  - A049                 - acc: 100.00
49  - A050                 - acc: 88.89
50  - A051                 - acc: 70.00
51  - A052                 - acc: 100.00
52  - A053                 - acc: 100.00
53  - A054                 - acc: 100.00
54  - A055                 - acc: 100.00

[08/21 11:05:32][INFO] trainer.py:  77: iter: 010010, lr: 0.00010, loss: 0.883996 (1.115235), tok1: 96.562 (90.100), tok5: 99.688 (96.797), time: 1.425 (0.825), eta: 0:27:21, mem: 16625M
[08/21 11:05:39][INFO] trainer.py:  77: iter: 010020, lr: 0.00010, loss: 0.880140 (1.115000), tok1: 97.500 (90.107), tok5: 99.688 (96.800), time: 0.728 (0.825), eta: 0:27:12, mem: 16625M
[08/21 11:05:47][INFO] trainer.py:  77: iter: 010030, lr: 0.00010, loss: 0.866841 (1.114753), tok1: 97.344 (90.115), tok5: 99.688 (96.803), time: 0.736 (0.825), eta: 0:27:04, mem: 16625M
[08/21 11:05:54][INFO] trainer.py:  77: iter: 010040, lr: 0.00010, loss: 0.851419 (1.114490), tok1: 98.281 (90.123), tok5: 99.531 (96.806), time: 0.725 (0.824), eta: 0:26:55, mem: 16625M
[08/21 11:06:01][INFO] trainer.py:  77: iter: 010050, lr: 0.00010, loss: 0.871692 (1.114249), tok1: 98.125 (90.131), tok5: 99.375 (96.808), time: 0.705 (0.824), eta: 0:26:47, mem: 16625M
[08/21 11:06:10][INFO] trainer.py:  77: iter: 010060, lr: 0.00010, loss: 0.911848 (1.114048), tok1: 95.781 (90.136), tok5: 98.750 (96.810), time: 0.918 (0.824), eta: 0:26:39, mem: 16625M
[08/21 11:06:19][INFO] trainer.py:  77: iter: 010070, lr: 0.00010, loss: 0.863138 (1.113798), tok1: 97.344 (90.144), tok5: 100.000 (96.813), time: 0.909 (0.824), eta: 0:26:31, mem: 16625M
[08/21 11:06:26][INFO] trainer.py:  77: iter: 010080, lr: 0.00010, loss: 0.864351 (1.113551), tok1: 97.188 (90.151), tok5: 100.000 (96.816), time: 0.720 (0.824), eta: 0:26:22, mem: 16625M
[08/21 11:06:35][INFO] trainer.py:  77: iter: 010090, lr: 0.00010, loss: 0.847308 (1.113287), tok1: 98.125 (90.158), tok5: 99.688 (96.819), time: 0.838 (0.824), eta: 0:26:14, mem: 16625M
[08/21 11:06:42][INFO] trainer.py:  77: iter: 010100, lr: 0.00010, loss: 0.857213 (1.113033), tok1: 97.812 (90.166), tok5: 99.844 (96.822), time: 0.724 (0.824), eta: 0:26:06, mem: 16625M
[08/21 11:06:52][INFO] trainer.py:  77: iter: 010110, lr: 0.00010, loss: 0.851789 (1.112775), tok1: 98.594 (90.174), tok5: 99.531 (96.825), time: 1.049 (0.825), eta: 0:25:58, mem: 16625M
[08/21 11:07:01][INFO] trainer.py:  77: iter: 010120, lr: 0.00010, loss: 0.870625 (1.112536), tok1: 97.188 (90.181), tok5: 99.375 (96.827), time: 0.836 (0.825), eta: 0:25:50, mem: 16625M
[08/21 11:07:08][INFO] trainer.py:  77: iter: 010130, lr: 0.00010, loss: 0.857037 (1.112284), tok1: 97.812 (90.189), tok5: 99.688 (96.830), time: 0.693 (0.824), eta: 0:25:41, mem: 16625M
[08/21 11:07:17][INFO] trainer.py:  77: iter: 010140, lr: 0.00010, loss: 0.865259 (1.112040), tok1: 97.812 (90.196), tok5: 99.688 (96.833), time: 0.950 (0.825), eta: 0:25:33, mem: 16625M
[08/21 11:07:26][INFO] trainer.py:  77: iter: 010150, lr: 0.00010, loss: 0.845036 (1.111777), tok1: 98.125 (90.204), tok5: 100.000 (96.836), time: 0.852 (0.825), eta: 0:25:25, mem: 16625M
[08/21 11:07:33][INFO] trainer.py:  77: iter: 010160, lr: 0.00010, loss: 0.898922 (1.111567), tok1: 96.250 (90.210), tok5: 99.062 (96.838), time: 0.725 (0.824), eta: 0:25:16, mem: 16625M
[08/21 11:07:40][INFO] trainer.py:  77: iter: 010170, lr: 0.00010, loss: 0.874187 (1.111334), tok1: 97.344 (90.217), tok5: 99.531 (96.841), time: 0.733 (0.824), eta: 0:25:08, mem: 16625M
[08/21 11:07:48][INFO] trainer.py:  77: iter: 010180, lr: 0.00010, loss: 0.890881 (1.111117), tok1: 96.875 (90.224), tok5: 99.531 (96.844), time: 0.724 (0.824), eta: 0:25:00, mem: 16625M
[08/21 11:07:57][INFO] trainer.py:  77: iter: 010190, lr: 0.00010, loss: 0.883538 (1.110894), tok1: 97.344 (90.231), tok5: 99.531 (96.846), time: 0.934 (0.824), eta: 0:24:52, mem: 16625M
[08/21 11:08:06][INFO] trainer.py:  77: iter: 010200, lr: 0.00010, loss: 0.858041 (1.110646), tok1: 98.438 (90.239), tok5: 99.844 (96.849), time: 0.896 (0.824), eta: 0:24:43, mem: 16625M
[08/21 11:08:13][INFO] trainer.py:  77: iter: 010210, lr: 0.00010, loss: 0.889072 (1.110429), tok1: 97.542 (90.246), tok5: 99.105 (96.851), time: 0.690 (0.824), eta: 0:24:35, mem: 16625M
[08/21 11:08:23][INFO] trainer.py:  77: iter: 010220, lr: 0.00010, loss: 0.855729 (1.110180), tok1: 97.812 (90.253), tok5: 99.531 (96.854), time: 0.986 (0.824), eta: 0:24:27, mem: 16625M
[08/21 11:08:30][INFO] trainer.py:  77: iter: 010230, lr: 0.00010, loss: 0.850663 (1.109926), tok1: 98.281 (90.261), tok5: 99.531 (96.857), time: 0.760 (0.824), eta: 0:24:19, mem: 16625M
[08/21 11:08:37][INFO] trainer.py:  77: iter: 010240, lr: 0.00010, loss: 0.872943 (1.109695), tok1: 97.344 (90.268), tok5: 99.531 (96.859), time: 0.728 (0.824), eta: 0:24:10, mem: 16625M
[08/21 11:08:47][INFO] trainer.py:  77: iter: 010250, lr: 0.00010, loss: 0.860837 (1.109452), tok1: 98.281 (90.276), tok5: 99.531 (96.862), time: 0.965 (0.824), eta: 0:24:02, mem: 16625M
[08/21 11:08:54][INFO] trainer.py:  77: iter: 010260, lr: 0.00010, loss: 0.858439 (1.109207), tok1: 97.500 (90.283), tok5: 99.531 (96.864), time: 0.724 (0.824), eta: 0:23:54, mem: 16625M
[08/21 11:09:07][INFO] trainer.py:  77: iter: 010270, lr: 0.00010, loss: 0.862079 (1.108967), tok1: 98.281 (90.291), tok5: 99.688 (96.867), time: 1.216 (0.825), eta: 0:23:46, mem: 16625M
[08/21 11:09:16][INFO] trainer.py:  77: iter: 010280, lr: 0.00010, loss: 0.859681 (1.108724), tok1: 97.500 (90.298), tok5: 99.688 (96.870), time: 0.955 (0.825), eta: 0:23:38, mem: 16625M
[08/21 11:09:23][INFO] trainer.py:  77: iter: 010290, lr: 0.00010, loss: 0.852446 (1.108475), tok1: 98.438 (90.306), tok5: 99.375 (96.872), time: 0.721 (0.825), eta: 0:23:30, mem: 16625M
[08/21 11:09:34][INFO] trainer.py:  77: iter: 010300, lr: 0.00010, loss: 0.864754 (1.108239), tok1: 97.855 (90.313), tok5: 99.688 (96.875), time: 1.071 (0.825), eta: 0:23:22, mem: 16625M
[08/21 11:09:43][INFO] trainer.py:  77: iter: 010310, lr: 0.00010, loss: 0.903198 (1.108040), tok1: 96.562 (90.319), tok5: 99.219 (96.877), time: 0.873 (0.825), eta: 0:23:14, mem: 16625M
[08/21 11:09:50][INFO] trainer.py:  77: iter: 010320, lr: 0.00010, loss: 0.883055 (1.107822), tok1: 96.875 (90.325), tok5: 99.375 (96.880), time: 0.724 (0.825), eta: 0:23:05, mem: 16625M
[08/21 11:09:59][INFO] trainer.py:  77: iter: 010330, lr: 0.00010, loss: 0.855089 (1.107577), tok1: 98.125 (90.333), tok5: 99.531 (96.882), time: 0.924 (0.825), eta: 0:22:57, mem: 16625M
[08/21 11:10:06][INFO] trainer.py:  77: iter: 010340, lr: 0.00010, loss: 0.876885 (1.107354), tok1: 96.562 (90.339), tok5: 99.531 (96.885), time: 0.724 (0.825), eta: 0:22:49, mem: 16625M
[08/21 11:10:16][INFO] trainer.py:  77: iter: 010350, lr: 0.00010, loss: 0.868303 (1.107123), tok1: 97.500 (90.346), tok5: 99.688 (96.888), time: 0.924 (0.825), eta: 0:22:41, mem: 16625M
[08/21 11:10:25][INFO] trainer.py:  77: iter: 010360, lr: 0.00010, loss: 0.862656 (1.106887), tok1: 97.969 (90.353), tok5: 99.688 (96.890), time: 0.934 (0.825), eta: 0:22:33, mem: 16625M
[08/21 11:10:32][INFO] trainer.py:  77: iter: 010370, lr: 0.00010, loss: 0.885319 (1.106673), tok1: 96.250 (90.359), tok5: 99.375 (96.893), time: 0.723 (0.825), eta: 0:22:24, mem: 16625M
[08/21 11:10:40][INFO] trainer.py:  77: iter: 010380, lr: 0.00010, loss: 0.884740 (1.106460), tok1: 97.272 (90.366), tok5: 99.417 (96.895), time: 0.762 (0.825), eta: 0:22:16, mem: 16625M
[08/21 11:10:47][INFO] trainer.py:  77: iter: 010390, lr: 0.00010, loss: 0.860907 (1.106223), tok1: 97.969 (90.373), tok5: 99.688 (96.898), time: 0.736 (0.825), eta: 0:22:08, mem: 16625M
[08/21 11:10:55][INFO] trainer.py:  77: iter: 010400, lr: 0.00001, loss: 0.847929 (1.105975), tok1: 98.281 (90.380), tok5: 99.688 (96.901), time: 0.726 (0.825), eta: 0:21:59, mem: 16625M
[08/21 11:11:06][INFO] trainer.py:  77: iter: 010410, lr: 0.00001, loss: 0.851619 (1.105731), tok1: 98.281 (90.388), tok5: 99.844 (96.903), time: 1.165 (0.825), eta: 0:21:51, mem: 16625M
[08/21 11:11:13][INFO] trainer.py:  77: iter: 010420, lr: 0.00001, loss: 0.877750 (1.105512), tok1: 96.719 (90.394), tok5: 99.844 (96.906), time: 0.720 (0.825), eta: 0:21:43, mem: 16625M
[08/21 11:11:22][INFO] trainer.py:  77: iter: 010430, lr: 0.00001, loss: 0.858107 (1.105275), tok1: 98.281 (90.402), tok5: 99.844 (96.909), time: 0.912 (0.825), eta: 0:21:35, mem: 16625M
[08/21 11:11:32][INFO] trainer.py:  77: iter: 010440, lr: 0.00001, loss: 0.863944 (1.105043), tok1: 97.969 (90.409), tok5: 99.531 (96.912), time: 0.908 (0.825), eta: 0:21:27, mem: 16625M
[08/21 11:11:39][INFO] trainer.py:  77: iter: 010450, lr: 0.00001, loss: 0.860564 (1.104809), tok1: 97.812 (90.416), tok5: 99.688 (96.914), time: 0.723 (0.825), eta: 0:21:18, mem: 16625M
[08/21 11:11:47][INFO] trainer.py:  77: iter: 010460, lr: 0.00001, loss: 0.865541 (1.104581), tok1: 98.011 (90.423), tok5: 99.688 (96.917), time: 0.847 (0.825), eta: 0:21:10, mem: 16625M
[08/21 11:11:58][INFO] trainer.py:  77: iter: 010470, lr: 0.00001, loss: 0.868278 (1.104355), tok1: 97.188 (90.430), tok5: 99.531 (96.919), time: 1.048 (0.825), eta: 0:21:02, mem: 16625M
[08/21 11:12:05][INFO] trainer.py:  77: iter: 010480, lr: 0.00001, loss: 0.855533 (1.104118), tok1: 97.969 (90.437), tok5: 99.531 (96.922), time: 0.721 (0.825), eta: 0:20:54, mem: 16625M
[08/21 11:12:13][INFO] trainer.py:  77: iter: 010490, lr: 0.00001, loss: 0.865667 (1.103890), tok1: 97.812 (90.444), tok5: 99.844 (96.925), time: 0.795 (0.825), eta: 0:20:46, mem: 16625M
[08/21 11:12:20][INFO] trainer.py:  77: iter: 010500, lr: 0.00001, loss: 0.868190 (1.103666), tok1: 98.281 (90.451), tok5: 99.531 (96.927), time: 0.719 (0.825), eta: 0:20:37, mem: 16625M
[08/21 11:12:20][INFO] checkpoint.py:  46: Saving checkpoint to outputs/x3d-s_clipgcn_tensor_cs_70_10_20_zsl_45_10_coco17_182/model_010500.pth
[08/21 11:12:21][INFO] inference.py:  51: Evaluating CLIPGCN_TENSOR dataset(449 video clips):
  0%|          | 0/8 [00:00<?, ?it/s] 12%|█▎        | 1/8 [00:05<00:36,  5.18s/it] 25%|██▌       | 2/8 [00:05<00:13,  2.26s/it] 38%|███▊      | 3/8 [00:05<00:06,  1.33s/it] 50%|█████     | 4/8 [00:05<00:03,  1.12it/s] 62%|██████▎   | 5/8 [00:06<00:01,  1.55it/s] 75%|███████▌  | 6/8 [00:06<00:01,  2.00it/s] 88%|████████▊ | 7/8 [00:06<00:00,  2.45it/s]100%|██████████| 8/8 [00:06<00:00,  1.23it/s]
[08/21 11:12:27][INFO] inference.py:  61: 
total - top1 acc: 89.453 top5 acc: 99.219
0   - A001                 - acc: 90.00
1   - A002                 - acc: 80.00
2   - A003                 - acc: 50.00
3   - A004                 - acc: 60.00
4   - A005                 - acc: 0.0
5   - A006                 - acc: 90.00
6   - A007                 - acc: 0.0
7   - A008                 - acc: 0.0
8   - A009                 - acc: 0.0
9   - A010                 - acc: 90.00
10  - A011                 - acc: 80.00
11  - A012                 - acc: 80.00
12  - A013                 - acc: 0.0
13  - A014                 - acc: 80.00
14  - A015                 - acc: 0.0
15  - A016                 - acc: 100.00
16  - A017                 - acc: 80.00
17  - A018                 - acc: 100.00
18  - A019                 - acc: 0.0
19  - A020                 - acc: 0.0
20  - A021                 - acc: 100.00
21  - A022                 - acc: 100.00
22  - A023                 - acc: 90.00
23  - A024                 - acc: 100.00
24  - A025                 - acc: 90.00
25  - A026                 - acc: 80.00
26  - A027                 - acc: 100.00
27  - A028                 - acc: 90.00
28  - A029                 - acc: 90.00
29  - A030                 - acc: 70.00
30  - A031                 - acc: 90.00
31  - A032                 - acc: 90.00
32  - A033                 - acc: 80.00
33  - A034                 - acc: 90.00
34  - A035                 - acc: 0.0
35  - A036                 - acc: 90.00
36  - A037                 - acc: 70.00
37  - A038                 - acc: 70.00
38  - A039                 - acc: 100.00
39  - A040                 - acc: 80.00
40  - A041                 - acc: 80.00
41  - A042                 - acc: 100.00
42  - A043                 - acc: 100.00
43  - A044                 - acc: 100.00
44  - A045                 - acc: 90.00
45  - A046                 - acc: 80.00
46  - A047                 - acc: 100.00
47  - A048                 - acc: 0.0
48  - A049                 - acc: 100.00
49  - A050                 - acc: 88.89
50  - A051                 - acc: 70.00
51  - A052                 - acc: 100.00
52  - A053                 - acc: 100.00
53  - A054                 - acc: 100.00
54  - A055                 - acc: 100.00

[08/21 11:12:35][INFO] trainer.py:  77: iter: 010510, lr: 0.00001, loss: 0.857873 (1.103432), tok1: 97.188 (90.458), tok5: 99.688 (96.930), time: 1.476 (0.826), eta: 0:20:30, mem: 16625M
[08/21 11:12:42][INFO] trainer.py:  77: iter: 010520, lr: 0.00001, loss: 0.860593 (1.103201), tok1: 97.812 (90.465), tok5: 99.531 (96.932), time: 0.724 (0.826), eta: 0:20:21, mem: 16625M
[08/21 11:12:49][INFO] trainer.py:  77: iter: 010530, lr: 0.00001, loss: 0.863184 (1.102973), tok1: 97.656 (90.472), tok5: 99.688 (96.935), time: 0.727 (0.826), eta: 0:20:13, mem: 16625M
[08/21 11:12:57][INFO] trainer.py:  77: iter: 010540, lr: 0.00001, loss: 0.876628 (1.102758), tok1: 96.094 (90.477), tok5: 99.531 (96.937), time: 0.729 (0.825), eta: 0:20:05, mem: 16625M
[08/21 11:13:04][INFO] trainer.py:  77: iter: 010550, lr: 0.00001, loss: 0.870960 (1.102539), tok1: 97.116 (90.483), tok5: 99.375 (96.940), time: 0.716 (0.825), eta: 0:19:56, mem: 16625M
[08/21 11:13:11][INFO] trainer.py:  77: iter: 010560, lr: 0.00001, loss: 0.850646 (1.102300), tok1: 97.969 (90.490), tok5: 99.844 (96.942), time: 0.726 (0.825), eta: 0:19:48, mem: 16625M
[08/21 11:13:19][INFO] trainer.py:  77: iter: 010570, lr: 0.00001, loss: 0.870113 (1.102080), tok1: 96.875 (90.496), tok5: 99.375 (96.945), time: 0.816 (0.825), eta: 0:19:40, mem: 16625M
[08/21 11:13:26][INFO] trainer.py:  77: iter: 010580, lr: 0.00001, loss: 0.874086 (1.101865), tok1: 97.500 (90.503), tok5: 99.062 (96.947), time: 0.722 (0.825), eta: 0:19:31, mem: 16625M
[08/21 11:13:36][INFO] trainer.py:  77: iter: 010590, lr: 0.00001, loss: 0.870461 (1.101646), tok1: 97.656 (90.510), tok5: 99.531 (96.949), time: 0.930 (0.825), eta: 0:19:23, mem: 16625M
[08/21 11:13:45][INFO] trainer.py:  77: iter: 010600, lr: 0.00001, loss: 0.872724 (1.101431), tok1: 97.500 (90.516), tok5: 99.375 (96.951), time: 0.954 (0.825), eta: 0:19:15, mem: 16625M
[08/21 11:13:53][INFO] trainer.py:  77: iter: 010610, lr: 0.00001, loss: 0.883370 (1.101225), tok1: 96.094 (90.522), tok5: 99.375 (96.954), time: 0.722 (0.825), eta: 0:19:07, mem: 16625M
[08/21 11:14:01][INFO] trainer.py:  77: iter: 010620, lr: 0.00001, loss: 0.859098 (1.100997), tok1: 98.281 (90.529), tok5: 99.844 (96.956), time: 0.898 (0.825), eta: 0:18:58, mem: 16625M
[08/21 11:14:10][INFO] trainer.py:  77: iter: 010630, lr: 0.00001, loss: 0.874283 (1.100784), tok1: 97.158 (90.535), tok5: 99.261 (96.959), time: 0.898 (0.825), eta: 0:18:50, mem: 16625M
[08/21 11:14:18][INFO] trainer.py:  77: iter: 010640, lr: 0.00001, loss: 0.854771 (1.100552), tok1: 98.125 (90.542), tok5: 99.531 (96.961), time: 0.720 (0.825), eta: 0:18:42, mem: 16625M
[08/21 11:14:27][INFO] trainer.py:  77: iter: 010650, lr: 0.00001, loss: 0.872488 (1.100338), tok1: 97.344 (90.549), tok5: 99.844 (96.964), time: 0.919 (0.825), eta: 0:18:34, mem: 16625M
[08/21 11:14:34][INFO] trainer.py:  77: iter: 010660, lr: 0.00001, loss: 0.861717 (1.100115), tok1: 98.125 (90.556), tok5: 99.688 (96.966), time: 0.723 (0.825), eta: 0:18:25, mem: 16625M
[08/21 11:14:43][INFO] trainer.py:  77: iter: 010670, lr: 0.00001, loss: 0.875237 (1.099904), tok1: 97.031 (90.562), tok5: 99.688 (96.969), time: 0.889 (0.825), eta: 0:18:17, mem: 16625M
[08/21 11:14:51][INFO] trainer.py:  77: iter: 010680, lr: 0.00001, loss: 0.884435 (1.099702), tok1: 97.031 (90.568), tok5: 99.219 (96.971), time: 0.819 (0.825), eta: 0:18:09, mem: 16625M
[08/21 11:14:58][INFO] trainer.py:  77: iter: 010690, lr: 0.00001, loss: 0.863091 (1.099481), tok1: 97.344 (90.574), tok5: 100.000 (96.974), time: 0.720 (0.825), eta: 0:18:01, mem: 16625M
[08/21 11:15:07][INFO] trainer.py:  77: iter: 010700, lr: 0.00001, loss: 0.887086 (1.099282), tok1: 96.875 (90.580), tok5: 99.375 (96.976), time: 0.869 (0.825), eta: 0:17:52, mem: 16625M
[08/21 11:15:16][INFO] trainer.py:  77: iter: 010710, lr: 0.00001, loss: 0.866305 (1.099065), tok1: 97.314 (90.586), tok5: 99.730 (96.979), time: 0.889 (0.825), eta: 0:17:44, mem: 16625M
[08/21 11:15:23][INFO] trainer.py:  77: iter: 010720, lr: 0.00001, loss: 0.857261 (1.098839), tok1: 97.969 (90.593), tok5: 99.531 (96.981), time: 0.721 (0.825), eta: 0:17:36, mem: 16625M
[08/21 11:15:32][INFO] trainer.py:  77: iter: 010730, lr: 0.00001, loss: 0.857392 (1.098614), tok1: 98.438 (90.601), tok5: 100.000 (96.984), time: 0.886 (0.825), eta: 0:17:28, mem: 16625M
[08/21 11:15:39][INFO] trainer.py:  77: iter: 010740, lr: 0.00001, loss: 0.886387 (1.098416), tok1: 96.562 (90.606), tok5: 99.375 (96.986), time: 0.723 (0.825), eta: 0:17:19, mem: 16625M
[08/21 11:15:51][INFO] trainer.py:  77: iter: 010750, lr: 0.00001, loss: 0.869613 (1.098204), tok1: 97.812 (90.613), tok5: 99.531 (96.988), time: 1.133 (0.825), eta: 0:17:11, mem: 16625M
[08/21 11:15:59][INFO] trainer.py:  77: iter: 010760, lr: 0.00001, loss: 0.854867 (1.097977), tok1: 97.812 (90.620), tok5: 99.844 (96.991), time: 0.819 (0.825), eta: 0:17:03, mem: 16625M
[08/21 11:16:06][INFO] trainer.py:  77: iter: 010770, lr: 0.00001, loss: 0.897796 (1.097792), tok1: 96.719 (90.625), tok5: 99.219 (96.993), time: 0.722 (0.825), eta: 0:16:55, mem: 16625M
[08/21 11:16:16][INFO] trainer.py:  77: iter: 010780, lr: 0.00001, loss: 0.857286 (1.097568), tok1: 97.969 (90.632), tok5: 99.688 (96.996), time: 0.993 (0.826), eta: 0:16:47, mem: 16625M
[08/21 11:16:23][INFO] trainer.py:  77: iter: 010790, lr: 0.00001, loss: 0.853232 (1.097342), tok1: 98.480 (90.639), tok5: 99.417 (96.998), time: 0.693 (0.825), eta: 0:16:38, mem: 16625M
[08/21 11:16:30][INFO] trainer.py:  77: iter: 010800, lr: 0.00001, loss: 0.852034 (1.097115), tok1: 97.500 (90.646), tok5: 99.844 (97.000), time: 0.721 (0.825), eta: 0:16:30, mem: 16625M
[08/21 11:16:37][INFO] trainer.py:  77: iter: 010810, lr: 0.00001, loss: 0.855088 (1.096891), tok1: 98.125 (90.653), tok5: 99.531 (97.003), time: 0.726 (0.825), eta: 0:16:22, mem: 16625M
[08/21 11:16:45][INFO] trainer.py:  77: iter: 010820, lr: 0.00001, loss: 0.868464 (1.096680), tok1: 97.656 (90.659), tok5: 99.531 (97.005), time: 0.724 (0.825), eta: 0:16:13, mem: 16625M
[08/21 11:16:52][INFO] trainer.py:  77: iter: 010830, lr: 0.00001, loss: 0.872556 (1.096473), tok1: 97.188 (90.665), tok5: 99.219 (97.007), time: 0.722 (0.825), eta: 0:16:05, mem: 16625M
[08/21 11:16:59][INFO] trainer.py:  77: iter: 010840, lr: 0.00001, loss: 0.863278 (1.096258), tok1: 97.656 (90.672), tok5: 99.375 (97.009), time: 0.723 (0.825), eta: 0:15:56, mem: 16625M
[08/21 11:17:06][INFO] trainer.py:  77: iter: 010850, lr: 0.00001, loss: 0.859580 (1.096040), tok1: 97.969 (90.678), tok5: 100.000 (97.012), time: 0.720 (0.825), eta: 0:15:48, mem: 16625M
[08/21 11:17:13][INFO] trainer.py:  77: iter: 010860, lr: 0.00001, loss: 0.896557 (1.095856), tok1: 96.250 (90.683), tok5: 98.906 (97.014), time: 0.722 (0.825), eta: 0:15:40, mem: 16625M
[08/21 11:17:21][INFO] trainer.py:  77: iter: 010870, lr: 0.00001, loss: 0.872660 (1.095651), tok1: 97.188 (90.689), tok5: 99.688 (97.016), time: 0.721 (0.825), eta: 0:15:31, mem: 16625M
[08/21 11:17:28][INFO] trainer.py:  77: iter: 010880, lr: 0.00001, loss: 0.891111 (1.095463), tok1: 96.917 (90.695), tok5: 99.531 (97.019), time: 0.689 (0.825), eta: 0:15:23, mem: 16625M
[08/21 11:17:35][INFO] trainer.py:  77: iter: 010890, lr: 0.00001, loss: 0.863018 (1.095249), tok1: 97.344 (90.701), tok5: 99.688 (97.021), time: 0.722 (0.824), eta: 0:15:15, mem: 16625M
[08/21 11:17:42][INFO] trainer.py:  77: iter: 010900, lr: 0.00001, loss: 0.848509 (1.095023), tok1: 98.281 (90.708), tok5: 99.844 (97.024), time: 0.724 (0.824), eta: 0:15:06, mem: 16625M
[08/21 11:17:49][INFO] trainer.py:  77: iter: 010910, lr: 0.00001, loss: 0.881332 (1.094827), tok1: 97.344 (90.714), tok5: 99.375 (97.026), time: 0.723 (0.824), eta: 0:14:58, mem: 16625M
[08/21 11:17:56][INFO] trainer.py:  77: iter: 010920, lr: 0.00001, loss: 0.872502 (1.094623), tok1: 97.344 (90.720), tok5: 99.688 (97.028), time: 0.724 (0.824), eta: 0:14:50, mem: 16625M
[08/21 11:18:06][INFO] trainer.py:  77: iter: 010930, lr: 0.00001, loss: 0.874160 (1.094422), tok1: 97.500 (90.727), tok5: 99.531 (97.031), time: 1.007 (0.824), eta: 0:14:42, mem: 16625M
[08/21 11:18:14][INFO] trainer.py:  77: iter: 010940, lr: 0.00001, loss: 0.874704 (1.094221), tok1: 97.344 (90.733), tok5: 99.375 (97.033), time: 0.721 (0.824), eta: 0:14:33, mem: 16625M
[08/21 11:18:23][INFO] trainer.py:  77: iter: 010950, lr: 0.00001, loss: 0.854256 (1.094002), tok1: 97.812 (90.739), tok5: 99.844 (97.035), time: 0.971 (0.824), eta: 0:14:25, mem: 16625M
[08/21 11:18:30][INFO] trainer.py:  77: iter: 010960, lr: 0.00001, loss: 0.881043 (1.093807), tok1: 96.761 (90.745), tok5: 99.105 (97.037), time: 0.690 (0.824), eta: 0:14:17, mem: 16625M
[08/21 11:18:40][INFO] trainer.py:  77: iter: 010970, lr: 0.00001, loss: 0.861941 (1.093596), tok1: 97.500 (90.751), tok5: 99.531 (97.039), time: 0.949 (0.824), eta: 0:14:09, mem: 16625M
[08/21 11:18:50][INFO] trainer.py:  77: iter: 010980, lr: 0.00001, loss: 0.853830 (1.093378), tok1: 98.125 (90.757), tok5: 99.844 (97.042), time: 0.999 (0.825), eta: 0:14:01, mem: 16625M
[08/21 11:18:57][INFO] trainer.py:  77: iter: 010990, lr: 0.00001, loss: 0.876352 (1.093180), tok1: 97.812 (90.764), tok5: 99.375 (97.044), time: 0.727 (0.824), eta: 0:13:52, mem: 16625M
[08/21 11:19:07][INFO] trainer.py:  77: iter: 011000, lr: 0.00001, loss: 0.866006 (1.092974), tok1: 97.344 (90.770), tok5: 99.688 (97.046), time: 0.947 (0.825), eta: 0:13:44, mem: 16625M
[08/21 11:19:07][INFO] checkpoint.py:  46: Saving checkpoint to outputs/x3d-s_clipgcn_tensor_cs_70_10_20_zsl_45_10_coco17_182/model_011000.pth
[08/21 11:19:07][INFO] inference.py:  51: Evaluating CLIPGCN_TENSOR dataset(449 video clips):
  0%|          | 0/8 [00:00<?, ?it/s] 12%|█▎        | 1/8 [00:04<00:34,  4.98s/it] 25%|██▌       | 2/8 [00:05<00:13,  2.18s/it] 38%|███▊      | 3/8 [00:05<00:06,  1.28s/it] 50%|█████     | 4/8 [00:05<00:03,  1.16it/s] 62%|██████▎   | 5/8 [00:05<00:01,  1.59it/s] 75%|███████▌  | 6/8 [00:06<00:00,  2.04it/s] 88%|████████▊ | 7/8 [00:06<00:00,  2.50it/s]100%|██████████| 8/8 [00:06<00:00,  1.26it/s]
[08/21 11:19:13][INFO] inference.py:  61: 
total - top1 acc: 89.844 top5 acc: 99.414
0   - A001                 - acc: 90.00
1   - A002                 - acc: 80.00
2   - A003                 - acc: 50.00
3   - A004                 - acc: 70.00
4   - A005                 - acc: 0.0
5   - A006                 - acc: 90.00
6   - A007                 - acc: 0.0
7   - A008                 - acc: 0.0
8   - A009                 - acc: 0.0
9   - A010                 - acc: 90.00
10  - A011                 - acc: 80.00
11  - A012                 - acc: 80.00
12  - A013                 - acc: 0.0
13  - A014                 - acc: 80.00
14  - A015                 - acc: 0.0
15  - A016                 - acc: 100.00
16  - A017                 - acc: 80.00
17  - A018                 - acc: 100.00
18  - A019                 - acc: 0.0
19  - A020                 - acc: 0.0
20  - A021                 - acc: 100.00
21  - A022                 - acc: 100.00
22  - A023                 - acc: 90.00
23  - A024                 - acc: 100.00
24  - A025                 - acc: 90.00
25  - A026                 - acc: 80.00
26  - A027                 - acc: 100.00
27  - A028                 - acc: 80.00
28  - A029                 - acc: 100.00
29  - A030                 - acc: 70.00
30  - A031                 - acc: 90.00
31  - A032                 - acc: 90.00
32  - A033                 - acc: 80.00
33  - A034                 - acc: 90.00
34  - A035                 - acc: 0.0
35  - A036                 - acc: 90.00
36  - A037                 - acc: 60.00
37  - A038                 - acc: 80.00
38  - A039                 - acc: 100.00
39  - A040                 - acc: 90.00
40  - A041                 - acc: 80.00
41  - A042                 - acc: 100.00
42  - A043                 - acc: 100.00
43  - A044                 - acc: 100.00
44  - A045                 - acc: 90.00
45  - A046                 - acc: 80.00
46  - A047                 - acc: 100.00
47  - A048                 - acc: 0.0
48  - A049                 - acc: 100.00
49  - A050                 - acc: 88.89
50  - A051                 - acc: 70.00
51  - A052                 - acc: 100.00
52  - A053                 - acc: 100.00
53  - A054                 - acc: 100.00
54  - A055                 - acc: 100.00

[08/21 11:19:21][INFO] trainer.py:  77: iter: 011010, lr: 0.00001, loss: 0.872503 (1.092773), tok1: 96.719 (90.775), tok5: 99.844 (97.049), time: 1.434 (0.825), eta: 0:13:36, mem: 16625M
[08/21 11:19:28][INFO] trainer.py:  77: iter: 011020, lr: 0.00001, loss: 0.871854 (1.092573), tok1: 96.562 (90.780), tok5: 99.844 (97.052), time: 0.726 (0.825), eta: 0:13:28, mem: 16625M
[08/21 11:19:35][INFO] trainer.py:  77: iter: 011030, lr: 0.00001, loss: 0.858538 (1.092361), tok1: 97.656 (90.787), tok5: 99.688 (97.054), time: 0.721 (0.825), eta: 0:13:20, mem: 16625M
[08/21 11:19:42][INFO] trainer.py:  77: iter: 011040, lr: 0.00001, loss: 0.860144 (1.092150), tok1: 97.073 (90.792), tok5: 100.000 (97.057), time: 0.695 (0.825), eta: 0:13:11, mem: 16625M
[08/21 11:19:50][INFO] trainer.py:  77: iter: 011050, lr: 0.00001, loss: 0.849312 (1.091931), tok1: 98.125 (90.799), tok5: 99.688 (97.059), time: 0.721 (0.825), eta: 0:13:03, mem: 16625M
[08/21 11:19:57][INFO] trainer.py:  77: iter: 011060, lr: 0.00001, loss: 0.860457 (1.091721), tok1: 97.969 (90.806), tok5: 99.375 (97.061), time: 0.726 (0.825), eta: 0:12:55, mem: 16625M
[08/21 11:20:04][INFO] trainer.py:  77: iter: 011070, lr: 0.00001, loss: 0.852419 (1.091505), tok1: 97.969 (90.812), tok5: 100.000 (97.064), time: 0.729 (0.825), eta: 0:12:46, mem: 16625M
[08/21 11:20:13][INFO] trainer.py:  77: iter: 011080, lr: 0.00001, loss: 0.866366 (1.091302), tok1: 97.969 (90.818), tok5: 99.219 (97.066), time: 0.882 (0.825), eta: 0:12:38, mem: 16625M
[08/21 11:20:22][INFO] trainer.py:  77: iter: 011090, lr: 0.00001, loss: 0.862467 (1.091096), tok1: 97.812 (90.825), tok5: 99.844 (97.068), time: 0.932 (0.825), eta: 0:12:30, mem: 16625M
[08/21 11:20:29][INFO] trainer.py:  77: iter: 011100, lr: 0.00001, loss: 0.859934 (1.090887), tok1: 97.344 (90.831), tok5: 100.000 (97.071), time: 0.723 (0.825), eta: 0:12:22, mem: 16625M
[08/21 11:20:40][INFO] trainer.py:  77: iter: 011110, lr: 0.00001, loss: 0.857393 (1.090677), tok1: 98.125 (90.837), tok5: 99.688 (97.073), time: 1.020 (0.825), eta: 0:12:14, mem: 16625M
[08/21 11:20:47][INFO] trainer.py:  77: iter: 011120, lr: 0.00001, loss: 0.873680 (1.090482), tok1: 97.656 (90.843), tok5: 99.531 (97.075), time: 0.719 (0.825), eta: 0:12:05, mem: 16625M
[08/21 11:20:54][INFO] trainer.py:  77: iter: 011130, lr: 0.00001, loss: 0.892069 (1.090304), tok1: 96.845 (90.849), tok5: 99.417 (97.078), time: 0.690 (0.825), eta: 0:11:57, mem: 16625M
[08/21 11:21:01][INFO] trainer.py:  77: iter: 011140, lr: 0.00001, loss: 0.866076 (1.090103), tok1: 97.812 (90.855), tok5: 99.375 (97.080), time: 0.730 (0.824), eta: 0:11:49, mem: 16625M
[08/21 11:21:08][INFO] trainer.py:  77: iter: 011150, lr: 0.00001, loss: 0.848053 (1.089885), tok1: 97.656 (90.861), tok5: 100.000 (97.082), time: 0.721 (0.824), eta: 0:11:40, mem: 16625M
[08/21 11:21:16][INFO] trainer.py:  77: iter: 011160, lr: 0.00001, loss: 0.890876 (1.089707), tok1: 96.719 (90.866), tok5: 99.062 (97.084), time: 0.759 (0.824), eta: 0:11:32, mem: 16625M
[08/21 11:21:23][INFO] trainer.py:  77: iter: 011170, lr: 0.00001, loss: 0.879650 (1.089519), tok1: 96.719 (90.872), tok5: 99.688 (97.086), time: 0.765 (0.824), eta: 0:11:24, mem: 16625M
[08/21 11:21:31][INFO] trainer.py:  77: iter: 011180, lr: 0.00001, loss: 0.868856 (1.089322), tok1: 97.812 (90.878), tok5: 99.375 (97.088), time: 0.721 (0.824), eta: 0:11:15, mem: 16625M
[08/21 11:21:39][INFO] trainer.py:  77: iter: 011190, lr: 0.00001, loss: 0.845875 (1.089104), tok1: 98.438 (90.885), tok5: 99.688 (97.091), time: 0.854 (0.824), eta: 0:11:07, mem: 16625M
[08/21 11:21:46][INFO] trainer.py:  77: iter: 011200, lr: 0.00001, loss: 0.890648 (1.088927), tok1: 96.719 (90.890), tok5: 98.750 (97.092), time: 0.720 (0.824), eta: 0:10:59, mem: 16625M
[08/21 11:21:56][INFO] trainer.py:  77: iter: 011210, lr: 0.00001, loss: 0.885558 (1.088746), tok1: 97.656 (90.896), tok5: 99.062 (97.094), time: 0.958 (0.824), eta: 0:10:51, mem: 16625M
[08/21 11:22:06][INFO] trainer.py:  77: iter: 011220, lr: 0.00001, loss: 0.880759 (1.088560), tok1: 97.344 (90.901), tok5: 99.531 (97.096), time: 0.988 (0.824), eta: 0:10:42, mem: 16625M
[08/21 11:22:13][INFO] trainer.py:  77: iter: 011230, lr: 0.00001, loss: 0.873610 (1.088369), tok1: 97.188 (90.907), tok5: 99.688 (97.098), time: 0.720 (0.824), eta: 0:10:34, mem: 16625M
[08/21 11:22:23][INFO] trainer.py:  77: iter: 011240, lr: 0.00001, loss: 0.877560 (1.088181), tok1: 97.344 (90.913), tok5: 99.375 (97.100), time: 0.944 (0.824), eta: 0:10:26, mem: 16625M
[08/21 11:22:31][INFO] trainer.py:  77: iter: 011250, lr: 0.00001, loss: 0.882566 (1.087998), tok1: 96.719 (90.918), tok5: 99.844 (97.103), time: 0.898 (0.824), eta: 0:10:18, mem: 16625M
[08/21 11:22:39][INFO] trainer.py:  77: iter: 011260, lr: 0.00001, loss: 0.875674 (1.087810), tok1: 97.812 (90.924), tok5: 99.688 (97.105), time: 0.722 (0.824), eta: 0:10:10, mem: 16625M
[08/21 11:22:48][INFO] trainer.py:  77: iter: 011270, lr: 0.00001, loss: 0.874402 (1.087621), tok1: 97.344 (90.930), tok5: 99.219 (97.107), time: 0.906 (0.824), eta: 0:10:01, mem: 16625M
[08/21 11:22:55][INFO] trainer.py:  77: iter: 011280, lr: 0.00001, loss: 0.849443 (1.087409), tok1: 97.969 (90.936), tok5: 99.688 (97.109), time: 0.724 (0.824), eta: 0:09:53, mem: 16625M
[08/21 11:23:04][INFO] trainer.py:  77: iter: 011290, lr: 0.00001, loss: 0.890898 (1.087235), tok1: 95.866 (90.940), tok5: 99.261 (97.111), time: 0.856 (0.824), eta: 0:09:45, mem: 16625M
[08/21 11:23:13][INFO] trainer.py:  77: iter: 011300, lr: 0.00001, loss: 0.867024 (1.087040), tok1: 97.656 (90.946), tok5: 99.531 (97.113), time: 0.966 (0.824), eta: 0:09:37, mem: 16625M
[08/21 11:23:20][INFO] trainer.py:  77: iter: 011310, lr: 0.00001, loss: 0.841687 (1.086824), tok1: 98.281 (90.953), tok5: 99.844 (97.116), time: 0.723 (0.824), eta: 0:09:28, mem: 16625M
[08/21 11:23:29][INFO] trainer.py:  77: iter: 011320, lr: 0.00001, loss: 0.862040 (1.086625), tok1: 97.812 (90.959), tok5: 99.844 (97.118), time: 0.857 (0.824), eta: 0:09:20, mem: 16625M
[08/21 11:23:38][INFO] trainer.py:  77: iter: 011330, lr: 0.00001, loss: 0.861660 (1.086426), tok1: 97.812 (90.965), tok5: 99.688 (97.120), time: 0.916 (0.824), eta: 0:09:12, mem: 16625M
[08/21 11:23:45][INFO] trainer.py:  77: iter: 011340, lr: 0.00001, loss: 0.867096 (1.086233), tok1: 97.188 (90.970), tok5: 99.844 (97.123), time: 0.720 (0.824), eta: 0:09:04, mem: 16625M
[08/21 11:23:55][INFO] trainer.py:  77: iter: 011350, lr: 0.00001, loss: 0.862484 (1.086036), tok1: 97.969 (90.977), tok5: 99.844 (97.125), time: 0.950 (0.825), eta: 0:08:55, mem: 16625M
[08/21 11:24:02][INFO] trainer.py:  77: iter: 011360, lr: 0.00001, loss: 0.840780 (1.085820), tok1: 98.750 (90.983), tok5: 99.844 (97.128), time: 0.718 (0.824), eta: 0:08:47, mem: 16625M
[08/21 11:24:11][INFO] trainer.py:  77: iter: 011370, lr: 0.00001, loss: 0.886107 (1.085644), tok1: 96.094 (90.988), tok5: 99.531 (97.130), time: 0.901 (0.824), eta: 0:08:39, mem: 16625M
[08/21 11:24:21][INFO] trainer.py:  77: iter: 011380, lr: 0.00001, loss: 0.869442 (1.085454), tok1: 97.812 (90.994), tok5: 99.688 (97.132), time: 0.969 (0.825), eta: 0:08:31, mem: 16625M
[08/21 11:24:28][INFO] trainer.py:  77: iter: 011390, lr: 0.00001, loss: 0.858809 (1.085255), tok1: 97.500 (91.000), tok5: 99.844 (97.134), time: 0.723 (0.825), eta: 0:08:22, mem: 16625M
[08/21 11:24:38][INFO] trainer.py:  77: iter: 011400, lr: 0.00001, loss: 0.859938 (1.085058), tok1: 98.281 (91.006), tok5: 99.844 (97.137), time: 0.982 (0.825), eta: 0:08:14, mem: 16625M
[08/21 11:24:46][INFO] trainer.py:  77: iter: 011410, lr: 0.00001, loss: 0.867354 (1.084867), tok1: 97.031 (91.011), tok5: 99.375 (97.139), time: 0.823 (0.825), eta: 0:08:06, mem: 16625M
[08/21 11:24:53][INFO] trainer.py:  77: iter: 011420, lr: 0.00001, loss: 0.882923 (1.084690), tok1: 97.031 (91.017), tok5: 99.531 (97.141), time: 0.717 (0.825), eta: 0:07:58, mem: 16625M
[08/21 11:25:00][INFO] trainer.py:  77: iter: 011430, lr: 0.00001, loss: 0.867936 (1.084500), tok1: 97.188 (91.022), tok5: 99.531 (97.143), time: 0.718 (0.824), eta: 0:07:49, mem: 16625M
[08/21 11:25:08][INFO] trainer.py:  77: iter: 011440, lr: 0.00001, loss: 0.879421 (1.084321), tok1: 97.188 (91.027), tok5: 99.531 (97.145), time: 0.723 (0.824), eta: 0:07:41, mem: 16625M
[08/21 11:25:17][INFO] trainer.py:  77: iter: 011450, lr: 0.00001, loss: 0.880739 (1.084143), tok1: 96.562 (91.032), tok5: 99.531 (97.147), time: 0.899 (0.824), eta: 0:07:33, mem: 16625M
[08/21 11:25:27][INFO] trainer.py:  77: iter: 011460, lr: 0.00001, loss: 0.855836 (1.083944), tok1: 97.855 (91.038), tok5: 99.375 (97.149), time: 1.036 (0.825), eta: 0:07:25, mem: 16625M
[08/21 11:25:34][INFO] trainer.py:  77: iter: 011470, lr: 0.00001, loss: 0.923979 (1.083805), tok1: 95.156 (91.042), tok5: 99.062 (97.151), time: 0.725 (0.825), eta: 0:07:17, mem: 16625M
[08/21 11:25:43][INFO] trainer.py:  77: iter: 011480, lr: 0.00001, loss: 0.865321 (1.083614), tok1: 97.969 (91.048), tok5: 99.844 (97.153), time: 0.863 (0.825), eta: 0:07:08, mem: 16625M
[08/21 11:25:52][INFO] trainer.py:  77: iter: 011490, lr: 0.00001, loss: 0.840963 (1.083403), tok1: 98.281 (91.054), tok5: 99.844 (97.155), time: 0.928 (0.825), eta: 0:07:00, mem: 16625M
[08/21 11:25:59][INFO] trainer.py:  77: iter: 011500, lr: 0.00001, loss: 0.861236 (1.083210), tok1: 97.656 (91.060), tok5: 99.531 (97.157), time: 0.727 (0.825), eta: 0:06:52, mem: 16625M
[08/21 11:25:59][INFO] checkpoint.py:  46: Saving checkpoint to outputs/x3d-s_clipgcn_tensor_cs_70_10_20_zsl_45_10_coco17_182/model_011500.pth
[08/21 11:26:00][INFO] inference.py:  51: Evaluating CLIPGCN_TENSOR dataset(449 video clips):
  0%|          | 0/8 [00:00<?, ?it/s] 12%|█▎        | 1/8 [00:07<00:50,  7.16s/it] 25%|██▌       | 2/8 [00:07<00:18,  3.08s/it] 38%|███▊      | 3/8 [00:07<00:08,  1.77s/it] 50%|█████     | 4/8 [00:07<00:04,  1.16s/it] 62%|██████▎   | 5/8 [00:08<00:02,  1.22it/s] 75%|███████▌  | 6/8 [00:08<00:01,  1.63it/s] 88%|████████▊ | 7/8 [00:08<00:00,  2.07it/s]100%|██████████| 8/8 [00:08<00:00,  1.06s/it]
[08/21 11:26:08][INFO] inference.py:  61: 
total - top1 acc: 89.648 top5 acc: 99.414
0   - A001                 - acc: 80.00
1   - A002                 - acc: 80.00
2   - A003                 - acc: 50.00
3   - A004                 - acc: 60.00
4   - A005                 - acc: 0.0
5   - A006                 - acc: 90.00
6   - A007                 - acc: 0.0
7   - A008                 - acc: 0.0
8   - A009                 - acc: 0.0
9   - A010                 - acc: 90.00
10  - A011                 - acc: 80.00
11  - A012                 - acc: 80.00
12  - A013                 - acc: 0.0
13  - A014                 - acc: 80.00
14  - A015                 - acc: 0.0
15  - A016                 - acc: 100.00
16  - A017                 - acc: 80.00
17  - A018                 - acc: 100.00
18  - A019                 - acc: 0.0
19  - A020                 - acc: 0.0
20  - A021                 - acc: 100.00
21  - A022                 - acc: 100.00
22  - A023                 - acc: 90.00
23  - A024                 - acc: 100.00
24  - A025                 - acc: 90.00
25  - A026                 - acc: 80.00
26  - A027                 - acc: 100.00
27  - A028                 - acc: 90.00
28  - A029                 - acc: 100.00
29  - A030                 - acc: 70.00
30  - A031                 - acc: 90.00
31  - A032                 - acc: 90.00
32  - A033                 - acc: 80.00
33  - A034                 - acc: 90.00
34  - A035                 - acc: 0.0
35  - A036                 - acc: 90.00
36  - A037                 - acc: 60.00
37  - A038                 - acc: 80.00
38  - A039                 - acc: 100.00
39  - A040                 - acc: 90.00
40  - A041                 - acc: 80.00
41  - A042                 - acc: 100.00
42  - A043                 - acc: 100.00
43  - A044                 - acc: 100.00
44  - A045                 - acc: 90.00
45  - A046                 - acc: 80.00
46  - A047                 - acc: 100.00
47  - A048                 - acc: 0.0
48  - A049                 - acc: 100.00
49  - A050                 - acc: 88.89
50  - A051                 - acc: 70.00
51  - A052                 - acc: 100.00
52  - A053                 - acc: 100.00
53  - A054                 - acc: 100.00
54  - A055                 - acc: 100.00

[08/21 11:26:16][INFO] trainer.py:  77: iter: 011510, lr: 0.00001, loss: 0.865146 (1.083020), tok1: 97.656 (91.066), tok5: 99.531 (97.160), time: 1.641 (0.825), eta: 0:06:44, mem: 16625M
[08/21 11:26:23][INFO] trainer.py:  77: iter: 011520, lr: 0.00001, loss: 0.848757 (1.082817), tok1: 97.500 (91.071), tok5: 99.531 (97.162), time: 0.729 (0.825), eta: 0:06:36, mem: 16625M
[08/21 11:26:30][INFO] trainer.py:  77: iter: 011530, lr: 0.00001, loss: 0.856577 (1.082621), tok1: 98.594 (91.078), tok5: 99.219 (97.163), time: 0.730 (0.825), eta: 0:06:27, mem: 16625M
[08/21 11:26:37][INFO] trainer.py:  77: iter: 011540, lr: 0.00001, loss: 0.844312 (1.082414), tok1: 98.792 (91.084), tok5: 99.844 (97.166), time: 0.702 (0.825), eta: 0:06:19, mem: 16625M
[08/21 11:26:45][INFO] trainer.py:  77: iter: 011550, lr: 0.00001, loss: 0.876979 (1.082237), tok1: 97.500 (91.090), tok5: 99.531 (97.168), time: 0.724 (0.825), eta: 0:06:11, mem: 16625M
[08/21 11:26:52][INFO] trainer.py:  77: iter: 011560, lr: 0.00001, loss: 0.867899 (1.082051), tok1: 97.188 (91.095), tok5: 100.000 (97.170), time: 0.720 (0.825), eta: 0:06:02, mem: 16625M
[08/21 11:26:59][INFO] trainer.py:  77: iter: 011570, lr: 0.00001, loss: 0.889378 (1.081885), tok1: 96.250 (91.100), tok5: 99.062 (97.172), time: 0.720 (0.825), eta: 0:05:54, mem: 16625M
[08/21 11:27:06][INFO] trainer.py:  77: iter: 011580, lr: 0.00001, loss: 0.873344 (1.081705), tok1: 97.031 (91.105), tok5: 99.375 (97.174), time: 0.721 (0.825), eta: 0:05:46, mem: 16625M
[08/21 11:27:15][INFO] trainer.py:  77: iter: 011590, lr: 0.00001, loss: 0.883391 (1.081533), tok1: 97.031 (91.110), tok5: 99.375 (97.176), time: 0.880 (0.825), eta: 0:05:38, mem: 16625M
[08/21 11:27:22][INFO] trainer.py:  77: iter: 011600, lr: 0.00001, loss: 0.875551 (1.081356), tok1: 97.812 (91.116), tok5: 99.531 (97.178), time: 0.725 (0.825), eta: 0:05:29, mem: 16625M
[08/21 11:27:32][INFO] trainer.py:  77: iter: 011610, lr: 0.00001, loss: 0.847003 (1.081154), tok1: 97.969 (91.122), tok5: 100.000 (97.180), time: 0.953 (0.825), eta: 0:05:21, mem: 16625M
[08/21 11:27:39][INFO] trainer.py:  77: iter: 011620, lr: 0.00001, loss: 0.871419 (1.080973), tok1: 98.125 (91.128), tok5: 99.688 (97.182), time: 0.753 (0.825), eta: 0:05:13, mem: 16625M
[08/21 11:27:47][INFO] trainer.py:  77: iter: 011630, lr: 0.00001, loss: 0.881025 (1.080802), tok1: 97.500 (91.133), tok5: 99.531 (97.184), time: 0.723 (0.825), eta: 0:05:05, mem: 16625M
[08/21 11:27:57][INFO] trainer.py:  77: iter: 011640, lr: 0.00001, loss: 0.874821 (1.080625), tok1: 97.031 (91.138), tok5: 99.375 (97.186), time: 0.990 (0.825), eta: 0:04:56, mem: 16625M
[08/21 11:28:05][INFO] trainer.py:  77: iter: 011650, lr: 0.00001, loss: 0.854053 (1.080430), tok1: 97.656 (91.144), tok5: 99.844 (97.188), time: 0.840 (0.825), eta: 0:04:48, mem: 16625M
[08/21 11:28:12][INFO] trainer.py:  77: iter: 011660, lr: 0.00001, loss: 0.868637 (1.080248), tok1: 97.344 (91.149), tok5: 99.844 (97.191), time: 0.725 (0.825), eta: 0:04:40, mem: 16625M
[08/21 11:28:21][INFO] trainer.py:  77: iter: 011670, lr: 0.00001, loss: 0.862281 (1.080062), tok1: 97.500 (91.154), tok5: 99.531 (97.193), time: 0.891 (0.825), eta: 0:04:32, mem: 16625M
[08/21 11:28:28][INFO] trainer.py:  77: iter: 011680, lr: 0.00001, loss: 0.836052 (1.079853), tok1: 99.219 (91.161), tok5: 99.844 (97.195), time: 0.731 (0.825), eta: 0:04:23, mem: 16625M
[08/21 11:28:37][INFO] trainer.py:  77: iter: 011690, lr: 0.00001, loss: 0.856636 (1.079662), tok1: 97.812 (91.167), tok5: 99.688 (97.197), time: 0.845 (0.825), eta: 0:04:15, mem: 16625M
[08/21 11:28:47][INFO] trainer.py:  77: iter: 011700, lr: 0.00001, loss: 0.864421 (1.079478), tok1: 98.281 (91.173), tok5: 100.000 (97.199), time: 0.991 (0.825), eta: 0:04:07, mem: 16625M
[08/21 11:28:54][INFO] trainer.py:  77: iter: 011710, lr: 0.00001, loss: 0.863844 (1.079294), tok1: 97.855 (91.179), tok5: 99.531 (97.201), time: 0.695 (0.825), eta: 0:03:59, mem: 16625M
[08/21 11:29:03][INFO] trainer.py:  77: iter: 011720, lr: 0.00001, loss: 0.868277 (1.079114), tok1: 97.031 (91.184), tok5: 99.375 (97.203), time: 0.945 (0.825), eta: 0:03:50, mem: 16625M
[08/21 11:29:12][INFO] trainer.py:  77: iter: 011730, lr: 0.00001, loss: 0.851759 (1.078920), tok1: 98.438 (91.190), tok5: 99.688 (97.205), time: 0.871 (0.825), eta: 0:03:42, mem: 16625M
[08/21 11:29:19][INFO] trainer.py:  77: iter: 011740, lr: 0.00001, loss: 0.844209 (1.078720), tok1: 98.281 (91.196), tok5: 100.000 (97.208), time: 0.726 (0.825), eta: 0:03:34, mem: 16625M
[08/21 11:29:28][INFO] trainer.py:  77: iter: 011750, lr: 0.00001, loss: 0.872829 (1.078545), tok1: 97.344 (91.201), tok5: 99.531 (97.210), time: 0.885 (0.825), eta: 0:03:26, mem: 16625M
[08/21 11:29:35][INFO] trainer.py:  77: iter: 011760, lr: 0.00001, loss: 0.884726 (1.078380), tok1: 96.406 (91.206), tok5: 99.688 (97.212), time: 0.728 (0.825), eta: 0:03:17, mem: 16625M
[08/21 11:29:45][INFO] trainer.py:  77: iter: 011770, lr: 0.00001, loss: 0.846174 (1.078183), tok1: 98.281 (91.212), tok5: 99.688 (97.214), time: 0.926 (0.825), eta: 0:03:09, mem: 16625M
[08/21 11:29:53][INFO] trainer.py:  77: iter: 011780, lr: 0.00001, loss: 0.876337 (1.078011), tok1: 97.500 (91.217), tok5: 99.531 (97.216), time: 0.830 (0.825), eta: 0:03:01, mem: 16625M
[08/21 11:30:00][INFO] trainer.py:  77: iter: 011790, lr: 0.00001, loss: 0.895189 (1.077856), tok1: 95.980 (91.221), tok5: 99.062 (97.218), time: 0.697 (0.825), eta: 0:02:53, mem: 16625M
[08/21 11:30:09][INFO] trainer.py:  77: iter: 011800, lr: 0.00001, loss: 0.874482 (1.077684), tok1: 97.188 (91.226), tok5: 99.531 (97.220), time: 0.892 (0.825), eta: 0:02:44, mem: 16625M
[08/21 11:30:18][INFO] trainer.py:  77: iter: 011810, lr: 0.00001, loss: 0.885233 (1.077521), tok1: 96.562 (91.231), tok5: 98.906 (97.221), time: 0.893 (0.825), eta: 0:02:36, mem: 16625M
[08/21 11:30:25][INFO] trainer.py:  77: iter: 011820, lr: 0.00001, loss: 0.912770 (1.077382), tok1: 95.469 (91.234), tok5: 98.750 (97.222), time: 0.728 (0.825), eta: 0:02:28, mem: 16625M
[08/21 11:30:33][INFO] trainer.py:  77: iter: 011830, lr: 0.00001, loss: 0.830435 (1.077173), tok1: 98.906 (91.241), tok5: 99.844 (97.224), time: 0.836 (0.825), eta: 0:02:20, mem: 16625M
[08/21 11:30:41][INFO] trainer.py:  77: iter: 011840, lr: 0.00001, loss: 0.843865 (1.076976), tok1: 98.438 (91.247), tok5: 99.688 (97.227), time: 0.724 (0.825), eta: 0:02:11, mem: 16625M
[08/21 11:30:50][INFO] trainer.py:  77: iter: 011850, lr: 0.00001, loss: 0.851285 (1.076785), tok1: 97.969 (91.253), tok5: 100.000 (97.229), time: 0.986 (0.825), eta: 0:02:03, mem: 16625M
[08/21 11:31:00][INFO] trainer.py:  77: iter: 011860, lr: 0.00001, loss: 0.846423 (1.076591), tok1: 98.125 (91.258), tok5: 99.844 (97.231), time: 0.971 (0.825), eta: 0:01:55, mem: 16625M
[08/21 11:31:07][INFO] trainer.py:  77: iter: 011870, lr: 0.00001, loss: 0.865709 (1.076413), tok1: 97.656 (91.264), tok5: 99.531 (97.233), time: 0.692 (0.825), eta: 0:01:47, mem: 16625M
[08/21 11:31:17][INFO] trainer.py:  77: iter: 011880, lr: 0.00001, loss: 0.874322 (1.076243), tok1: 97.031 (91.269), tok5: 99.375 (97.235), time: 1.005 (0.825), eta: 0:01:38, mem: 16625M
[08/21 11:31:26][INFO] trainer.py:  77: iter: 011890, lr: 0.00001, loss: 0.882422 (1.076080), tok1: 96.875 (91.273), tok5: 99.375 (97.237), time: 0.868 (0.825), eta: 0:01:30, mem: 16625M
[08/21 11:31:33][INFO] trainer.py:  77: iter: 011900, lr: 0.00001, loss: 0.849656 (1.075890), tok1: 98.281 (91.279), tok5: 99.844 (97.239), time: 0.723 (0.825), eta: 0:01:22, mem: 16625M
[08/21 11:31:42][INFO] trainer.py:  77: iter: 011910, lr: 0.00001, loss: 0.855400 (1.075705), tok1: 97.500 (91.284), tok5: 99.531 (97.241), time: 0.887 (0.825), eta: 0:01:14, mem: 16625M
[08/21 11:31:49][INFO] trainer.py:  77: iter: 011920, lr: 0.00001, loss: 0.864102 (1.075527), tok1: 97.812 (91.290), tok5: 99.375 (97.243), time: 0.719 (0.825), eta: 0:01:05, mem: 16625M
[08/21 11:31:58][INFO] trainer.py:  77: iter: 011930, lr: 0.00001, loss: 0.869725 (1.075355), tok1: 98.125 (91.296), tok5: 99.219 (97.244), time: 0.848 (0.825), eta: 0:00:57, mem: 16625M
[08/21 11:32:06][INFO] trainer.py:  77: iter: 011940, lr: 0.00001, loss: 0.861853 (1.075176), tok1: 97.812 (91.301), tok5: 99.531 (97.246), time: 0.897 (0.825), eta: 0:00:49, mem: 16625M
[08/21 11:32:14][INFO] trainer.py:  77: iter: 011950, lr: 0.00001, loss: 0.869338 (1.075004), tok1: 97.656 (91.306), tok5: 99.375 (97.248), time: 0.723 (0.825), eta: 0:00:41, mem: 16625M
[08/21 11:32:21][INFO] trainer.py:  77: iter: 011960, lr: 0.00001, loss: 0.843796 (1.074810), tok1: 98.594 (91.312), tok5: 100.000 (97.250), time: 0.696 (0.825), eta: 0:00:32, mem: 16625M
[08/21 11:32:28][INFO] trainer.py:  77: iter: 011970, lr: 0.00001, loss: 0.867998 (1.074638), tok1: 97.656 (91.318), tok5: 99.844 (97.252), time: 0.715 (0.825), eta: 0:00:24, mem: 16625M
[08/21 11:32:35][INFO] trainer.py:  77: iter: 011980, lr: 0.00001, loss: 0.848558 (1.074449), tok1: 98.438 (91.324), tok5: 99.688 (97.254), time: 0.715 (0.825), eta: 0:00:16, mem: 16625M
[08/21 11:32:42][INFO] trainer.py:  77: iter: 011990, lr: 0.00001, loss: 0.864246 (1.074274), tok1: 97.812 (91.329), tok5: 99.375 (97.256), time: 0.715 (0.824), eta: 0:00:08, mem: 16625M
[08/21 11:32:49][INFO] trainer.py:  77: iter: 012000, lr: 0.00001, loss: 0.847526 (1.074085), tok1: 97.969 (91.335), tok5: 99.688 (97.258), time: 0.716 (0.824), eta: 0:00:00, mem: 16625M
[08/21 11:32:49][INFO] checkpoint.py:  46: Saving checkpoint to outputs/x3d-s_clipgcn_tensor_cs_70_10_20_zsl_45_10_coco17_182/model_012000.pth
[08/21 11:32:49][INFO] trainer.py: 112: Start final evaluating...
[08/21 11:32:50][INFO] inference.py:  51: Evaluating CLIPGCN_TENSOR dataset(449 video clips):
  0%|          | 0/8 [00:00<?, ?it/s] 12%|█▎        | 1/8 [00:03<00:23,  3.37s/it] 25%|██▌       | 2/8 [00:03<00:09,  1.60s/it] 38%|███▊      | 3/8 [00:03<00:04,  1.03it/s] 50%|█████     | 4/8 [00:04<00:02,  1.49it/s] 62%|██████▎   | 5/8 [00:04<00:01,  1.98it/s] 75%|███████▌  | 6/8 [00:04<00:00,  2.46it/s] 88%|████████▊ | 7/8 [00:04<00:00,  2.90it/s]100%|██████████| 8/8 [00:04<00:00,  1.66it/s]
[08/21 11:32:54][INFO] inference.py:  61: 
total - top1 acc: 89.258 top5 acc: 99.219
0   - A001                 - acc: 80.00
1   - A002                 - acc: 80.00
2   - A003                 - acc: 50.00
3   - A004                 - acc: 60.00
4   - A005                 - acc: 0.0
5   - A006                 - acc: 90.00
6   - A007                 - acc: 0.0
7   - A008                 - acc: 0.0
8   - A009                 - acc: 0.0
9   - A010                 - acc: 90.00
10  - A011                 - acc: 80.00
11  - A012                 - acc: 80.00
12  - A013                 - acc: 0.0
13  - A014                 - acc: 80.00
14  - A015                 - acc: 0.0
15  - A016                 - acc: 100.00
16  - A017                 - acc: 80.00
17  - A018                 - acc: 100.00
18  - A019                 - acc: 0.0
19  - A020                 - acc: 0.0
20  - A021                 - acc: 100.00
21  - A022                 - acc: 100.00
22  - A023                 - acc: 90.00
23  - A024                 - acc: 100.00
24  - A025                 - acc: 90.00
25  - A026                 - acc: 80.00
26  - A027                 - acc: 100.00
27  - A028                 - acc: 80.00
28  - A029                 - acc: 90.00
29  - A030                 - acc: 70.00
30  - A031                 - acc: 90.00
31  - A032                 - acc: 80.00
32  - A033                 - acc: 80.00
33  - A034                 - acc: 90.00
34  - A035                 - acc: 0.0
35  - A036                 - acc: 90.00
36  - A037                 - acc: 70.00
37  - A038                 - acc: 80.00
38  - A039                 - acc: 100.00
39  - A040                 - acc: 90.00
40  - A041                 - acc: 80.00
41  - A042                 - acc: 100.00
42  - A043                 - acc: 100.00
43  - A044                 - acc: 100.00
44  - A045                 - acc: 90.00
45  - A046                 - acc: 80.00
46  - A047                 - acc: 100.00
47  - A048                 - acc: 0.0
48  - A049                 - acc: 100.00
49  - A050                 - acc: 88.89
50  - A051                 - acc: 70.00
51  - A052                 - acc: 100.00
52  - A053                 - acc: 100.00
53  - A054                 - acc: 100.00
54  - A055                 - acc: 100.00

[08/21 11:32:55][INFO] checkpoint.py:  46: Saving checkpoint to outputs/x3d-s_clipgcn_tensor_cs_70_10_20_zsl_45_10_coco17_182/model_final.pth
[08/21 11:32:55][INFO] trainer.py: 124: Total training time: 2:44:58 (0.8248 s / it)
